seed,score,lost
9100000,12,False
9100001,12,False
9100002,14,False
9100003,14,False
9100004,12,False
9100005,12,False
9100006,14,False
9100007,12,False
9100008,14,False
9100009,14,False
9100010,10,False
9100011,10,False
9100012,11,False
9100013,10,False
9100014,12,False
9100015,14,False
9100016,11,False
9100017,16,False
9100018,10,False
9100019,12,False
9100020,14,False
9100021,8,False
9100022,9,False
9100023,13,False
9100024,13,False
9100025,14,False
9100026,11,False
9100027,12,False
9100028,11,False
9100029,12,False
9100030,10,False
9100031,14,False
9100032,16,False
9100033,13,False
9100034,12,False
9100035,15,False
9100036,11,False
9100037,9,False
9100038,11,False
9100039,14,False
9100040,10,False
9100041,13,False
9100042,10,False
9100043,12,False
9100044,12,False
9100045,14,False
9100046,12,False
9100047,12,False
9100048,12,False
9100049,6,False
9100050,16,False
9100051,16,False
9100052,11,False
9100053,11,False
9100054,11,False
9100055,10,False
9100056,10,False
9100057,12,False
9100058,14,False
9100059,11,False
9100060,14,False
9100061,12,False
9100062,12,False
9100063,16,False
9100064,16,False
9100065,11,False
9100066,14,False
9100067,11,False
9100068,14,False
9100069,13,False
9100070,12,False
9100071,10,False
9100072,12,False
9100073,10,False
9100074,11,False
9100075,13,False
9100076,12,False
9100077,13,False
9100078,12,False
9100079,10,False
9100080,14,False
9100081,16,False
9100082,14,False
9100083,12,False
9100084,14,False
9100085,14,False
9100086,16,False
9100087,14,False
9100088,14,False
9100089,11,False
9100090,12,False
9100091,12,False
9100092,12,False
9100093,14,False
9100094,14,False
9100095,14,False
9100096,12,False
9100097,10,False
9100098,14,False
9100099,10,False
9100100,14,False
9100101,16,False
9100102,12,False
9100103,12,False
9100104,10,False
9100105,11,False
9100106,14,False
9100107,13,False
9100108,10,False
9100109,12,False
9100110,12,False
9100111,11,False
9100112,13,False
9100113,11,False
9100114,14,False
9100115,14,False
9100116,12,False
9100117,12,False
9100118,14,False
9100119,9,False
9100120,10,False
9100121,14,False
9100122,9,False
9100123,13,False
9100124,10,False
9100125,10,False
9100126,16,False
9100127,14,False
9100128,15,False
9100129,14,False
9100130,13,False
9100131,14,False
9100132,14,False
9100133,15,False
9100134,11,False
9100135,13,False
9100136,10,False
9100137,11,False
9100138,11,False
9100139,10,False
9100140,12,False
9100141,14,False
9100142,12,False
9100143,13,False
9100144,9,False
9100145,14,False
9100146,12,False
9100147,12,False
9100148,12,False
9100149,10,False
9100150,14,False
9100151,14,False
9100152,11,False
9100153,12,False
9100154,12,False
9100155,12,False
9100156,11,False
9100157,13,False
9100158,10,False
9100159,13,False
9100160,16,False
9100161,14,False
9100162,12,False
9100163,13,False
9100164,14,False
9100165,14,False
9100166,10,False
9100167,10,False
9100168,12,False
9100169,13,False
9100170,13,False
9100171,10,False
9100172,16,False
9100173,10,False
9100174,12,False
9100175,13,False
9100176,12,False
9100177,12,False
9100178,12,False
9100179,12,False
9100180,13,False
9100181,12,False
9100182,12,False
9100183,10,False
9100184,12,False
9100185,14,False
9100186,16,False
9100187,10,False
9100188,12,False
9100189,15,False
9100190,13,False
9100191,9,False
9100192,11,False
9100193,12,False
9100194,14,False
9100195,13,False
9100196,12,False
9100197,14,False
9100198,14,False
9100199,12,False
9100200,12,False
9100201,12,False
9100202,11,False
9100203,11,False
9100204,12,False
9100205,12,False
9100206,9,False
9100207,10,False
9100208,11,False
9100209,14,False
9100210,10,False
9100211,12,False
9100212,12,False
9100213,12,False
9100214,12,False
9100215,11,False
9100216,12,False
9100217,14,False
9100218,13,False
9100219,14,False
9100220,10,False
9100221,12,False
9100222,16,False
9100223,8,False
9100224,12,False
9100225,12,False
9100226,10,False
9100227,14,False
9100228,12,False
9100229,10,False
9100230,12,False
9100231,11,False
9100232,13,False
9100233,13,False
9100234,12,False
9100235,12,False
9100236,11,False
9100237,14,False
9100238,14,False
9100239,14,False
9100240,13,False
9100241,12,False
9100242,11,False
9100243,14,False
9100244,10,False
9100245,11,False
9100246,14,False
9100247,11,False
9100248,10,False
9100249,14,False
9100250,13,False
9100251,12,False
9100252,14,False
9100253,13,False
9100254,11,False
9100255,12,False
9100256,14,False
9100257,14,False
9100258,10,False
9100259,13,False
9100260,11,False
9100261,10,False
9100262,14,False
9100263,14,False
9100264,14,False
9100265,11,False
9100266,11,False
9100267,10,False
9100268,12,False
9100269,14,False
9100270,14,False
9100271,12,False
9100272,12,False
9100273,12,False
9100274,10,False
9100275,16,False
9100276,12,False
9100277,11,False
9100278,10,False
9100279,12,False
9100280,9,False
9100281,14,False
9100282,11,False
9100283,13,False
9100284,12,False
9100285,14,False
9100286,13,False
9100287,12,False
9100288,14,False
9100289,9,False
9100290,14,False
9100291,11,False
9100292,12,False
9100293,13,False
9100294,13,False
9100295,11,False
9100296,14,False
9100297,12,False
9100298,12,False
9100299,16,False
9100300,14,False
9100301,10,False
9100302,11,False
9100303,14,False
9100304,12,False
9100305,14,False
9100306,10,False
9100307,16,False
9100308,12,False
9100309,14,False
9100310,9,False
9100311,12,False
9100312,12,False
9100313,10,False
9100314,14,False
9100315,12,False
9100316,14,False
9100317,8,False
9100318,9,False
9100319,11,False
9100320,15,False
9100321,10,False
9100322,11,False
9100323,14,False
9100324,14,False
9100325,12,False
9100326,14,False
9100327,9,False
9100328,12,False
9100329,12,False
9100330,14,False
9100331,14,False
9100332,12,False
9100333,12,False
9100334,12,False
9100335,12,False
9100336,12,False
9100337,14,False
9100338,10,False
9100339,12,False
9100340,9,False
9100341,10,False
9100342,15,False
9100343,11,False
9100344,12,False
9100345,10,False
9100346,18,False
9100347,11,False
9100348,10,False
9100349,12,False
9100350,13,False
9100351,16,False
9100352,12,False
9100353,14,False
9100354,14,False
9100355,13,False
9100356,13,False
9100357,11,False
9100358,11,False
9100359,12,False
9100360,14,False
9100361,10,False
9100362,10,False
9100363,14,False
9100364,10,False
9100365,9,False
9100366,12,False
9100367,12,False
9100368,8,False
9100369,12,False
9100370,12,False
9100371,11,False
9100372,13,False
9100373,18,False
9100374,11,False
9100375,12,False
9100376,11,False
9100377,11,False
9100378,13,False
9100379,10,False
9100380,8,False
9100381,12,False
9100382,10,False
9100383,14,False
9100384,11,False
9100385,10,False
9100386,12,False
9100387,10,False
9100388,12,False
9100389,12,False
9100390,11,False
9100391,13,False
9100392,14,False
9100393,14,False
9100394,10,False
9100395,11,False
9100396,14,False
9100397,11,False
9100398,14,False
9100399,13,False
9100400,14,False
9100401,10,False
9100402,12,False
9100403,12,False
9100404,11,False
9100405,14,False
9100406,14,False
9100407,10,False
9100408,11,False
9100409,14,False
9100410,14,False
9100411,12,False
9100412,12,False
9100413,12,False
9100414,12,False
9100415,12,False
9100416,18,False
9100417,14,False
9100418,11,False
9100419,10,False
9100420,12,False
9100421,11,False
9100422,14,False
9100423,12,False
9100424,11,False
9100425,12,False
9100426,12,False
9100427,14,False
9100428,12,False
9100429,14,False
9100430,12,False
9100431,14,False
9100432,10,False
9100433,12,False
9100434,10,False
9100435,13,False
9100436,12,False
9100437,9,False
9100438,12,False
9100439,12,False
9100440,13,False
9100441,12,False
9100442,10,False
9100443,12,False
9100444,13,False
9100445,14,False
9100446,12,False
9100447,10,False
9100448,13,False
9100449,11,False
9100450,11,False
9100451,12,False
9100452,10,False
9100453,10,False
9100454,11,False
9100455,10,False
9100456,14,False
9100457,12,False
9100458,9,False
9100459,12,False
9100460,13,False
9100461,14,False
9100462,10,False
9100463,12,False
9100464,12,False
9100465,9,False
9100466,10,False
9100467,16,False
9100468,12,False
9100469,13,False
9100470,9,False
9100471,13,False
9100472,12,False
9100473,10,False
9100474,8,False
9100475,13,False
9100476,11,False
9100477,10,False
9100478,13,False
9100479,14,False
9100480,10,False
9100481,4,False
9100482,13,False
9100483,12,False
9100484,12,False
9100485,8,False
9100486,10,False
9100487,8,False
9100488,16,False
9100489,11,False
9100490,11,False
9100491,9,False
9100492,14,False
9100493,14,False
9100494,12,False
9100495,12,False
9100496,10,False
9100497,12,False
9100498,12,False
9100499,13,False
9100500,14,False
9100501,12,False
9100502,13,False
9100503,12,False
9100504,11,False
9100505,10,False
9100506,14,False
9100507,12,False
9100508,12,False
9100509,8,False
9100510,14,False
9100511,11,False
9100512,13,False
9100513,16,False
9100514,16,False
9100515,14,False
9100516,11,False
9100517,12,False
9100518,12,False
9100519,14,False
9100520,10,False
9100521,10,False
9100522,14,False
9100523,10,False
9100524,12,False
9100525,11,False
9100526,10,False
9100527,12,False
9100528,14,False
9100529,12,False
9100530,15,False
9100531,14,False
9100532,10,False
9100533,12,False
9100534,10,False
9100535,15,False
9100536,10,False
9100537,11,False
9100538,14,False
9100539,14,False
9100540,14,False
9100541,12,False
9100542,10,False
9100543,11,False
9100544,12,False
9100545,11,False
9100546,14,False
9100547,14,False
9100548,12,False
9100549,12,False
9100550,14,False
9100551,11,False
9100552,16,False
9100553,8,False
9100554,13,False
9100555,10,False
9100556,10,False
9100557,14,False
9100558,13,False
9100559,13,False
9100560,17,False
9100561,11,False
9100562,14,False
9100563,16,False
9100564,12,False
9100565,14,False
9100566,10,False
9100567,12,False
9100568,12,False
9100569,12,False
9100570,12,False
9100571,12,False
9100572,14,False
9100573,9,False
9100574,12,False
9100575,13,False
9100576,13,False
9100577,12,False
9100578,12,False
9100579,16,False
9100580,12,False
9100581,11,False
9100582,12,False
9100583,16,False
9100584,10,False
9100585,13,False
9100586,12,False
9100587,13,False
9100588,13,False
9100589,14,False
9100590,12,False
9100591,9,False
9100592,7,False
9100593,10,False
9100594,13,False
9100595,11,False
9100596,11,False
9100597,8,False
9100598,16,False
9100599,12,False
9100600,11,False
9100601,14,False
9100602,11,False
9100603,12,False
9100604,9,False
9100605,10,False
9100606,12,False
9100607,14,False
9100608,13,False
9100609,12,False
9100610,12,False
9100611,10,False
9100612,10,False
9100613,12,False
9100614,12,False
9100615,13,False
9100616,14,False
9100617,12,False
9100618,8,False
9100619,14,False
9100620,11,False
9100621,10,False
9100622,11,False
9100623,13,False
9100624,14,False
9100625,12,False
9100626,10,False
9100627,12,False
9100628,16,False
9100629,9,False
9100630,11,False
9100631,10,False
9100632,13,False
9100633,12,False
9100634,11,False
9100635,11,False
9100636,12,False
9100637,10,False
9100638,12,False
9100639,12,False
9100640,13,False
9100641,14,False
9100642,12,False
9100643,11,False
9100644,11,False
9100645,8,False
9100646,10,False
9100647,12,False
9100648,14,False
9100649,12,False
9100650,11,False
9100651,10,False
9100652,9,False
9100653,8,False
9100654,14,False
9100655,10,False
9100656,10,False
9100657,11,False
9100658,12,False
9100659,10,False
9100660,15,False
9100661,14,False
9100662,9,False
9100663,13,False
9100664,16,False
9100665,12,False
9100666,8,False
9100667,12,False
9100668,12,False
9100669,12,False
9100670,12,False
9100671,11,False
9100672,9,False
9100673,16,False
9100674,14,False
9100675,14,False
9100676,10,False
9100677,13,False
9100678,14,False
9100679,12,False
9100680,11,False
9100681,14,False
9100682,12,False
9100683,8,False
9100684,14,False
9100685,12,False
9100686,11,False
9100687,11,False
9100688,9,False
9100689,13,False
9100690,11,False
9100691,14,False
9100692,9,False
9100693,11,False
9100694,10,False
9100695,12,False
9100696,14,False
9100697,13,False
9100698,12,False
9100699,12,False
9100700,14,False
9100701,12,False
9100702,16,False
9100703,10,False
9100704,14,False
9100705,12,False
9100706,10,False
9100707,9,False
9100708,14,False
9100709,9,False
9100710,12,False
9100711,11,False
9100712,11,False
9100713,12,False
9100714,12,False
9100715,9,False
9100716,14,False
9100717,14,False
9100718,11,False
9100719,12,False
9100720,10,False
9100721,14,False
9100722,12,False
9100723,10,False
9100724,16,False
9100725,12,False
9100726,11,False
9100727,12,False
9100728,14,False
9100729,12,False
9100730,12,False
9100731,12,False
9100732,14,False
9100733,14,False
9100734,13,False
9100735,12,False
9100736,12,False
9100737,12,False
9100738,12,False
9100739,12,False
9100740,11,False
9100741,16,False
9100742,16,False
9100743,13,False
9100744,16,False
9100745,16,False
9100746,12,False
9100747,12,False
9100748,13,False
9100749,16,False
9100750,14,False
9100751,14,False
9100752,9,False
9100753,13,False
9100754,10,False
9100755,10,False
9100756,10,False
9100757,14,False
9100758,12,False
9100759,12,False
9100760,12,False
9100761,14,False
9100762,10,False
9100763,13,False
9100764,11,False
9100765,14,False
9100766,14,False
9100767,14,False
9100768,15,False
9100769,11,False
9100770,14,False
9100771,9,False
9100772,10,False
9100773,11,False
9100774,13,False
9100775,10,False
9100776,9,False
9100777,10,False
9100778,11,False
9100779,10,False
9100780,11,False
9100781,13,False
9100782,11,False
9100783,12,False
9100784,13,False
9100785,12,False
9100786,16,False
9100787,16,False
9100788,12,False
9100789,12,False
9100790,11,False
9100791,10,False
9100792,14,False
9100793,13,False
9100794,11,False
9100795,10,False
9100796,14,False
9100797,10,False
9100798,10,False
9100799,12,False
9100800,11,False
9100801,16,False
9100802,12,False
9100803,14,False
9100804,13,False
9100805,10,False
9100806,10,False
9100807,12,False
9100808,15,False
9100809,14,False
9100810,16,False
9100811,12,False
9100812,14,False
9100813,10,False
9100814,8,False
9100815,8,False
9100816,13,False
9100817,12,False
9100818,10,False
9100819,15,False
9100820,14,False
9100821,14,False
9100822,10,False
9100823,11,False
9100824,12,False
9100825,11,False
9100826,12,False
9100827,10,False
9100828,14,False
9100829,15,False
9100830,11,False
9100831,12,False
9100832,11,False
9100833,14,False
9100834,13,False
9100835,12,False
9100836,14,False
9100837,11,False
9100838,11,False
9100839,14,False
9100840,12,False
9100841,10,False
9100842,12,False
9100843,13,False
9100844,10,False
9100845,12,False
9100846,14,False
9100847,9,False
9100848,12,False
9100849,10,False
9100850,12,False
9100851,16,False
9100852,11,False
9100853,12,False
9100854,10,False
9100855,14,False
9100856,10,False
9100857,13,False
9100858,14,False
9100859,13,False
9100860,11,False
9100861,12,False
9100862,12,False
9100863,12,False
9100864,16,False
9100865,6,False
9100866,11,False
9100867,12,False
9100868,12,False
9100869,12,False
9100870,12,False
9100871,13,False
9100872,14,False
9100873,13,False
9100874,10,False
9100875,12,False
9100876,12,False
9100877,12,False
9100878,14,False
9100879,12,False
9100880,12,False
9100881,14,False
9100882,11,False
9100883,12,False
9100884,14,False
9100885,8,False
9100886,12,False
9100887,12,False
9100888,9,False
9100889,12,False
9100890,11,False
9100891,12,False
9100892,12,False
9100893,11,False
9100894,11,False
9100895,10,False
9100896,8,False
9100897,14,False
9100898,12,False
9100899,11,False
9100900,10,False
9100901,14,False
9100902,16,False
9100903,12,False
9100904,11,False
9100905,14,False
9100906,12,False
9100907,14,False
9100908,11,False
9100909,10,False
9100910,13,False
9100911,9,False
9100912,9,False
9100913,11,False
9100914,9,False
9100915,11,False
9100916,12,False
9100917,13,False
9100918,12,False
9100919,12,False
9100920,11,False
9100921,14,False
9100922,14,False
9100923,12,False
9100924,16,False
9100925,14,False
9100926,12,False
9100927,10,False
9100928,12,False
9100929,12,False
9100930,14,False
9100931,13,False
9100932,12,False
9100933,12,False
9100934,11,False
9100935,15,False
9100936,14,False
9100937,13,False
9100938,12,False
9100939,12,False
9100940,12,False
9100941,10,False
9100942,12,False
9100943,12,False
9100944,10,False
9100945,7,False
9100946,14,False
9100947,8,False
9100948,12,False
9100949,12,False
9100950,13,False
9100951,10,False
9100952,10,False
9100953,12,False
9100954,12,False
9100955,12,False
9100956,12,False
9100957,12,False
9100958,11,False
9100959,12,False
9100960,11,False
9100961,11,False
9100962,11,False
9100963,10,False
9100964,14,False
9100965,13,False
9100966,15,False
9100967,11,False
9100968,12,False
9100969,9,False
9100970,12,False
9100971,14,False
9100972,12,False
9100973,12,False
9100974,14,False
9100975,12,False
9100976,12,False
9100977,11,False
9100978,13,False
9100979,12,False
9100980,14,False
9100981,10,False
9100982,12,False
9100983,14,False
9100984,12,False
9100985,11,False
9100986,12,False
9100987,13,False
9100988,12,False
9100989,11,False
9100990,14,False
9100991,7,False
9100992,14,False
9100993,14,False
9100994,11,False
9100995,13,False
9100996,14,False
9100997,11,False
9100998,13,False
9100999,14,False
9101000,12,False
9101001,12,False
9101002,16,False
9101003,12,False
9101004,14,False
9101005,14,False
9101006,12,False
9101007,12,False
9101008,12,False
9101009,14,False
9101010,14,False
9101011,12,False
9101012,14,False
9101013,12,False
9101014,16,False
9101015,6,False
9101016,10,False
9101017,14,False
9101018,9,False
9101019,9,False
9101020,12,False
9101021,12,False
9101022,14,False
9101023,12,False
9101024,12,False
9101025,12,False
9101026,10,False
9101027,11,False
9101028,12,False
9101029,12,False
9101030,13,False
9101031,14,False
9101032,10,False
9101033,12,False
9101034,7,False
9101035,10,False
9101036,12,False
9101037,12,False
9101038,12,False
9101039,12,False
9101040,12,False
9101041,12,False
9101042,13,False
9101043,14,False
9101044,16,False
9101045,11,False
9101046,11,False
9101047,17,False
9101048,10,False
9101049,11,False
9101050,12,False
9101051,8,False
9101052,12,False
9101053,12,False
9101054,12,False
9101055,16,False
9101056,10,False
9101057,12,False
9101058,12,False
9101059,10,False
9101060,10,False
9101061,12,False
9101062,11,False
9101063,12,False
9101064,16,False
9101065,12,False
9101066,11,False
9101067,8,False
9101068,14,False
9101069,12,False
9101070,12,False
9101071,12,False
9101072,12,False
9101073,14,False
9101074,11,False
9101075,14,False
9101076,11,False
9101077,12,False
9101078,11,False
9101079,12,False
9101080,8,False
9101081,9,False
9101082,12,False
9101083,16,False
9101084,12,False
9101085,10,False
9101086,12,False
9101087,11,False
9101088,16,False
9101089,10,False
9101090,12,False
9101091,12,False
9101092,12,False
9101093,16,False
9101094,10,False
9101095,12,False
9101096,12,False
9101097,12,False
9101098,10,False
9101099,12,False
9101100,14,False
9101101,14,False
9101102,13,False
9101103,14,False
9101104,10,False
9101105,12,False
9101106,11,False
9101107,12,False
9101108,10,False
9101109,12,False
9101110,12,False
9101111,14,False
9101112,11,False
9101113,13,False
9101114,12,False
9101115,11,False
9101116,11,False
9101117,11,False
9101118,14,False
9101119,11,False
9101120,14,False
9101121,13,False
9101122,14,False
9101123,14,False
9101124,16,False
9101125,12,False
9101126,14,False
9101127,7,False
9101128,11,False
9101129,10,False
9101130,16,False
9101131,12,False
9101132,11,False
9101133,9,False
9101134,14,False
9101135,12,False
9101136,14,False
9101137,14,False
9101138,14,False
9101139,12,False
9101140,13,False
9101141,12,False
9101142,10,False
9101143,12,False
9101144,10,False
9101145,12,False
9101146,13,False
9101147,10,False
9101148,16,False
9101149,13,False
9101150,10,False
9101151,14,False
9101152,14,False
9101153,14,False
9101154,13,False
9101155,12,False
9101156,14,False
9101157,12,False
9101158,14,False
9101159,10,False
9101160,12,False
9101161,14,False
9101162,12,False
9101163,10,False
9101164,10,False
9101165,14,False
9101166,11,False
9101167,14,False
9101168,14,False
9101169,10,False
9101170,11,False
9101171,9,False
9101172,10,False
9101173,16,False
9101174,12,False
9101175,11,False
9101176,14,False
9101177,12,False
9101178,15,False
9101179,14,False
9101180,14,False
9101181,10,False
9101182,14,False
9101183,12,False
9101184,11,False
9101185,11,False
9101186,14,False
9101187,12,False
9101188,14,False
9101189,10,False
9101190,10,False
9101191,8,False
9101192,10,False
9101193,10,False
9101194,12,False
9101195,12,False
9101196,14,False
9101197,11,False
9101198,12,False
9101199,11,False
9101200,12,False
9101201,12,False
9101202,11,False
9101203,10,False
9101204,13,False
9101205,13,False
9101206,11,False
9101207,13,False
9101208,11,False
9101209,13,False
9101210,12,False
9101211,12,False
9101212,14,False
9101213,12,False
9101214,9,False
9101215,11,False
9101216,10,False
9101217,18,False
9101218,13,False
9101219,11,False
9101220,16,False
9101221,13,False
9101222,13,False
9101223,9,False
9101224,12,False
9101225,11,False
9101226,13,False
9101227,14,False
9101228,14,False
9101229,15,False
9101230,14,False
9101231,14,False
9101232,14,False
9101233,13,False
9101234,10,False
9101235,10,False
9101236,11,False
9101237,14,False
9101238,10,False
9101239,14,False
9101240,11,False
9101241,11,False
9101242,13,False
9101243,14,False
9101244,10,False
9101245,12,False
9101246,12,False
9101247,13,False
9101248,12,False
9101249,12,False
9101250,16,False
9101251,12,False
9101252,12,False
9101253,10,False
9101254,13,False
9101255,14,False
9101256,13,False
9101257,12,False
9101258,13,False
9101259,10,False
9101260,12,False
9101261,16,False
9101262,12,False
9101263,12,False
9101264,10,False
9101265,12,False
9101266,13,False
9101267,12,False
9101268,12,False
9101269,12,False
9101270,13,False
9101271,14,False
9101272,12,False
9101273,12,False
9101274,9,False
9101275,9,False
9101276,11,False
9101277,13,False
9101278,14,False
9101279,13,False
9101280,11,False
9101281,12,False
9101282,12,False
9101283,12,False
9101284,15,False
9101285,13,False
9101286,12,False
9101287,11,False
9101288,10,False
9101289,14,False
9101290,11,False
9101291,10,False
9101292,10,False
9101293,11,False
9101294,11,False
9101295,12,False
9101296,10,False
9101297,12,False
9101298,12,False
9101299,11,False
9101300,14,False
9101301,14,False
9101302,10,False
9101303,12,False
9101304,14,False
9101305,12,False
9101306,16,False
9101307,7,False
9101308,13,False
9101309,14,False
9101310,12,False
9101311,11,False
9101312,13,False
9101313,12,False
9101314,16,False
9101315,11,False
9101316,11,False
9101317,12,False
9101318,14,False
9101319,10,False
9101320,12,False
9101321,12,False
9101322,10,False
9101323,12,False
9101324,12,False
9101325,12,False
9101326,14,False
9101327,10,False
9101328,11,False
9101329,13,False
9101330,16,False
9101331,14,False
9101332,10,False
9101333,14,False
9101334,14,False
9101335,14,False
9101336,13,False
9101337,12,False
9101338,9,False
9101339,16,False
9101340,13,False
9101341,14,False
9101342,10,False
9101343,11,False
9101344,9,False
9101345,9,False
9101346,10,False
9101347,9,False
9101348,16,False
9101349,14,False
9101350,10,False
9101351,16,False
9101352,11,False
9101353,12,False
9101354,12,False
9101355,14,False
9101356,10,False
9101357,12,False
9101358,14,False
9101359,11,False
9101360,14,False
9101361,10,False
9101362,10,False
9101363,12,False
9101364,8,False
9101365,10,False
9101366,14,False
9101367,12,False
9101368,16,False
9101369,12,False
9101370,8,False
9101371,14,False
9101372,9,False
9101373,12,False
9101374,14,False
9101375,11,False
9101376,16,False
9101377,10,False
9101378,10,False
9101379,10,False
9101380,13,False
9101381,12,False
9101382,11,False
9101383,9,False
9101384,12,False
9101385,14,False
9101386,12,False
9101387,13,False
9101388,14,False
9101389,14,False
9101390,14,False
9101391,14,False
9101392,9,False
9101393,10,False
9101394,14,False
9101395,14,False
9101396,11,False
9101397,14,False
9101398,10,False
9101399,9,False
9101400,13,False
9101401,12,False
9101402,11,False
9101403,10,False
9101404,13,False
9101405,14,False
9101406,12,False
9101407,10,False
9101408,16,False
9101409,8,False
9101410,12,False
9101411,11,False
9101412,10,False
9101413,12,False
9101414,12,False
9101415,12,False
9101416,11,False
9101417,8,False
9101418,13,False
9101419,12,False
9101420,14,False
9101421,11,False
9101422,11,False
9101423,14,False
9101424,13,False
9101425,14,False
9101426,13,False
9101427,10,False
9101428,10,False
9101429,12,False
9101430,13,False
9101431,11,False
9101432,11,False
9101433,12,False
9101434,11,False
9101435,12,False
9101436,10,False
9101437,12,False
9101438,11,False
9101439,14,False
9101440,12,False
9101441,14,False
9101442,12,False
9101443,10,False
9101444,12,False
9101445,9,False
9101446,11,False
9101447,16,False
9101448,12,False
9101449,12,False
9101450,10,False
9101451,11,False
9101452,13,False
9101453,11,False
9101454,12,False
9101455,12,False
9101456,13,False
9101457,12,False
9101458,13,False
9101459,14,False
9101460,9,False
9101461,10,False
9101462,11,False
9101463,9,False
9101464,9,False
9101465,12,False
9101466,14,False
9101467,11,False
9101468,10,False
9101469,14,False
9101470,11,False
9101471,12,False
9101472,11,False
9101473,12,False
9101474,11,False
9101475,15,False
9101476,12,False
9101477,12,False
9101478,12,False
9101479,12,False
9101480,15,False
9101481,16,False
9101482,16,False
9101483,12,False
9101484,9,False
9101485,12,False
9101486,12,False
9101487,12,False
9101488,10,False
9101489,13,False
9101490,15,False
9101491,10,False
9101492,12,False
9101493,11,False
9101494,16,False
9101495,12,False
9101496,12,False
9101497,14,False
9101498,11,False
9101499,12,False
9101500,10,False
9101501,12,False
9101502,14,False
9101503,10,False
9101504,7,False
9101505,14,False
9101506,12,False
9101507,12,False
9101508,10,False
9101509,13,False
9101510,12,False
9101511,12,False
9101512,9,False
9101513,10,False
9101514,9,False
9101515,10,False
9101516,14,False
9101517,9,False
9101518,14,False
9101519,12,False
9101520,13,False
9101521,12,False
9101522,12,False
9101523,9,False
9101524,13,False
9101525,14,False
9101526,10,False
9101527,11,False
9101528,16,False
9101529,11,False
9101530,11,False
9101531,7,False
9101532,12,False
9101533,12,False
9101534,12,False
9101535,14,False
9101536,13,False
9101537,14,False
9101538,11,False
9101539,13,False
9101540,10,False
9101541,12,False
9101542,12,False
9101543,16,False
9101544,11,False
9101545,12,False
9101546,12,False
9101547,11,False
9101548,16,False
9101549,11,False
9101550,12,False
9101551,12,False
9101552,9,False
9101553,9,False
9101554,14,False
9101555,14,False
9101556,14,False
9101557,14,False
9101558,14,False
9101559,10,False
9101560,10,False
9101561,9,False
9101562,12,False
9101563,12,False
9101564,11,False
9101565,14,False
9101566,12,False
9101567,14,False
9101568,13,False
9101569,13,False
9101570,16,False
9101571,10,False
9101572,14,False
9101573,10,False
9101574,14,False
9101575,14,False
9101576,12,False
9101577,12,False
9101578,9,False
9101579,12,False
9101580,12,False
9101581,14,False
9101582,12,False
9101583,9,False
9101584,9,False
9101585,12,False
9101586,13,False
9101587,12,False
9101588,10,False
9101589,14,False
9101590,16,False
9101591,11,False
9101592,13,False
9101593,11,False
9101594,14,False
9101595,10,False
9101596,13,False
9101597,14,False
9101598,12,False
9101599,16,False
9101600,11,False
9101601,12,False
9101602,10,False
9101603,14,False
9101604,12,False
9101605,13,False
9101606,11,False
9101607,12,False
9101608,16,False
9101609,14,False
9101610,12,False
9101611,12,False
9101612,14,False
9101613,14,False
9101614,8,False
9101615,10,False
9101616,10,False
9101617,9,False
9101618,12,False
9101619,12,False
9101620,13,False
9101621,10,False
9101622,7,False
9101623,10,False
9101624,12,False
9101625,16,False
9101626,12,False
9101627,14,False
9101628,18,False
9101629,14,False
9101630,14,False
9101631,13,False
9101632,11,False
9101633,12,False
9101634,14,False
9101635,14,False
9101636,10,False
9101637,11,False
9101638,12,False
9101639,11,False
9101640,11,False
9101641,12,False
9101642,14,False
9101643,12,False
9101644,11,False
9101645,11,False
9101646,12,False
9101647,14,False
9101648,9,False
9101649,10,False
9101650,9,False
9101651,12,False
9101652,14,False
9101653,10,False
9101654,10,False
9101655,14,False
9101656,10,False
9101657,13,False
9101658,12,False
9101659,10,False
9101660,13,False
9101661,10,False
9101662,12,False
9101663,16,False
9101664,12,False
9101665,13,False
9101666,14,False
9101667,12,False
9101668,12,False
9101669,11,False
9101670,11,False
9101671,10,False
9101672,12,False
9101673,13,False
9101674,10,False
9101675,10,False
9101676,12,False
9101677,14,False
9101678,14,False
9101679,16,False
9101680,14,False
9101681,14,False
9101682,10,False
9101683,14,False
9101684,12,False
9101685,14,False
9101686,13,False
9101687,12,False
9101688,9,False
9101689,11,False
9101690,11,False
9101691,13,False
9101692,12,False
9101693,14,False
9101694,14,False
9101695,11,False
9101696,12,False
9101697,11,False
9101698,10,False
9101699,12,False
9101700,10,False
9101701,12,False
9101702,11,False
9101703,10,False
9101704,14,False
9101705,10,False
9101706,15,False
9101707,15,False
9101708,10,False
9101709,12,False
9101710,14,False
9101711,14,False
9101712,13,False
9101713,14,False
9101714,12,False
9101715,10,False
9101716,11,False
9101717,12,False
9101718,13,False
9101719,13,False
9101720,12,False
9101721,12,False
9101722,10,False
9101723,12,False
9101724,9,False
9101725,13,False
9101726,8,False
9101727,12,False
9101728,14,False
9101729,12,False
9101730,12,False
9101731,10,False
9101732,11,False
9101733,14,False
9101734,12,False
9101735,12,False
9101736,12,False
9101737,12,False
9101738,14,False
9101739,14,False
9101740,10,False
9101741,12,False
9101742,15,False
9101743,12,False
9101744,12,False
9101745,11,False
9101746,13,False
9101747,14,False
9101748,9,False
9101749,9,False
9101750,14,False
9101751,11,False
9101752,12,False
9101753,14,False
9101754,13,False
9101755,11,False
9101756,12,False
9101757,11,False
9101758,10,False
9101759,16,False
9101760,11,False
9101761,12,False
9101762,13,False
9101763,9,False
9101764,12,False
9101765,10,False
9101766,12,False
9101767,12,False
9101768,12,False
9101769,11,False
9101770,12,False
9101771,12,False
9101772,12,False
9101773,13,False
9101774,9,False
9101775,14,False
9101776,12,False
9101777,11,False
9101778,12,False
9101779,15,False
9101780,11,False
9101781,10,False
9101782,10,False
9101783,11,False
9101784,8,False
9101785,12,False
9101786,14,False
9101787,12,False
9101788,16,False
9101789,13,False
9101790,14,False
9101791,13,False
9101792,14,False
9101793,11,False
9101794,14,False
9101795,13,False
9101796,11,False
9101797,14,False
9101798,8,False
9101799,16,False
9101800,12,False
9101801,14,False
9101802,13,False
9101803,12,False
9101804,14,False
9101805,12,False
9101806,12,False
9101807,14,False
9101808,9,False
9101809,12,False
9101810,12,False
9101811,12,False
9101812,11,False
9101813,10,False
9101814,14,False
9101815,12,False
9101816,8,False
9101817,13,False
9101818,13,False
9101819,10,False
9101820,11,False
9101821,10,False
9101822,16,False
9101823,10,False
9101824,10,False
9101825,12,False
9101826,14,False
9101827,12,False
9101828,14,False
9101829,13,False
9101830,18,False
9101831,10,False
9101832,14,False
9101833,10,False
9101834,12,False
9101835,12,False
9101836,8,False
9101837,14,False
9101838,11,False
9101839,14,False
9101840,12,False
9101841,12,False
9101842,10,False
9101843,9,False
9101844,13,False
9101845,8,False
9101846,12,False
9101847,10,False
9101848,9,False
9101849,12,False
9101850,12,False
9101851,11,False
9101852,14,False
9101853,13,False
9101854,11,False
9101855,16,False
9101856,12,False
9101857,14,False
9101858,12,False
9101859,14,False
9101860,12,False
9101861,12,False
9101862,11,False
9101863,12,False
9101864,10,False
9101865,14,False
9101866,15,False
9101867,16,False
9101868,14,False
9101869,12,False
9101870,15,False
9101871,16,False
9101872,10,False
9101873,13,False
9101874,9,False
9101875,12,False
9101876,14,False
9101877,12,False
9101878,11,False
9101879,12,False
9101880,12,False
9101881,14,False
9101882,9,False
9101883,12,False
9101884,12,False
9101885,12,False
9101886,12,False
9101887,16,False
9101888,12,False
9101889,14,False
9101890,11,False
9101891,12,False
9101892,10,False
9101893,11,False
9101894,13,False
9101895,13,False
9101896,11,False
9101897,16,False
9101898,13,False
9101899,8,False
9101900,14,False
9101901,12,False
9101902,12,False
9101903,13,False
9101904,10,False
9101905,12,False
9101906,11,False
9101907,17,False
9101908,14,False
9101909,10,False
9101910,10,False
9101911,11,False
9101912,13,False
9101913,12,False
9101914,14,False
9101915,14,False
9101916,10,False
9101917,13,False
9101918,16,False
9101919,10,False
9101920,10,False
9101921,11,False
9101922,10,False
9101923,11,False
9101924,12,False
9101925,10,False
9101926,12,False
9101927,12,False
9101928,11,False
9101929,12,False
9101930,14,False
9101931,12,False
9101932,12,False
9101933,10,False
9101934,12,False
9101935,12,False
9101936,14,False
9101937,10,False
9101938,12,False
9101939,14,False
9101940,11,False
9101941,12,False
9101942,13,False
9101943,12,False
9101944,14,False
9101945,12,False
9101946,12,False
9101947,11,False
9101948,13,False
9101949,11,False
9101950,16,False
9101951,11,False
9101952,16,False
9101953,14,False
9101954,12,False
9101955,16,False
9101956,10,False
9101957,14,False
9101958,8,False
9101959,12,False
9101960,9,False
9101961,14,False
9101962,8,False
9101963,14,False
9101964,12,False
9101965,16,False
9101966,14,False
9101967,8,False
9101968,14,False
9101969,14,False
9101970,13,False
9101971,11,False
9101972,13,False
9101973,14,False
9101974,16,False
9101975,10,False
9101976,12,False
9101977,10,False
9101978,13,False
9101979,10,False
9101980,11,False
9101981,12,False
9101982,13,False
9101983,10,False
9101984,12,False
9101985,13,False
9101986,14,False
9101987,14,False
9101988,12,False
9101989,10,False
9101990,15,False
9101991,14,False
9101992,14,False
9101993,13,False
9101994,13,False
9101995,10,False
9101996,9,False
9101997,8,False
9101998,10,False
9101999,9,False
9102000,8,False
9102001,10,False
9102002,13,False
9102003,12,False
9102004,11,False
9102005,12,False
9102006,12,False
9102007,16,False
9102008,14,False
9102009,11,False
9102010,10,False
9102011,13,False
9102012,10,False
9102013,12,False
9102014,11,False
9102015,12,False
9102016,11,False
9102017,11,False
9102018,12,False
9102019,9,False
9102020,11,False
9102021,10,False
9102022,12,False
9102023,13,False
9102024,12,False
9102025,13,False
9102026,14,False
9102027,12,False
9102028,8,False
9102029,12,False
9102030,13,False
9102031,15,False
9102032,14,False
9102033,11,False
9102034,12,False
9102035,14,False
9102036,14,False
9102037,13,False
9102038,14,False
9102039,14,False
9102040,14,False
9102041,14,False
9102042,11,False
9102043,10,False
9102044,14,False
9102045,11,False
9102046,13,False
9102047,11,False
9102048,13,False
9102049,8,False
9102050,14,False
9102051,14,False
9102052,14,False
9102053,14,False
9102054,12,False
9102055,10,False
9102056,12,False
9102057,10,False
9102058,10,False
9102059,12,False
9102060,11,False
9102061,11,False
9102062,13,False
9102063,14,False
9102064,9,False
9102065,10,False
9102066,14,False
9102067,12,False
9102068,11,False
9102069,13,False
9102070,11,False
9102071,12,False
9102072,14,False
9102073,12,False
9102074,12,False
9102075,7,False
9102076,14,False
9102077,14,False
9102078,11,False
9102079,9,False
9102080,10,False
9102081,12,False
9102082,14,False
9102083,12,False
9102084,14,False
9102085,16,False
9102086,8,False
9102087,12,False
9102088,12,False
9102089,9,False
9102090,11,False
9102091,8,False
9102092,13,False
9102093,12,False
9102094,11,False
9102095,13,False
9102096,13,False
9102097,12,False
9102098,10,False
9102099,11,False
9102100,10,False
9102101,12,False
9102102,10,False
9102103,12,False
9102104,13,False
9102105,14,False
9102106,13,False
9102107,12,False
9102108,11,False
9102109,14,False
9102110,12,False
9102111,15,False
9102112,13,False
9102113,12,False
9102114,9,False
9102115,9,False
9102116,12,False
9102117,11,False
9102118,18,False
9102119,10,False
9102120,10,False
9102121,9,False
9102122,14,False
9102123,12,False
9102124,11,False
9102125,13,False
9102126,14,False
9102127,10,False
9102128,10,False
9102129,14,False
9102130,11,False
9102131,10,False
9102132,12,False
9102133,10,False
9102134,10,False
9102135,16,False
9102136,12,False
9102137,8,False
9102138,12,False
9102139,10,False
9102140,12,False
9102141,14,False
9102142,16,False
9102143,13,False
9102144,12,False
9102145,14,False
9102146,8,False
9102147,8,False
9102148,12,False
9102149,14,False
9102150,16,False
9102151,12,False
9102152,12,False
9102153,14,False
9102154,9,False
9102155,12,False
9102156,10,False
9102157,11,False
9102158,10,False
9102159,12,False
9102160,9,False
9102161,13,False
9102162,11,False
9102163,12,False
9102164,14,False
9102165,10,False
9102166,16,False
9102167,9,False
9102168,13,False
9102169,12,False
9102170,9,False
9102171,14,False
9102172,12,False
9102173,12,False
9102174,16,False
9102175,14,False
9102176,10,False
9102177,10,False
9102178,12,False
9102179,11,False
9102180,14,False
9102181,13,False
9102182,14,False
9102183,12,False
9102184,10,False
9102185,10,False
9102186,10,False
9102187,12,False
9102188,14,False
9102189,12,False
9102190,12,False
9102191,14,False
9102192,10,False
9102193,12,False
9102194,12,False
9102195,9,False
9102196,12,False
9102197,16,False
9102198,12,False
9102199,12,False
9102200,12,False
9102201,12,False
9102202,12,False
9102203,12,False
9102204,10,False
9102205,14,False
9102206,10,False
9102207,11,False
9102208,11,False
9102209,13,False
9102210,12,False
9102211,10,False
9102212,10,False
9102213,12,False
9102214,10,False
9102215,9,False
9102216,13,False
9102217,11,False
9102218,13,False
9102219,10,False
9102220,16,False
9102221,9,False
9102222,16,False
9102223,14,False
9102224,13,False
9102225,10,False
9102226,10,False
9102227,12,False
9102228,10,False
9102229,11,False
9102230,14,False
9102231,12,False
9102232,11,False
9102233,14,False
9102234,14,False
9102235,12,False
9102236,12,False
9102237,14,False
9102238,10,False
9102239,12,False
9102240,12,False
9102241,13,False
9102242,10,False
9102243,10,False
9102244,10,False
9102245,12,False
9102246,13,False
9102247,12,False
9102248,14,False
9102249,13,False
9102250,10,False
9102251,11,False
9102252,10,False
9102253,13,False
9102254,12,False
9102255,13,False
9102256,12,False
9102257,12,False
9102258,12,False
9102259,10,False
9102260,8,False
9102261,10,False
9102262,12,False
9102263,12,False
9102264,14,False
9102265,12,False
9102266,12,False
9102267,10,False
9102268,12,False
9102269,9,False
9102270,9,False
9102271,10,False
9102272,11,False
9102273,12,False
9102274,11,False
9102275,12,False
9102276,12,False
9102277,12,False
9102278,12,False
9102279,14,False
9102280,11,False
9102281,12,False
9102282,12,False
9102283,9,False
9102284,9,False
9102285,12,False
9102286,12,False
9102287,10,False
9102288,14,False
9102289,11,False
9102290,14,False
9102291,14,False
9102292,10,False
9102293,12,False
9102294,13,False
9102295,12,False
9102296,12,False
9102297,10,False
9102298,13,False
9102299,13,False
9102300,12,False
9102301,14,False
9102302,13,False
9102303,12,False
9102304,12,False
9102305,12,False
9102306,14,False
9102307,16,False
9102308,11,False
9102309,12,False
9102310,14,False
9102311,8,False
9102312,7,False
9102313,12,False
9102314,14,False
9102315,8,False
9102316,14,False
9102317,12,False
9102318,12,False
9102319,14,False
9102320,11,False
9102321,12,False
9102322,10,False
9102323,12,False
9102324,14,False
9102325,10,False
9102326,12,False
9102327,14,False
9102328,8,False
9102329,12,False
9102330,7,False
9102331,11,False
9102332,13,False
9102333,9,False
9102334,12,False
9102335,13,False
9102336,13,False
9102337,12,False
9102338,14,False
9102339,12,False
9102340,13,False
9102341,10,False
9102342,16,False
9102343,11,False
9102344,11,False
9102345,13,False
9102346,14,False
9102347,13,False
9102348,12,False
9102349,9,False
9102350,12,False
9102351,11,False
9102352,12,False
9102353,12,False
9102354,11,False
9102355,12,False
9102356,9,False
9102357,10,False
9102358,14,False
9102359,12,False
9102360,12,False
9102361,13,False
9102362,9,False
9102363,13,False
9102364,13,False
9102365,12,False
9102366,10,False
9102367,12,False
9102368,11,False
9102369,10,False
9102370,12,False
9102371,12,False
9102372,14,False
9102373,11,False
9102374,12,False
9102375,16,False
9102376,12,False
9102377,12,False
9102378,12,False
9102379,9,False
9102380,16,False
9102381,14,False
9102382,9,False
9102383,16,False
9102384,12,False
9102385,14,False
9102386,13,False
9102387,9,False
9102388,12,False
9102389,10,False
9102390,12,False
9102391,12,False
9102392,10,False
9102393,16,False
9102394,12,False
9102395,10,False
9102396,12,False
9102397,14,False
9102398,14,False
9102399,9,False
9102400,12,False
9102401,15,False
9102402,13,False
9102403,13,False
9102404,14,False
9102405,16,False
9102406,14,False
9102407,10,False
9102408,11,False
9102409,16,False
9102410,13,False
9102411,10,False
9102412,12,False
9102413,14,False
9102414,13,False
9102415,14,False
9102416,11,False
9102417,12,False
9102418,12,False
9102419,16,False
9102420,12,False
9102421,12,False
9102422,12,False
9102423,10,False
9102424,16,False
9102425,12,False
9102426,16,False
9102427,14,False
9102428,12,False
9102429,8,False
9102430,16,False
9102431,12,False
9102432,14,False
9102433,10,False
9102434,7,False
9102435,12,False
9102436,10,False
9102437,14,False
9102438,11,False
9102439,14,False
9102440,12,False
9102441,9,False
9102442,9,False
9102443,14,False
9102444,14,False
9102445,12,False
9102446,11,False
9102447,17,False
9102448,14,False
9102449,13,False
9102450,14,False
9102451,11,False
9102452,14,False
9102453,13,False
9102454,12,False
9102455,10,False
9102456,11,False
9102457,8,False
9102458,16,False
9102459,14,False
9102460,10,False
9102461,12,False
9102462,12,False
9102463,10,False
9102464,14,False
9102465,12,False
9102466,10,False
9102467,12,False
9102468,10,False
9102469,12,False
9102470,10,False
9102471,10,False
9102472,12,False
9102473,12,False
9102474,12,False
9102475,11,False
9102476,14,False
9102477,11,False
9102478,10,False
9102479,15,False
9102480,12,False
9102481,14,False
9102482,12,False
9102483,12,False
9102484,11,False
9102485,10,False
9102486,11,False
9102487,14,False
9102488,12,False
9102489,8,False
9102490,16,False
9102491,14,False
9102492,12,False
9102493,15,False
9102494,12,False
9102495,11,False
9102496,11,False
9102497,13,False
9102498,9,False
9102499,12,False
9102500,9,False
9102501,13,False
9102502,13,False
9102503,14,False
9102504,12,False
9102505,13,False
9102506,14,False
9102507,11,False
9102508,12,False
9102509,10,False
9102510,13,False
9102511,13,False
9102512,14,False
9102513,8,False
9102514,10,False
9102515,18,False
9102516,13,False
9102517,16,False
9102518,12,False
9102519,14,False
9102520,10,False
9102521,12,False
9102522,12,False
9102523,10,False
9102524,10,False
9102525,12,False
9102526,11,False
9102527,12,False
9102528,16,False
9102529,12,False
9102530,11,False
9102531,12,False
9102532,13,False
9102533,10,False
9102534,12,False
9102535,11,False
9102536,15,False
9102537,12,False
9102538,12,False
9102539,14,False
9102540,13,False
9102541,11,False
9102542,14,False
9102543,11,False
9102544,13,False
9102545,13,False
9102546,9,False
9102547,16,False
9102548,10,False
9102549,14,False
9102550,11,False
9102551,12,False
9102552,14,False
9102553,14,False
9102554,11,False
9102555,12,False
9102556,11,False
9102557,13,False
9102558,12,False
9102559,12,False
9102560,12,False
9102561,14,False
9102562,14,False
9102563,10,False
9102564,11,False
9102565,12,False
9102566,14,False
9102567,14,False
9102568,12,False
9102569,15,False
9102570,14,False
9102571,12,False
9102572,13,False
9102573,14,False
9102574,10,False
9102575,16,False
9102576,12,False
9102577,14,False
9102578,14,False
9102579,13,False
9102580,12,False
9102581,9,False
9102582,13,False
9102583,11,False
9102584,8,False
9102585,8,False
9102586,11,False
9102587,12,False
9102588,14,False
9102589,14,False
9102590,10,False
9102591,11,False
9102592,13,False
9102593,12,False
9102594,16,False
9102595,14,False
9102596,13,False
9102597,9,False
9102598,14,False
9102599,15,False
9102600,9,False
9102601,12,False
9102602,13,False
9102603,12,False
9102604,10,False
9102605,14,False
9102606,11,False
9102607,13,False
9102608,12,False
9102609,14,False
9102610,16,False
9102611,16,False
9102612,13,False
9102613,12,False
9102614,11,False
9102615,10,False
9102616,13,False
9102617,12,False
9102618,8,False
9102619,12,False
9102620,10,False
9102621,10,False
9102622,13,False
9102623,12,False
9102624,13,False
9102625,14,False
9102626,14,False
9102627,10,False
9102628,11,False
9102629,14,False
9102630,16,False
9102631,9,False
9102632,10,False
9102633,13,False
9102634,14,False
9102635,14,False
9102636,18,False
9102637,12,False
9102638,14,False
9102639,10,False
9102640,11,False
9102641,12,False
9102642,8,False
9102643,11,False
9102644,12,False
9102645,14,False
9102646,10,False
9102647,10,False
9102648,11,False
9102649,14,False
9102650,12,False
9102651,14,False
9102652,13,False
9102653,12,False
9102654,8,False
9102655,14,False
9102656,12,False
9102657,8,False
9102658,11,False
9102659,14,False
9102660,14,False
9102661,14,False
9102662,11,False
9102663,10,False
9102664,9,False
9102665,12,False
9102666,14,False
9102667,14,False
9102668,12,False
9102669,12,False
9102670,10,False
9102671,14,False
9102672,12,False
9102673,12,False
9102674,14,False
9102675,14,False
9102676,10,False
9102677,14,False
9102678,15,False
9102679,16,False
9102680,12,False
9102681,12,False
9102682,10,False
9102683,10,False
9102684,13,False
9102685,12,False
9102686,14,False
9102687,10,False
9102688,16,False
9102689,14,False
9102690,11,False
9102691,12,False
9102692,8,False
9102693,14,False
9102694,13,False
9102695,15,False
9102696,14,False
9102697,12,False
9102698,9,False
9102699,12,False
9102700,12,False
9102701,12,False
9102702,10,False
9102703,11,False
9102704,14,False
9102705,10,False
9102706,10,False
9102707,10,False
9102708,10,False
9102709,12,False
9102710,13,False
9102711,14,False
9102712,9,False
9102713,18,False
9102714,12,False
9102715,9,False
9102716,12,False
9102717,14,False
9102718,12,False
9102719,14,False
9102720,11,False
9102721,14,False
9102722,12,False
9102723,13,False
9102724,10,False
9102725,10,False
9102726,13,False
9102727,8,False
9102728,14,False
9102729,13,False
9102730,9,False
9102731,14,False
9102732,9,False
9102733,12,False
9102734,11,False
9102735,11,False
9102736,12,False
9102737,12,False
9102738,14,False
9102739,14,False
9102740,11,False
9102741,14,False
9102742,13,False
9102743,11,False
9102744,12,False
9102745,11,False
9102746,8,False
9102747,12,False
9102748,9,False
9102749,12,False
9102750,9,False
9102751,12,False
9102752,11,False
9102753,10,False
9102754,11,False
9102755,12,False
9102756,14,False
9102757,12,False
9102758,11,False
9102759,14,False
9102760,14,False
9102761,13,False
9102762,10,False
9102763,12,False
9102764,14,False
9102765,10,False
9102766,14,False
9102767,14,False
9102768,12,False
9102769,12,False
9102770,12,False
9102771,9,False
9102772,8,False
9102773,14,False
9102774,10,False
9102775,12,False
9102776,10,False
9102777,10,False
9102778,12,False
9102779,12,False
9102780,11,False
9102781,14,False
9102782,12,False
9102783,14,False
9102784,10,False
9102785,10,False
9102786,12,False
9102787,14,False
9102788,12,False
9102789,12,False
9102790,14,False
9102791,12,False
9102792,16,False
9102793,11,False
9102794,12,False
9102795,12,False
9102796,14,False
9102797,3,False
9102798,11,False
9102799,14,False
9102800,16,False
9102801,11,False
9102802,10,False
9102803,10,False
9102804,14,False
9102805,14,False
9102806,12,False
9102807,14,False
9102808,14,False
9102809,12,False
9102810,13,False
9102811,11,False
9102812,12,False
9102813,10,False
9102814,13,False
9102815,9,False
9102816,10,False
9102817,11,False
9102818,12,False
9102819,12,False
9102820,12,False
9102821,12,False
9102822,14,False
9102823,8,False
9102824,14,False
9102825,12,False
9102826,10,False
9102827,14,False
9102828,12,False
9102829,11,False
9102830,11,False
9102831,13,False
9102832,14,False
9102833,10,False
9102834,9,False
9102835,14,False
9102836,11,False
9102837,12,False
9102838,13,False
9102839,10,False
9102840,12,False
9102841,13,False
9102842,11,False
9102843,11,False
9102844,12,False
9102845,12,False
9102846,12,False
9102847,14,False
9102848,10,False
9102849,12,False
9102850,14,False
9102851,10,False
9102852,13,False
9102853,16,False
9102854,8,False
9102855,14,False
9102856,11,False
9102857,12,False
9102858,10,False
9102859,11,False
9102860,14,False
9102861,12,False
9102862,16,False
9102863,14,False
9102864,12,False
9102865,10,False
9102866,11,False
9102867,10,False
9102868,14,False
9102869,11,False
9102870,14,False
9102871,14,False
9102872,12,False
9102873,12,False
9102874,14,False
9102875,14,False
9102876,12,False
9102877,9,False
9102878,12,False
9102879,14,False
9102880,13,False
9102881,10,False
9102882,12,False
9102883,14,False
9102884,11,False
9102885,12,False
9102886,16,False
9102887,12,False
9102888,12,False
9102889,15,False
9102890,13,False
9102891,14,False
9102892,12,False
9102893,13,False
9102894,12,False
9102895,16,False
9102896,8,False
9102897,10,False
9102898,10,False
9102899,11,False
9102900,14,False
9102901,13,False
9102902,14,False
9102903,12,False
9102904,13,False
9102905,14,False
9102906,9,False
9102907,12,False
9102908,10,False
9102909,13,False
9102910,12,False
9102911,11,False
9102912,10,False
9102913,9,False
9102914,9,False
9102915,14,False
9102916,14,False
9102917,14,False
9102918,13,False
9102919,12,False
9102920,14,False
9102921,12,False
9102922,8,False
9102923,14,False
9102924,12,False
9102925,9,False
9102926,9,False
9102927,11,False
9102928,12,False
9102929,12,False
9102930,10,False
9102931,13,False
9102932,12,False
9102933,14,False
9102934,13,False
9102935,14,False
9102936,12,False
9102937,14,False
9102938,16,False
9102939,14,False
9102940,11,False
9102941,14,False
9102942,12,False
9102943,14,False
9102944,14,False
9102945,12,False
9102946,12,False
9102947,15,False
9102948,16,False
9102949,8,False
9102950,12,False
9102951,10,False
9102952,12,False
9102953,14,False
9102954,9,False
9102955,11,False
9102956,16,False
9102957,16,False
9102958,13,False
9102959,14,False
9102960,10,False
9102961,16,False
9102962,14,False
9102963,10,False
9102964,12,False
9102965,12,False
9102966,12,False
9102967,9,False
9102968,14,False
9102969,13,False
9102970,12,False
9102971,13,False
9102972,10,False
9102973,13,False
9102974,11,False
9102975,12,False
9102976,14,False
9102977,12,False
9102978,12,False
9102979,10,False
9102980,15,False
9102981,12,False
9102982,12,False
9102983,14,False
9102984,14,False
9102985,14,False
9102986,14,False
9102987,13,False
9102988,14,False
9102989,13,False
9102990,12,False
9102991,16,False
9102992,12,False
9102993,12,False
9102994,10,False
9102995,12,False
9102996,14,False
9102997,12,False
9102998,14,False
9102999,13,False
9103000,10,False
9103001,11,False
9103002,14,False
9103003,14,False
9103004,9,False
9103005,14,False
9103006,12,False
9103007,10,False
9103008,11,False
9103009,12,False
9103010,11,False
9103011,12,False
9103012,16,False
9103013,9,False
9103014,9,False
9103015,13,False
9103016,10,False
9103017,14,False
9103018,12,False
9103019,12,False
9103020,12,False
9103021,10,False
9103022,11,False
9103023,12,False
9103024,10,False
9103025,11,False
9103026,12,False
9103027,13,False
9103028,14,False
9103029,14,False
9103030,10,False
9103031,10,False
9103032,8,False
9103033,13,False
9103034,12,False
9103035,18,False
9103036,14,False
9103037,14,False
9103038,12,False
9103039,14,False
9103040,12,False
9103041,12,False
9103042,12,False
9103043,10,False
9103044,11,False
9103045,14,False
9103046,12,False
9103047,16,False
9103048,12,False
9103049,12,False
9103050,13,False
9103051,16,False
9103052,11,False
9103053,12,False
9103054,12,False
9103055,10,False
9103056,12,False
9103057,13,False
9103058,11,False
9103059,14,False
9103060,10,False
9103061,14,False
9103062,14,False
9103063,12,False
9103064,12,False
9103065,7,False
9103066,12,False
9103067,11,False
9103068,12,False
9103069,11,False
9103070,12,False
9103071,12,False
9103072,10,False
9103073,14,False
9103074,12,False
9103075,12,False
9103076,12,False
9103077,10,False
9103078,9,False
9103079,10,False
9103080,9,False
9103081,16,False
9103082,14,False
9103083,14,False
9103084,12,False
9103085,8,False
9103086,12,False
9103087,14,False
9103088,15,False
9103089,14,False
9103090,11,False
9103091,13,False
9103092,14,False
9103093,14,False
9103094,12,False
9103095,9,False
9103096,12,False
9103097,10,False
9103098,12,False
9103099,12,False
9103100,10,False
9103101,12,False
9103102,13,False
9103103,11,False
9103104,12,False
9103105,14,False
9103106,10,False
9103107,14,False
9103108,14,False
9103109,10,False
9103110,14,False
9103111,10,False
9103112,12,False
9103113,12,False
9103114,14,False
9103115,16,False
9103116,12,False
9103117,11,False
9103118,12,False
9103119,11,False
9103120,14,False
9103121,12,False
9103122,14,False
9103123,10,False
9103124,11,False
9103125,13,False
9103126,12,False
9103127,13,False
9103128,11,False
9103129,12,False
9103130,12,False
9103131,12,False
9103132,13,False
9103133,12,False
9103134,12,False
9103135,12,False
9103136,9,False
9103137,10,False
9103138,12,False
9103139,14,False
9103140,14,False
9103141,15,False
9103142,9,False
9103143,13,False
9103144,16,False
9103145,11,False
9103146,12,False
9103147,9,False
9103148,13,False
9103149,13,False
9103150,10,False
9103151,14,False
9103152,12,False
9103153,14,False
9103154,13,False
9103155,10,False
9103156,13,False
9103157,12,False
9103158,10,False
9103159,14,False
9103160,14,False
9103161,12,False
9103162,12,False
9103163,12,False
9103164,8,False
9103165,13,False
9103166,12,False
9103167,9,False
9103168,9,False
9103169,14,False
9103170,14,False
9103171,12,False
9103172,10,False
9103173,10,False
9103174,10,False
9103175,14,False
9103176,13,False
9103177,12,False
9103178,13,False
9103179,12,False
9103180,12,False
9103181,10,False
9103182,14,False
9103183,12,False
9103184,12,False
9103185,12,False
9103186,12,False
9103187,12,False
9103188,12,False
9103189,14,False
9103190,14,False
9103191,10,False
9103192,11,False
9103193,10,False
9103194,16,False
9103195,12,False
9103196,13,False
9103197,12,False
9103198,11,False
9103199,10,False
9103200,12,False
9103201,12,False
9103202,7,False
9103203,13,False
9103204,9,False
9103205,8,False
9103206,14,False
9103207,12,False
9103208,13,False
9103209,9,False
9103210,10,False
9103211,9,False
9103212,14,False
9103213,10,False
9103214,12,False
9103215,14,False
9103216,12,False
9103217,11,False
9103218,12,False
9103219,13,False
9103220,16,False
9103221,11,False
9103222,11,False
9103223,12,False
9103224,11,False
9103225,9,False
9103226,14,False
9103227,9,False
9103228,10,False
9103229,11,False
9103230,12,False
9103231,12,False
9103232,10,False
9103233,11,False
9103234,10,False
9103235,14,False
9103236,10,False
9103237,8,False
9103238,12,False
9103239,10,False
9103240,13,False
9103241,10,False
9103242,13,False
9103243,13,False
9103244,12,False
9103245,11,False
9103246,11,False
9103247,10,False
9103248,13,False
9103249,13,False
9103250,8,False
9103251,10,False
9103252,10,False
9103253,12,False
9103254,8,False
9103255,14,False
9103256,12,False
9103257,13,False
9103258,10,False
9103259,10,False
9103260,10,False
9103261,12,False
9103262,12,False
9103263,9,False
9103264,10,False
9103265,12,False
9103266,11,False
9103267,13,False
9103268,12,False
9103269,10,False
9103270,10,False
9103271,15,False
9103272,14,False
9103273,12,False
9103274,14,False
9103275,12,False
9103276,12,False
9103277,11,False
9103278,12,False
9103279,10,False
9103280,12,False
9103281,16,False
9103282,11,False
9103283,12,False
9103284,10,False
9103285,16,False
9103286,12,False
9103287,14,False
9103288,12,False
9103289,8,False
9103290,11,False
9103291,12,False
9103292,13,False
9103293,16,False
9103294,10,False
9103295,12,False
9103296,14,False
9103297,12,False
9103298,14,False
9103299,12,False
9103300,12,False
9103301,11,False
9103302,11,False
9103303,11,False
9103304,13,False
9103305,14,False
9103306,13,False
9103307,12,False
9103308,13,False
9103309,10,False
9103310,14,False
9103311,10,False
9103312,14,False
9103313,12,False
9103314,16,False
9103315,10,False
9103316,12,False
9103317,14,False
9103318,12,False
9103319,10,False
9103320,12,False
9103321,10,False
9103322,12,False
9103323,14,False
9103324,13,False
9103325,13,False
9103326,10,False
9103327,11,False
9103328,12,False
9103329,12,False
9103330,9,False
9103331,12,False
9103332,16,False
9103333,14,False
9103334,14,False
9103335,10,False
9103336,12,False
9103337,10,False
9103338,13,False
9103339,10,False
9103340,12,False
9103341,14,False
9103342,11,False
9103343,15,False
9103344,12,False
9103345,7,False
9103346,10,False
9103347,13,False
9103348,13,False
9103349,12,False
9103350,13,False
9103351,12,False
9103352,12,False
9103353,11,False
9103354,11,False
9103355,11,False
9103356,15,False
9103357,12,False
9103358,13,False
9103359,11,False
9103360,11,False
9103361,10,False
9103362,13,False
9103363,12,False
9103364,14,False
9103365,14,False
9103366,6,False
9103367,9,False
9103368,10,False
9103369,13,False
9103370,9,False
9103371,10,False
9103372,11,False
9103373,14,False
9103374,11,False
9103375,12,False
9103376,11,False
9103377,6,False
9103378,11,False
9103379,14,False
9103380,12,False
9103381,12,False
9103382,12,False
9103383,11,False
9103384,12,False
9103385,12,False
9103386,13,False
9103387,12,False
9103388,11,False
9103389,14,False
9103390,12,False
9103391,12,False
9103392,10,False
9103393,12,False
9103394,10,False
9103395,13,False
9103396,16,False
9103397,8,False
9103398,12,False
9103399,14,False
9103400,11,False
9103401,16,False
9103402,13,False
9103403,12,False
9103404,11,False
9103405,12,False
9103406,12,False
9103407,8,False
9103408,12,False
9103409,12,False
9103410,13,False
9103411,12,False
9103412,8,False
9103413,13,False
9103414,11,False
9103415,12,False
9103416,11,False
9103417,10,False
9103418,14,False
9103419,11,False
9103420,14,False
9103421,11,False
9103422,10,False
9103423,10,False
9103424,16,False
9103425,11,False
9103426,16,False
9103427,16,False
9103428,18,False
9103429,11,False
9103430,11,False
9103431,13,False
9103432,10,False
9103433,12,False
9103434,13,False
9103435,15,False
9103436,14,False
9103437,14,False
9103438,16,False
9103439,13,False
9103440,12,False
9103441,10,False
9103442,12,False
9103443,12,False
9103444,16,False
9103445,12,False
9103446,12,False
9103447,14,False
9103448,16,False
9103449,12,False
9103450,11,False
9103451,14,False
9103452,16,False
9103453,13,False
9103454,11,False
9103455,13,False
9103456,11,False
9103457,12,False
9103458,10,False
9103459,12,False
9103460,12,False
9103461,13,False
9103462,9,False
9103463,12,False
9103464,12,False
9103465,10,False
9103466,14,False
9103467,12,False
9103468,14,False
9103469,13,False
9103470,14,False
9103471,12,False
9103472,12,False
9103473,12,False
9103474,11,False
9103475,14,False
9103476,13,False
9103477,12,False
9103478,8,False
9103479,9,False
9103480,14,False
9103481,12,False
9103482,13,False
9103483,12,False
9103484,11,False
9103485,12,False
9103486,15,False
9103487,12,False
9103488,16,False
9103489,9,False
9103490,12,False
9103491,14,False
9103492,11,False
9103493,13,False
9103494,7,False
9103495,12,False
9103496,9,False
9103497,12,False
9103498,12,False
9103499,8,False
9103500,12,False
9103501,13,False
9103502,13,False
9103503,13,False
9103504,12,False
9103505,11,False
9103506,12,False
9103507,13,False
9103508,11,False
9103509,14,False
9103510,7,False
9103511,12,False
9103512,13,False
9103513,13,False
9103514,14,False
9103515,9,False
9103516,11,False
9103517,13,False
9103518,12,False
9103519,13,False
9103520,14,False
9103521,13,False
9103522,12,False
9103523,16,False
9103524,11,False
9103525,10,False
9103526,17,False
9103527,10,False
9103528,13,False
9103529,14,False
9103530,14,False
9103531,13,False
9103532,4,False
9103533,14,False
9103534,14,False
9103535,12,False
9103536,14,False
9103537,12,False
9103538,11,False
9103539,11,False
9103540,13,False
9103541,12,False
9103542,12,False
9103543,12,False
9103544,8,False
9103545,12,False
9103546,11,False
9103547,12,False
9103548,12,False
9103549,12,False
9103550,14,False
9103551,13,False
9103552,9,False
9103553,12,False
9103554,11,False
9103555,12,False
9103556,12,False
9103557,14,False
9103558,11,False
9103559,11,False
9103560,13,False
9103561,12,False
9103562,14,False
9103563,11,False
9103564,14,False
9103565,14,False
9103566,14,False
9103567,14,False
9103568,13,False
9103569,10,False
9103570,12,False
9103571,10,False
9103572,11,False
9103573,12,False
9103574,12,False
9103575,14,False
9103576,13,False
9103577,11,False
9103578,9,False
9103579,9,False
9103580,12,False
9103581,10,False
9103582,12,False
9103583,12,False
9103584,12,False
9103585,10,False
9103586,12,False
9103587,11,False
9103588,10,False
9103589,13,False
9103590,14,False
9103591,9,False
9103592,10,False
9103593,12,False
9103594,9,False
9103595,11,False
9103596,10,False
9103597,12,False
9103598,10,False
9103599,12,False
9103600,15,False
9103601,14,False
9103602,14,False
9103603,14,False
9103604,12,False
9103605,11,False
9103606,12,False
9103607,14,False
9103608,14,False
9103609,13,False
9103610,14,False
9103611,12,False
9103612,13,False
9103613,12,False
9103614,12,False
9103615,11,False
9103616,6,False
9103617,13,False
9103618,11,False
9103619,11,False
9103620,12,False
9103621,13,False
9103622,15,False
9103623,12,False
9103624,14,False
9103625,9,False
9103626,11,False
9103627,10,False
9103628,13,False
9103629,11,False
9103630,10,False
9103631,16,False
9103632,13,False
9103633,12,False
9103634,12,False
9103635,14,False
9103636,9,False
9103637,12,False
9103638,9,False
9103639,11,False
9103640,12,False
9103641,14,False
9103642,14,False
9103643,12,False
9103644,10,False
9103645,11,False
9103646,14,False
9103647,12,False
9103648,12,False
9103649,12,False
9103650,12,False
9103651,11,False
9103652,12,False
9103653,12,False
9103654,14,False
9103655,12,False
9103656,14,False
9103657,10,False
9103658,12,False
9103659,9,False
9103660,13,False
9103661,12,False
9103662,12,False
9103663,11,False
9103664,10,False
9103665,14,False
9103666,12,False
9103667,12,False
9103668,8,False
9103669,12,False
9103670,11,False
9103671,12,False
9103672,9,False
9103673,8,False
9103674,14,False
9103675,10,False
9103676,9,False
9103677,11,False
9103678,12,False
9103679,14,False
9103680,10,False
9103681,14,False
9103682,14,False
9103683,12,False
9103684,10,False
9103685,12,False
9103686,12,False
9103687,12,False
9103688,12,False
9103689,14,False
9103690,10,False
9103691,15,False
9103692,14,False
9103693,12,False
9103694,14,False
9103695,12,False
9103696,12,False
9103697,14,False
9103698,11,False
9103699,11,False
9103700,12,False
9103701,12,False
9103702,11,False
9103703,10,False
9103704,13,False
9103705,16,False
9103706,12,False
9103707,12,False
9103708,8,False
9103709,12,False
9103710,14,False
9103711,11,False
9103712,12,False
9103713,12,False
9103714,10,False
9103715,11,False
9103716,16,False
9103717,13,False
9103718,10,False
9103719,14,False
9103720,12,False
9103721,9,False
9103722,13,False
9103723,12,False
9103724,12,False
9103725,13,False
9103726,9,False
9103727,13,False
9103728,13,False
9103729,12,False
9103730,13,False
9103731,12,False
9103732,14,False
9103733,12,False
9103734,16,False
9103735,10,False
9103736,14,False
9103737,14,False
9103738,11,False
9103739,12,False
9103740,14,False
9103741,16,False
9103742,12,False
9103743,11,False
9103744,15,False
9103745,9,False
9103746,13,False
9103747,16,False
9103748,10,False
9103749,12,False
9103750,15,False
9103751,12,False
9103752,11,False
9103753,10,False
9103754,11,False
9103755,14,False
9103756,9,False
9103757,11,False
9103758,6,False
9103759,9,False
9103760,18,False
9103761,14,False
9103762,8,False
9103763,13,False
9103764,13,False
9103765,10,False
9103766,11,False
9103767,10,False
9103768,9,False
9103769,14,False
9103770,10,False
9103771,14,False
9103772,11,False
9103773,11,False
9103774,10,False
9103775,8,False
9103776,10,False
9103777,13,False
9103778,12,False
9103779,15,False
9103780,10,False
9103781,13,False
9103782,12,False
9103783,10,False
9103784,13,False
9103785,12,False
9103786,14,False
9103787,14,False
9103788,10,False
9103789,10,False
9103790,12,False
9103791,12,False
9103792,13,False
9103793,13,False
9103794,14,False
9103795,12,False
9103796,7,False
9103797,10,False
9103798,10,False
9103799,10,False
9103800,12,False
9103801,9,False
9103802,10,False
9103803,12,False
9103804,10,False
9103805,10,False
9103806,14,False
9103807,16,False
9103808,10,False
9103809,16,False
9103810,13,False
9103811,14,False
9103812,16,False
9103813,12,False
9103814,14,False
9103815,12,False
9103816,11,False
9103817,9,False
9103818,9,False
9103819,12,False
9103820,13,False
9103821,12,False
9103822,14,False
9103823,14,False
9103824,12,False
9103825,8,False
9103826,14,False
9103827,12,False
9103828,12,False
9103829,11,False
9103830,14,False
9103831,10,False
9103832,12,False
9103833,14,False
9103834,14,False
9103835,16,False
9103836,13,False
9103837,11,False
9103838,11,False
9103839,12,False
9103840,10,False
9103841,12,False
9103842,11,False
9103843,13,False
9103844,11,False
9103845,12,False
9103846,9,False
9103847,11,False
9103848,14,False
9103849,9,False
9103850,11,False
9103851,14,False
9103852,16,False
9103853,8,False
9103854,14,False
9103855,13,False
9103856,14,False
9103857,10,False
9103858,13,False
9103859,8,False
9103860,8,False
9103861,10,False
9103862,13,False
9103863,12,False
9103864,11,False
9103865,11,False
9103866,12,False
9103867,12,False
9103868,10,False
9103869,14,False
9103870,11,False
9103871,12,False
9103872,11,False
9103873,11,False
9103874,13,False
9103875,11,False
9103876,12,False
9103877,13,False
9103878,12,False
9103879,12,False
9103880,11,False
9103881,11,False
9103882,12,False
9103883,12,False
9103884,11,False
9103885,6,False
9103886,13,False
9103887,12,False
9103888,12,False
9103889,10,False
9103890,12,False
9103891,7,False
9103892,13,False
9103893,12,False
9103894,13,False
9103895,14,False
9103896,14,False
9103897,11,False
9103898,12,False
9103899,10,False
9103900,12,False
9103901,12,False
9103902,11,False
9103903,14,False
9103904,8,False
9103905,14,False
9103906,12,False
9103907,11,False
9103908,11,False
9103909,14,False
9103910,12,False
9103911,17,False
9103912,8,False
9103913,13,False
9103914,14,False
9103915,16,False
9103916,14,False
9103917,9,False
9103918,12,False
9103919,11,False
9103920,8,False
9103921,12,False
9103922,16,False
9103923,12,False
9103924,10,False
9103925,10,False
9103926,10,False
9103927,12,False
9103928,12,False
9103929,14,False
9103930,12,False
9103931,12,False
9103932,14,False
9103933,12,False
9103934,9,False
9103935,12,False
9103936,9,False
9103937,9,False
9103938,15,False
9103939,14,False
9103940,11,False
9103941,12,False
9103942,10,False
9103943,8,False
9103944,12,False
9103945,13,False
9103946,11,False
9103947,16,False
9103948,13,False
9103949,14,False
9103950,12,False
9103951,14,False
9103952,14,False
9103953,12,False
9103954,14,False
9103955,12,False
9103956,12,False
9103957,12,False
9103958,10,False
9103959,16,False
9103960,13,False
9103961,14,False
9103962,14,False
9103963,12,False
9103964,13,False
9103965,16,False
9103966,10,False
9103967,12,False
9103968,14,False
9103969,13,False
9103970,14,False
9103971,9,False
9103972,9,False
9103973,14,False
9103974,16,False
9103975,8,False
9103976,12,False
9103977,7,False
9103978,12,False
9103979,12,False
9103980,14,False
9103981,16,False
9103982,11,False
9103983,14,False
9103984,14,False
9103985,11,False
9103986,12,False
9103987,13,False
9103988,14,False
9103989,9,False
9103990,12,False
9103991,16,False
9103992,10,False
9103993,10,False
9103994,14,False
9103995,10,False
9103996,12,False
9103997,10,False
9103998,14,False
9103999,13,False
9104000,10,False
9104001,12,False
9104002,16,False
9104003,11,False
9104004,15,False
9104005,14,False
9104006,11,False
9104007,12,False
9104008,13,False
9104009,9,False
9104010,11,False
9104011,14,False
9104012,11,False
9104013,11,False
9104014,12,False
9104015,11,False
9104016,11,False
9104017,14,False
9104018,14,False
9104019,8,False
9104020,10,False
9104021,13,False
9104022,12,False
9104023,9,False
9104024,11,False
9104025,10,False
9104026,7,False
9104027,16,False
9104028,14,False
9104029,11,False
9104030,14,False
9104031,14,False
9104032,13,False
9104033,14,False
9104034,12,False
9104035,11,False
9104036,12,False
9104037,12,False
9104038,10,False
9104039,14,False
9104040,14,False
9104041,10,False
9104042,10,False
9104043,14,False
9104044,13,False
9104045,12,False
9104046,12,False
9104047,14,False
9104048,14,False
9104049,11,False
9104050,14,False
9104051,15,False
9104052,12,False
9104053,12,False
9104054,14,False
9104055,10,False
9104056,14,False
9104057,10,False
9104058,11,False
9104059,14,False
9104060,11,False
9104061,12,False
9104062,12,False
9104063,11,False
9104064,12,False
9104065,12,False
9104066,13,False
9104067,14,False
9104068,16,False
9104069,10,False
9104070,12,False
9104071,12,False
9104072,12,False
9104073,10,False
9104074,14,False
9104075,10,False
9104076,12,False
9104077,14,False
9104078,16,False
9104079,13,False
9104080,10,False
9104081,8,False
9104082,12,False
9104083,12,False
9104084,16,False
9104085,10,False
9104086,14,False
9104087,10,False
9104088,12,False
9104089,11,False
9104090,13,False
9104091,12,False
9104092,7,False
9104093,7,False
9104094,10,False
9104095,13,False
9104096,14,False
9104097,9,False
9104098,11,False
9104099,11,False
9104100,10,False
9104101,12,False
9104102,11,False
9104103,12,False
9104104,10,False
9104105,13,False
9104106,10,False
9104107,15,False
9104108,14,False
9104109,15,False
9104110,12,False
9104111,14,False
9104112,11,False
9104113,18,False
9104114,12,False
9104115,12,False
9104116,11,False
9104117,12,False
9104118,14,False
9104119,10,False
9104120,12,False
9104121,14,False
9104122,14,False
9104123,10,False
9104124,13,False
9104125,12,False
9104126,10,False
9104127,14,False
9104128,14,False
9104129,16,False
9104130,10,False
9104131,13,False
9104132,10,False
9104133,10,False
9104134,13,False
9104135,10,False
9104136,14,False
9104137,10,False
9104138,7,False
9104139,12,False
9104140,14,False
9104141,12,False
9104142,12,False
9104143,13,False
9104144,10,False
9104145,11,False
9104146,14,False
9104147,12,False
9104148,14,False
9104149,12,False
9104150,9,False
9104151,8,False
9104152,12,False
9104153,11,False
9104154,12,False
9104155,14,False
9104156,11,False
9104157,10,False
9104158,13,False
9104159,14,False
9104160,12,False
9104161,10,False
9104162,12,False
9104163,12,False
9104164,15,False
9104165,11,False
9104166,12,False
9104167,14,False
9104168,12,False
9104169,14,False
9104170,11,False
9104171,8,False
9104172,11,False
9104173,11,False
9104174,16,False
9104175,10,False
9104176,8,False
9104177,11,False
9104178,14,False
9104179,12,False
9104180,13,False
9104181,10,False
9104182,14,False
9104183,13,False
9104184,9,False
9104185,10,False
9104186,12,False
9104187,12,False
9104188,10,False
9104189,12,False
9104190,14,False
9104191,9,False
9104192,11,False
9104193,12,False
9104194,13,False
9104195,9,False
9104196,13,False
9104197,12,False
9104198,13,False
9104199,12,False
9104200,14,False
9104201,14,False
9104202,16,False
9104203,14,False
9104204,11,False
9104205,12,False
9104206,14,False
9104207,13,False
9104208,14,False
9104209,9,False
9104210,10,False
9104211,11,False
9104212,10,False
9104213,14,False
9104214,10,False
9104215,14,False
9104216,12,False
9104217,12,False
9104218,7,False
9104219,8,False
9104220,14,False
9104221,12,False
9104222,13,False
9104223,9,False
9104224,11,False
9104225,13,False
9104226,13,False
9104227,9,False
9104228,16,False
9104229,12,False
9104230,13,False
9104231,11,False
9104232,8,False
9104233,14,False
9104234,12,False
9104235,11,False
9104236,12,False
9104237,11,False
9104238,10,False
9104239,13,False
9104240,10,False
9104241,12,False
9104242,11,False
9104243,13,False
9104244,12,False
9104245,12,False
9104246,12,False
9104247,10,False
9104248,13,False
9104249,11,False
9104250,11,False
9104251,14,False
9104252,9,False
9104253,10,False
9104254,13,False
9104255,12,False
9104256,14,False
9104257,9,False
9104258,16,False
9104259,10,False
9104260,11,False
9104261,14,False
9104262,12,False
9104263,14,False
9104264,12,False
9104265,12,False
9104266,10,False
9104267,12,False
9104268,12,False
9104269,11,False
9104270,13,False
9104271,14,False
9104272,12,False
9104273,14,False
9104274,13,False
9104275,10,False
9104276,12,False
9104277,10,False
9104278,14,False
9104279,12,False
9104280,13,False
9104281,11,False
9104282,10,False
9104283,11,False
9104284,8,False
9104285,13,False
9104286,14,False
9104287,16,False
9104288,14,False
9104289,12,False
9104290,12,False
9104291,14,False
9104292,16,False
9104293,14,False
9104294,12,False
9104295,14,False
9104296,13,False
9104297,11,False
9104298,14,False
9104299,12,False
9104300,14,False
9104301,12,False
9104302,10,False
9104303,10,False
9104304,9,False
9104305,12,False
9104306,14,False
9104307,14,False
9104308,10,False
9104309,12,False
9104310,12,False
9104311,8,False
9104312,12,False
9104313,11,False
9104314,14,False
9104315,12,False
9104316,12,False
9104317,14,False
9104318,11,False
9104319,8,False
9104320,12,False
9104321,11,False
9104322,9,False
9104323,10,False
9104324,11,False
9104325,15,False
9104326,10,False
9104327,12,False
9104328,12,False
9104329,4,False
9104330,14,False
9104331,12,False
9104332,12,False
9104333,12,False
9104334,12,False
9104335,14,False
9104336,12,False
9104337,14,False
9104338,14,False
9104339,9,False
9104340,14,False
9104341,14,False
9104342,12,False
9104343,14,False
9104344,16,False
9104345,12,False
9104346,13,False
9104347,9,False
9104348,12,False
9104349,11,False
9104350,12,False
9104351,10,False
9104352,16,False
9104353,14,False
9104354,13,False
9104355,14,False
9104356,12,False
9104357,12,False
9104358,14,False
9104359,10,False
9104360,10,False
9104361,11,False
9104362,10,False
9104363,11,False
9104364,14,False
9104365,14,False
9104366,14,False
9104367,13,False
9104368,9,False
9104369,8,False
9104370,13,False
9104371,8,False
9104372,13,False
9104373,12,False
9104374,9,False
9104375,12,False
9104376,13,False
9104377,14,False
9104378,13,False
9104379,14,False
9104380,13,False
9104381,14,False
9104382,12,False
9104383,10,False
9104384,11,False
9104385,14,False
9104386,12,False
9104387,12,False
9104388,13,False
9104389,10,False
9104390,13,False
9104391,12,False
9104392,14,False
9104393,9,False
9104394,12,False
9104395,10,False
9104396,12,False
9104397,12,False
9104398,11,False
9104399,10,False
9104400,12,False
9104401,11,False
9104402,14,False
9104403,17,False
9104404,14,False
9104405,12,False
9104406,14,False
9104407,14,False
9104408,14,False
9104409,10,False
9104410,11,False
9104411,11,False
9104412,13,False
9104413,16,False
9104414,12,False
9104415,12,False
9104416,11,False
9104417,8,False
9104418,12,False
9104419,12,False
9104420,13,False
9104421,14,False
9104422,13,False
9104423,14,False
9104424,10,False
9104425,9,False
9104426,12,False
9104427,13,False
9104428,14,False
9104429,14,False
9104430,12,False
9104431,14,False
9104432,12,False
9104433,16,False
9104434,11,False
9104435,11,False
9104436,14,False
9104437,11,False
9104438,12,False
9104439,9,False
9104440,11,False
9104441,16,False
9104442,11,False
9104443,11,False
9104444,12,False
9104445,13,False
9104446,13,False
9104447,16,False
9104448,14,False
9104449,11,False
9104450,10,False
9104451,9,False
9104452,13,False
9104453,12,False
9104454,11,False
9104455,11,False
9104456,11,False
9104457,10,False
9104458,14,False
9104459,12,False
9104460,12,False
9104461,10,False
9104462,9,False
9104463,11,False
9104464,10,False
9104465,12,False
9104466,10,False
9104467,16,False
9104468,14,False
9104469,12,False
9104470,12,False
9104471,12,False
9104472,12,False
9104473,12,False
9104474,12,False
9104475,10,False
9104476,14,False
9104477,12,False
9104478,12,False
9104479,10,False
9104480,12,False
9104481,14,False
9104482,12,False
9104483,14,False
9104484,10,False
9104485,12,False
9104486,10,False
9104487,12,False
9104488,10,False
9104489,9,False
9104490,14,False
9104491,12,False
9104492,12,False
9104493,16,False
9104494,13,False
9104495,12,False
9104496,12,False
9104497,10,False
9104498,12,False
9104499,12,False
9104500,9,False
9104501,11,False
9104502,14,False
9104503,10,False
9104504,8,False
9104505,12,False
9104506,14,False
9104507,12,False
9104508,12,False
9104509,14,False
9104510,10,False
9104511,12,False
9104512,13,False
9104513,14,False
9104514,10,False
9104515,9,False
9104516,16,False
9104517,12,False
9104518,12,False
9104519,12,False
9104520,12,False
9104521,16,False
9104522,11,False
9104523,12,False
9104524,11,False
9104525,13,False
9104526,10,False
9104527,14,False
9104528,11,False
9104529,13,False
9104530,10,False
9104531,12,False
9104532,11,False
9104533,12,False
9104534,11,False
9104535,16,False
9104536,11,False
9104537,12,False
9104538,12,False
9104539,13,False
9104540,14,False
9104541,12,False
9104542,12,False
9104543,13,False
9104544,12,False
9104545,14,False
9104546,11,False
9104547,10,False
9104548,16,False
9104549,10,False
9104550,9,False
9104551,14,False
9104552,10,False
9104553,12,False
9104554,9,False
9104555,10,False
9104556,11,False
9104557,11,False
9104558,13,False
9104559,12,False
9104560,11,False
9104561,10,False
9104562,16,False
9104563,10,False
9104564,11,False
9104565,12,False
9104566,12,False
9104567,11,False
9104568,15,False
9104569,14,False
9104570,12,False
9104571,14,False
9104572,11,False
9104573,10,False
9104574,12,False
9104575,12,False
9104576,11,False
9104577,12,False
9104578,13,False
9104579,12,False
9104580,11,False
9104581,9,False
9104582,12,False
9104583,10,False
9104584,8,False
9104585,12,False
9104586,13,False
9104587,10,False
9104588,11,False
9104589,11,False
9104590,12,False
9104591,10,False
9104592,12,False
9104593,13,False
9104594,14,False
9104595,11,False
9104596,11,False
9104597,13,False
9104598,15,False
9104599,11,False
9104600,11,False
9104601,14,False
9104602,9,False
9104603,11,False
9104604,10,False
9104605,14,False
9104606,12,False
9104607,12,False
9104608,14,False
9104609,12,False
9104610,10,False
9104611,8,False
9104612,10,False
9104613,12,False
9104614,14,False
9104615,12,False
9104616,12,False
9104617,10,False
9104618,9,False
9104619,12,False
9104620,14,False
9104621,10,False
9104622,15,False
9104623,11,False
9104624,10,False
9104625,13,False
9104626,10,False
9104627,10,False
9104628,15,False
9104629,12,False
9104630,14,False
9104631,14,False
9104632,11,False
9104633,10,False
9104634,13,False
9104635,11,False
9104636,13,False
9104637,12,False
9104638,14,False
9104639,10,False
9104640,10,False
9104641,10,False
9104642,12,False
9104643,10,False
9104644,13,False
9104645,14,False
9104646,12,False
9104647,10,False
9104648,12,False
9104649,10,False
9104650,11,False
9104651,12,False
9104652,9,False
9104653,12,False
9104654,16,False
9104655,13,False
9104656,9,False
9104657,14,False
9104658,12,False
9104659,14,False
9104660,12,False
9104661,13,False
9104662,14,False
9104663,10,False
9104664,10,False
9104665,10,False
9104666,10,False
9104667,12,False
9104668,14,False
9104669,10,False
9104670,11,False
9104671,16,False
9104672,11,False
9104673,12,False
9104674,14,False
9104675,13,False
9104676,14,False
9104677,11,False
9104678,12,False
9104679,12,False
9104680,9,False
9104681,14,False
9104682,12,False
9104683,12,False
9104684,11,False
9104685,9,False
9104686,12,False
9104687,11,False
9104688,10,False
9104689,12,False
9104690,8,False
9104691,14,False
9104692,9,False
9104693,16,False
9104694,12,False
9104695,7,False
9104696,8,False
9104697,14,False
9104698,10,False
9104699,10,False
9104700,12,False
9104701,18,False
9104702,12,False
9104703,9,False
9104704,12,False
9104705,12,False
9104706,12,False
9104707,14,False
9104708,13,False
9104709,12,False
9104710,12,False
9104711,12,False
9104712,9,False
9104713,13,False
9104714,8,False
9104715,10,False
9104716,12,False
9104717,11,False
9104718,12,False
9104719,12,False
9104720,12,False
9104721,10,False
9104722,16,False
9104723,12,False
9104724,13,False
9104725,10,False
9104726,12,False
9104727,12,False
9104728,11,False
9104729,12,False
9104730,10,False
9104731,13,False
9104732,15,False
9104733,16,False
9104734,12,False
9104735,11,False
9104736,11,False
9104737,13,False
9104738,10,False
9104739,14,False
9104740,10,False
9104741,14,False
9104742,12,False
9104743,11,False
9104744,10,False
9104745,12,False
9104746,12,False
9104747,12,False
9104748,12,False
9104749,12,False
9104750,14,False
9104751,11,False
9104752,9,False
9104753,10,False
9104754,13,False
9104755,10,False
9104756,14,False
9104757,10,False
9104758,14,False
9104759,10,False
9104760,12,False
9104761,10,False
9104762,11,False
9104763,10,False
9104764,14,False
9104765,9,False
9104766,14,False
9104767,12,False
9104768,11,False
9104769,12,False
9104770,12,False
9104771,9,False
9104772,12,False
9104773,11,False
9104774,12,False
9104775,16,False
9104776,14,False
9104777,9,False
9104778,11,False
9104779,11,False
9104780,10,False
9104781,10,False
9104782,11,False
9104783,10,False
9104784,12,False
9104785,14,False
9104786,12,False
9104787,12,False
9104788,14,False
9104789,14,False
9104790,14,False
9104791,14,False
9104792,10,False
9104793,11,False
9104794,11,False
9104795,11,False
9104796,11,False
9104797,14,False
9104798,12,False
9104799,12,False
9104800,12,False
9104801,14,False
9104802,14,False
9104803,11,False
9104804,11,False
9104805,12,False
9104806,14,False
9104807,10,False
9104808,9,False
9104809,11,False
9104810,12,False
9104811,10,False
9104812,13,False
9104813,14,False
9104814,11,False
9104815,12,False
9104816,12,False
9104817,13,False
9104818,11,False
9104819,14,False
9104820,12,False
9104821,12,False
9104822,14,False
9104823,16,False
9104824,14,False
9104825,12,False
9104826,12,False
9104827,16,False
9104828,10,False
9104829,14,False
9104830,12,False
9104831,9,False
9104832,15,False
9104833,12,False
9104834,11,False
9104835,10,False
9104836,12,False
9104837,11,False
9104838,13,False
9104839,14,False
9104840,16,False
9104841,9,False
9104842,16,False
9104843,12,False
9104844,11,False
9104845,11,False
9104846,9,False
9104847,15,False
9104848,14,False
9104849,10,False
9104850,11,False
9104851,14,False
9104852,12,False
9104853,10,False
9104854,12,False
9104855,11,False
9104856,9,False
9104857,12,False
9104858,14,False
9104859,13,False
9104860,10,False
9104861,14,False
9104862,16,False
9104863,14,False
9104864,8,False
9104865,10,False
9104866,14,False
9104867,14,False
9104868,11,False
9104869,14,False
9104870,11,False
9104871,11,False
9104872,12,False
9104873,16,False
9104874,10,False
9104875,14,False
9104876,12,False
9104877,13,False
9104878,14,False
9104879,10,False
9104880,12,False
9104881,11,False
9104882,14,False
9104883,14,False
9104884,12,False
9104885,10,False
9104886,12,False
9104887,11,False
9104888,12,False
9104889,11,False
9104890,14,False
9104891,12,False
9104892,15,False
9104893,11,False
9104894,16,False
9104895,13,False
9104896,14,False
9104897,14,False
9104898,12,False
9104899,11,False
9104900,12,False
9104901,12,False
9104902,10,False
9104903,6,False
9104904,12,False
9104905,15,False
9104906,14,False
9104907,16,False
9104908,11,False
9104909,14,False
9104910,10,False
9104911,11,False
9104912,16,False
9104913,13,False
9104914,10,False
9104915,12,False
9104916,9,False
9104917,10,False
9104918,14,False
9104919,12,False
9104920,14,False
9104921,12,False
9104922,12,False
9104923,12,False
9104924,18,False
9104925,11,False
9104926,12,False
9104927,12,False
9104928,12,False
9104929,8,False
9104930,10,False
9104931,11,False
9104932,13,False
9104933,12,False
9104934,8,False
9104935,12,False
9104936,10,False
9104937,9,False
9104938,11,False
9104939,12,False
9104940,12,False
9104941,15,False
9104942,12,False
9104943,12,False
9104944,12,False
9104945,12,False
9104946,15,False
9104947,13,False
9104948,16,False
9104949,10,False
9104950,14,False
9104951,12,False
9104952,14,False
9104953,10,False
9104954,12,False
9104955,14,False
9104956,8,False
9104957,12,False
9104958,12,False
9104959,12,False
9104960,12,False
9104961,13,False
9104962,13,False
9104963,13,False
9104964,11,False
9104965,11,False
9104966,14,False
9104967,8,False
9104968,10,False
9104969,13,False
9104970,13,False
9104971,12,False
9104972,14,False
9104973,16,False
9104974,12,False
9104975,9,False
9104976,13,False
9104977,14,False
9104978,12,False
9104979,14,False
9104980,12,False
9104981,13,False
9104982,12,False
9104983,12,False
9104984,12,False
9104985,13,False
9104986,14,False
9104987,8,False
9104988,12,False
9104989,12,False
9104990,14,False
9104991,8,False
9104992,12,False
9104993,13,False
9104994,14,False
9104995,16,False
9104996,12,False
9104997,14,False
9104998,10,False
9104999,9,False
9105000,11,False
9105001,11,False
9105002,13,False
9105003,10,False
9105004,12,False
9105005,12,False
9105006,14,False
9105007,14,False
9105008,14,False
9105009,18,False
9105010,16,False
9105011,14,False
9105012,10,False
9105013,10,False
9105014,9,False
9105015,10,False
9105016,11,False
9105017,9,False
9105018,12,False
9105019,11,False
9105020,8,False
9105021,10,False
9105022,16,False
9105023,16,False
9105024,12,False
9105025,12,False
9105026,10,False
9105027,8,False
9105028,14,False
9105029,11,False
9105030,9,False
9105031,11,False
9105032,14,False
9105033,13,False
9105034,8,False
9105035,16,False
9105036,10,False
9105037,11,False
9105038,10,False
9105039,11,False
9105040,12,False
9105041,14,False
9105042,11,False
9105043,14,False
9105044,16,False
9105045,8,False
9105046,16,False
9105047,9,False
9105048,13,False
9105049,9,False
9105050,12,False
9105051,11,False
9105052,11,False
9105053,11,False
9105054,11,False
9105055,14,False
9105056,10,False
9105057,12,False
9105058,12,False
9105059,14,False
9105060,12,False
9105061,10,False
9105062,11,False
9105063,14,False
9105064,14,False
9105065,16,False
9105066,12,False
9105067,10,False
9105068,12,False
9105069,14,False
9105070,11,False
9105071,12,False
9105072,15,False
9105073,14,False
9105074,12,False
9105075,14,False
9105076,12,False
9105077,11,False
9105078,8,False
9105079,13,False
9105080,9,False
9105081,12,False
9105082,14,False
9105083,14,False
9105084,11,False
9105085,12,False
9105086,16,False
9105087,10,False
9105088,14,False
9105089,10,False
9105090,11,False
9105091,12,False
9105092,11,False
9105093,12,False
9105094,16,False
9105095,15,False
9105096,11,False
9105097,11,False
9105098,10,False
9105099,14,False
9105100,14,False
9105101,12,False
9105102,9,False
9105103,12,False
9105104,13,False
9105105,12,False
9105106,14,False
9105107,12,False
9105108,11,False
9105109,12,False
9105110,14,False
9105111,14,False
9105112,11,False
9105113,16,False
9105114,11,False
9105115,10,False
9105116,8,False
9105117,8,False
9105118,11,False
9105119,14,False
9105120,14,False
9105121,13,False
9105122,14,False
9105123,12,False
9105124,14,False
9105125,16,False
9105126,12,False
9105127,11,False
9105128,14,False
9105129,9,False
9105130,12,False
9105131,10,False
9105132,13,False
9105133,9,False
9105134,13,False
9105135,12,False
9105136,10,False
9105137,12,False
9105138,10,False
9105139,12,False
9105140,13,False
9105141,12,False
9105142,14,False
9105143,12,False
9105144,14,False
9105145,13,False
9105146,12,False
9105147,14,False
9105148,12,False
9105149,12,False
9105150,9,False
9105151,11,False
9105152,12,False
9105153,13,False
9105154,10,False
9105155,10,False
9105156,10,False
9105157,12,False
9105158,8,False
9105159,12,False
9105160,13,False
9105161,16,False
9105162,14,False
9105163,12,False
9105164,14,False
9105165,12,False
9105166,10,False
9105167,12,False
9105168,10,False
9105169,12,False
9105170,11,False
9105171,14,False
9105172,14,False
9105173,16,False
9105174,10,False
9105175,12,False
9105176,13,False
9105177,9,False
9105178,13,False
9105179,16,False
9105180,7,False
9105181,12,False
9105182,14,False
9105183,11,False
9105184,12,False
9105185,8,False
9105186,13,False
9105187,10,False
9105188,14,False
9105189,10,False
9105190,12,False
9105191,11,False
9105192,13,False
9105193,16,False
9105194,13,False
9105195,16,False
9105196,16,False
9105197,12,False
9105198,10,False
9105199,13,False
9105200,9,False
9105201,14,False
9105202,12,False
9105203,10,False
9105204,16,False
9105205,14,False
9105206,12,False
9105207,10,False
9105208,12,False
9105209,11,False
9105210,11,False
9105211,14,False
9105212,10,False
9105213,11,False
9105214,13,False
9105215,10,False
9105216,12,False
9105217,14,False
9105218,14,False
9105219,10,False
9105220,10,False
9105221,11,False
9105222,14,False
9105223,12,False
9105224,14,False
9105225,14,False
9105226,10,False
9105227,11,False
9105228,12,False
9105229,14,False
9105230,14,False
9105231,14,False
9105232,16,False
9105233,8,False
9105234,13,False
9105235,13,False
9105236,16,False
9105237,11,False
9105238,13,False
9105239,12,False
9105240,10,False
9105241,10,False
9105242,12,False
9105243,9,False
9105244,11,False
9105245,11,False
9105246,11,False
9105247,12,False
9105248,10,False
9105249,10,False
9105250,12,False
9105251,9,False
9105252,11,False
9105253,10,False
9105254,14,False
9105255,12,False
9105256,13,False
9105257,16,False
9105258,12,False
9105259,12,False
9105260,10,False
9105261,13,False
9105262,12,False
9105263,14,False
9105264,11,False
9105265,16,False
9105266,9,False
9105267,13,False
9105268,11,False
9105269,12,False
9105270,11,False
9105271,11,False
9105272,10,False
9105273,7,False
9105274,14,False
9105275,12,False
9105276,10,False
9105277,12,False
9105278,12,False
9105279,12,False
9105280,13,False
9105281,10,False
9105282,12,False
9105283,9,False
9105284,16,False
9105285,12,False
9105286,9,False
9105287,9,False
9105288,6,False
9105289,12,False
9105290,11,False
9105291,8,False
9105292,7,False
9105293,14,False
9105294,12,False
9105295,16,False
9105296,13,False
9105297,12,False
9105298,12,False
9105299,16,False
9105300,11,False
9105301,13,False
9105302,8,False
9105303,10,False
9105304,14,False
9105305,13,False
9105306,14,False
9105307,13,False
9105308,12,False
9105309,14,False
9105310,12,False
9105311,12,False
9105312,14,False
9105313,11,False
9105314,10,False
9105315,12,False
9105316,15,False
9105317,12,False
9105318,10,False
9105319,8,False
9105320,12,False
9105321,11,False
9105322,12,False
9105323,13,False
9105324,12,False
9105325,13,False
9105326,10,False
9105327,12,False
9105328,10,False
9105329,13,False
9105330,11,False
9105331,12,False
9105332,10,False
9105333,11,False
9105334,10,False
9105335,14,False
9105336,10,False
9105337,12,False
9105338,14,False
9105339,14,False
9105340,13,False
9105341,12,False
9105342,13,False
9105343,11,False
9105344,12,False
9105345,12,False
9105346,13,False
9105347,14,False
9105348,12,False
9105349,9,False
9105350,13,False
9105351,13,False
9105352,8,False
9105353,12,False
9105354,12,False
9105355,11,False
9105356,14,False
9105357,5,False
9105358,12,False
9105359,12,False
9105360,14,False
9105361,14,False
9105362,16,False
9105363,10,False
9105364,12,False
9105365,14,False
9105366,10,False
9105367,12,False
9105368,12,False
9105369,14,False
9105370,11,False
9105371,14,False
9105372,11,False
9105373,8,False
9105374,13,False
9105375,9,False
9105376,12,False
9105377,12,False
9105378,9,False
9105379,16,False
9105380,10,False
9105381,14,False
9105382,12,False
9105383,10,False
9105384,13,False
9105385,13,False
9105386,12,False
9105387,9,False
9105388,10,False
9105389,11,False
9105390,10,False
9105391,12,False
9105392,14,False
9105393,12,False
9105394,11,False
9105395,12,False
9105396,16,False
9105397,15,False
9105398,14,False
9105399,13,False
9105400,13,False
9105401,14,False
9105402,16,False
9105403,12,False
9105404,14,False
9105405,14,False
9105406,13,False
9105407,14,False
9105408,14,False
9105409,16,False
9105410,10,False
9105411,14,False
9105412,14,False
9105413,10,False
9105414,14,False
9105415,12,False
9105416,10,False
9105417,13,False
9105418,14,False
9105419,12,False
9105420,14,False
9105421,12,False
9105422,12,False
9105423,12,False
9105424,10,False
9105425,12,False
9105426,16,False
9105427,12,False
9105428,12,False
9105429,12,False
9105430,14,False
9105431,14,False
9105432,10,False
9105433,10,False
9105434,12,False
9105435,10,False
9105436,14,False
9105437,13,False
9105438,14,False
9105439,14,False
9105440,12,False
9105441,14,False
9105442,14,False
9105443,11,False
9105444,14,False
9105445,13,False
9105446,11,False
9105447,12,False
9105448,10,False
9105449,14,False
9105450,14,False
9105451,13,False
9105452,12,False
9105453,14,False
9105454,11,False
9105455,9,False
9105456,12,False
9105457,10,False
9105458,12,False
9105459,16,False
9105460,10,False
9105461,12,False
9105462,11,False
9105463,12,False
9105464,9,False
9105465,10,False
9105466,6,False
9105467,14,False
9105468,13,False
9105469,13,False
9105470,8,False
9105471,12,False
9105472,14,False
9105473,12,False
9105474,12,False
9105475,11,False
9105476,9,False
9105477,12,False
9105478,9,False
9105479,12,False
9105480,12,False
9105481,11,False
9105482,14,False
9105483,11,False
9105484,11,False
9105485,12,False
9105486,14,False
9105487,12,False
9105488,14,False
9105489,13,False
9105490,11,False
9105491,13,False
9105492,12,False
9105493,12,False
9105494,12,False
9105495,10,False
9105496,12,False
9105497,8,False
9105498,12,False
9105499,10,False
9105500,10,False
9105501,13,False
9105502,10,False
9105503,9,False
9105504,11,False
9105505,14,False
9105506,10,False
9105507,9,False
9105508,10,False
9105509,12,False
9105510,12,False
9105511,13,False
9105512,12,False
9105513,14,False
9105514,14,False
9105515,9,False
9105516,7,False
9105517,9,False
9105518,11,False
9105519,12,False
9105520,11,False
9105521,13,False
9105522,14,False
9105523,12,False
9105524,12,False
9105525,10,False
9105526,13,False
9105527,12,False
9105528,16,False
9105529,11,False
9105530,13,False
9105531,14,False
9105532,11,False
9105533,11,False
9105534,12,False
9105535,10,False
9105536,9,False
9105537,13,False
9105538,14,False
9105539,12,False
9105540,8,False
9105541,14,False
9105542,16,False
9105543,11,False
9105544,14,False
9105545,10,False
9105546,16,False
9105547,10,False
9105548,10,False
9105549,14,False
9105550,11,False
9105551,9,False
9105552,11,False
9105553,10,False
9105554,13,False
9105555,13,False
9105556,13,False
9105557,11,False
9105558,10,False
9105559,9,False
9105560,12,False
9105561,12,False
9105562,9,False
9105563,10,False
9105564,12,False
9105565,12,False
9105566,10,False
9105567,13,False
9105568,11,False
9105569,14,False
9105570,16,False
9105571,10,False
9105572,12,False
9105573,12,False
9105574,12,False
9105575,9,False
9105576,10,False
9105577,12,False
9105578,9,False
9105579,14,False
9105580,13,False
9105581,14,False
9105582,14,False
9105583,13,False
9105584,12,False
9105585,12,False
9105586,11,False
9105587,8,False
9105588,11,False
9105589,15,False
9105590,12,False
9105591,6,False
9105592,12,False
9105593,12,False
9105594,9,False
9105595,14,False
9105596,11,False
9105597,10,False
9105598,13,False
9105599,12,False
9105600,14,False
9105601,14,False
9105602,10,False
9105603,17,False
9105604,12,False
9105605,10,False
9105606,16,False
9105607,10,False
9105608,16,False
9105609,14,False
9105610,8,False
9105611,12,False
9105612,10,False
9105613,12,False
9105614,10,False
9105615,12,False
9105616,13,False
9105617,11,False
9105618,14,False
9105619,13,False
9105620,14,False
9105621,11,False
9105622,8,False
9105623,11,False
9105624,13,False
9105625,14,False
9105626,16,False
9105627,11,False
9105628,12,False
9105629,14,False
9105630,12,False
9105631,12,False
9105632,14,False
9105633,13,False
9105634,10,False
9105635,10,False
9105636,12,False
9105637,11,False
9105638,8,False
9105639,14,False
9105640,10,False
9105641,10,False
9105642,14,False
9105643,13,False
9105644,12,False
9105645,10,False
9105646,12,False
9105647,11,False
9105648,12,False
9105649,14,False
9105650,12,False
9105651,12,False
9105652,14,False
9105653,13,False
9105654,13,False
9105655,13,False
9105656,13,False
9105657,14,False
9105658,10,False
9105659,11,False
9105660,13,False
9105661,12,False
9105662,12,False
9105663,13,False
9105664,13,False
9105665,10,False
9105666,9,False
9105667,14,False
9105668,10,False
9105669,10,False
9105670,14,False
9105671,12,False
9105672,11,False
9105673,10,False
9105674,14,False
9105675,15,False
9105676,14,False
9105677,14,False
9105678,12,False
9105679,9,False
9105680,14,False
9105681,12,False
9105682,12,False
9105683,15,False
9105684,16,False
9105685,12,False
9105686,12,False
9105687,16,False
9105688,12,False
9105689,10,False
9105690,12,False
9105691,14,False
9105692,9,False
9105693,12,False
9105694,11,False
9105695,15,False
9105696,9,False
9105697,8,False
9105698,8,False
9105699,12,False
9105700,10,False
9105701,11,False
9105702,6,False
9105703,12,False
9105704,10,False
9105705,10,False
9105706,11,False
9105707,12,False
9105708,10,False
9105709,15,False
9105710,10,False
9105711,14,False
9105712,10,False
9105713,14,False
9105714,12,False
9105715,12,False
9105716,14,False
9105717,12,False
9105718,14,False
9105719,9,False
9105720,12,False
9105721,11,False
9105722,14,False
9105723,16,False
9105724,10,False
9105725,12,False
9105726,12,False
9105727,14,False
9105728,11,False
9105729,10,False
9105730,9,False
9105731,10,False
9105732,10,False
9105733,13,False
9105734,16,False
9105735,12,False
9105736,12,False
9105737,14,False
9105738,12,False
9105739,10,False
9105740,11,False
9105741,14,False
9105742,8,False
9105743,12,False
9105744,8,False
9105745,16,False
9105746,12,False
9105747,11,False
9105748,14,False
9105749,12,False
9105750,14,False
9105751,12,False
9105752,10,False
9105753,14,False
9105754,14,False
9105755,13,False
9105756,14,False
9105757,16,False
9105758,14,False
9105759,16,False
9105760,15,False
9105761,10,False
9105762,10,False
9105763,14,False
9105764,14,False
9105765,12,False
9105766,11,False
9105767,11,False
9105768,14,False
9105769,10,False
9105770,10,False
9105771,12,False
9105772,14,False
9105773,12,False
9105774,16,False
9105775,10,False
9105776,8,False
9105777,14,False
9105778,9,False
9105779,12,False
9105780,12,False
9105781,12,False
9105782,14,False
9105783,10,False
9105784,13,False
9105785,9,False
9105786,10,False
9105787,8,False
9105788,11,False
9105789,14,False
9105790,11,False
9105791,11,False
9105792,10,False
9105793,12,False
9105794,10,False
9105795,14,False
9105796,14,False
9105797,10,False
9105798,12,False
9105799,12,False
9105800,14,False
9105801,14,False
9105802,14,False
9105803,8,False
9105804,16,False
9105805,13,False
9105806,12,False
9105807,14,False
9105808,12,False
9105809,12,False
9105810,8,False
9105811,9,False
9105812,12,False
9105813,12,False
9105814,12,False
9105815,12,False
9105816,11,False
9105817,13,False
9105818,8,False
9105819,12,False
9105820,14,False
9105821,8,False
9105822,13,False
9105823,12,False
9105824,12,False
9105825,10,False
9105826,13,False
9105827,10,False
9105828,14,False
9105829,14,False
9105830,11,False
9105831,12,False
9105832,12,False
9105833,12,False
9105834,11,False
9105835,12,False
9105836,10,False
9105837,12,False
9105838,12,False
9105839,9,False
9105840,11,False
9105841,11,False
9105842,14,False
9105843,12,False
9105844,12,False
9105845,14,False
9105846,11,False
9105847,10,False
9105848,12,False
9105849,10,False
9105850,12,False
9105851,14,False
9105852,16,False
9105853,12,False
9105854,12,False
9105855,12,False
9105856,10,False
9105857,14,False
9105858,14,False
9105859,13,False
9105860,14,False
9105861,12,False
9105862,7,False
9105863,12,False
9105864,11,False
9105865,11,False
9105866,14,False
9105867,11,False
9105868,14,False
9105869,10,False
9105870,10,False
9105871,13,False
9105872,13,False
9105873,12,False
9105874,12,False
9105875,13,False
9105876,10,False
9105877,14,False
9105878,12,False
9105879,11,False
9105880,14,False
9105881,9,False
9105882,11,False
9105883,10,False
9105884,12,False
9105885,13,False
9105886,12,False
9105887,10,False
9105888,14,False
9105889,16,False
9105890,14,False
9105891,11,False
9105892,12,False
9105893,8,False
9105894,12,False
9105895,10,False
9105896,14,False
9105897,13,False
9105898,13,False
9105899,10,False
9105900,14,False
9105901,12,False
9105902,10,False
9105903,16,False
9105904,12,False
9105905,13,False
9105906,14,False
9105907,10,False
9105908,13,False
9105909,16,False
9105910,14,False
9105911,14,False
9105912,14,False
9105913,11,False
9105914,12,False
9105915,14,False
9105916,9,False
9105917,10,False
9105918,7,False
9105919,8,False
9105920,9,False
9105921,13,False
9105922,9,False
9105923,16,False
9105924,12,False
9105925,10,False
9105926,14,False
9105927,16,False
9105928,12,False
9105929,11,False
9105930,12,False
9105931,9,False
9105932,12,False
9105933,13,False
9105934,13,False
9105935,14,False
9105936,12,False
9105937,10,False
9105938,10,False
9105939,13,False
9105940,16,False
9105941,12,False
9105942,12,False
9105943,9,False
9105944,12,False
9105945,9,False
9105946,14,False
9105947,14,False
9105948,12,False
9105949,14,False
9105950,14,False
9105951,8,False
9105952,14,False
9105953,10,False
9105954,12,False
9105955,12,False
9105956,14,False
9105957,11,False
9105958,9,False
9105959,12,False
9105960,12,False
9105961,10,False
9105962,14,False
9105963,9,False
9105964,11,False
9105965,14,False
9105966,12,False
9105967,12,False
9105968,10,False
9105969,10,False
9105970,10,False
9105971,16,False
9105972,10,False
9105973,13,False
9105974,12,False
9105975,14,False
9105976,10,False
9105977,11,False
9105978,12,False
9105979,13,False
9105980,11,False
9105981,13,False
9105982,16,False
9105983,12,False
9105984,10,False
9105985,12,False
9105986,14,False
9105987,11,False
9105988,12,False
9105989,12,False
9105990,14,False
9105991,13,False
9105992,11,False
9105993,15,False
9105994,14,False
9105995,14,False
9105996,13,False
9105997,12,False
9105998,12,False
9105999,10,False
9106000,12,False
9106001,14,False
9106002,14,False
9106003,8,False
9106004,14,False
9106005,9,False
9106006,12,False
9106007,13,False
9106008,14,False
9106009,13,False
9106010,12,False
9106011,12,False
9106012,14,False
9106013,12,False
9106014,16,False
9106015,10,False
9106016,14,False
9106017,14,False
9106018,10,False
9106019,11,False
9106020,11,False
9106021,12,False
9106022,11,False
9106023,12,False
9106024,8,False
9106025,13,False
9106026,10,False
9106027,12,False
9106028,12,False
9106029,12,False
9106030,12,False
9106031,16,False
9106032,14,False
9106033,12,False
9106034,12,False
9106035,10,False
9106036,14,False
9106037,10,False
9106038,12,False
9106039,12,False
9106040,13,False
9106041,12,False
9106042,11,False
9106043,14,False
9106044,14,False
9106045,14,False
9106046,10,False
9106047,13,False
9106048,14,False
9106049,10,False
9106050,14,False
9106051,10,False
9106052,14,False
9106053,11,False
9106054,12,False
9106055,12,False
9106056,12,False
9106057,9,False
9106058,12,False
9106059,14,False
9106060,12,False
9106061,8,False
9106062,14,False
9106063,11,False
9106064,10,False
9106065,10,False
9106066,12,False
9106067,12,False
9106068,12,False
9106069,12,False
9106070,10,False
9106071,14,False
9106072,10,False
9106073,14,False
9106074,14,False
9106075,9,False
9106076,14,False
9106077,10,False
9106078,13,False
9106079,10,False
9106080,10,False
9106081,14,False
9106082,10,False
9106083,9,False
9106084,12,False
9106085,14,False
9106086,16,False
9106087,14,False
9106088,14,False
9106089,12,False
9106090,14,False
9106091,11,False
9106092,10,False
9106093,12,False
9106094,12,False
9106095,14,False
9106096,11,False
9106097,13,False
9106098,16,False
9106099,10,False
9106100,12,False
9106101,14,False
9106102,14,False
9106103,14,False
9106104,12,False
9106105,15,False
9106106,10,False
9106107,10,False
9106108,11,False
9106109,9,False
9106110,13,False
9106111,11,False
9106112,8,False
9106113,11,False
9106114,11,False
9106115,9,False
9106116,14,False
9106117,12,False
9106118,10,False
9106119,9,False
9106120,14,False
9106121,13,False
9106122,10,False
9106123,12,False
9106124,12,False
9106125,14,False
9106126,10,False
9106127,11,False
9106128,12,False
9106129,10,False
9106130,8,False
9106131,12,False
9106132,9,False
9106133,12,False
9106134,10,False
9106135,12,False
9106136,13,False
9106137,13,False
9106138,12,False
9106139,12,False
9106140,13,False
9106141,11,False
9106142,16,False
9106143,12,False
9106144,14,False
9106145,12,False
9106146,12,False
9106147,10,False
9106148,11,False
9106149,11,False
9106150,13,False
9106151,12,False
9106152,9,False
9106153,10,False
9106154,10,False
9106155,12,False
9106156,16,False
9106157,12,False
9106158,12,False
9106159,12,False
9106160,14,False
9106161,10,False
9106162,9,False
9106163,11,False
9106164,14,False
9106165,12,False
9106166,10,False
9106167,12,False
9106168,10,False
9106169,16,False
9106170,12,False
9106171,15,False
9106172,13,False
9106173,12,False
9106174,14,False
9106175,16,False
9106176,12,False
9106177,9,False
9106178,10,False
9106179,9,False
9106180,14,False
9106181,12,False
9106182,12,False
9106183,8,False
9106184,11,False
9106185,11,False
9106186,10,False
9106187,13,False
9106188,12,False
9106189,12,False
9106190,13,False
9106191,12,False
9106192,16,False
9106193,10,False
9106194,13,False
9106195,10,False
9106196,11,False
9106197,12,False
9106198,14,False
9106199,12,False
9106200,12,False
9106201,16,False
9106202,12,False
9106203,8,False
9106204,13,False
9106205,14,False
9106206,13,False
9106207,12,False
9106208,14,False
9106209,14,False
9106210,10,False
9106211,10,False
9106212,14,False
9106213,11,False
9106214,11,False
9106215,14,False
9106216,14,False
9106217,14,False
9106218,14,False
9106219,14,False
9106220,16,False
9106221,12,False
9106222,13,False
9106223,16,False
9106224,14,False
9106225,14,False
9106226,10,False
9106227,15,False
9106228,12,False
9106229,14,False
9106230,11,False
9106231,14,False
9106232,16,False
9106233,11,False
9106234,14,False
9106235,14,False
9106236,11,False
9106237,10,False
9106238,9,False
9106239,14,False
9106240,13,False
9106241,10,False
9106242,13,False
9106243,14,False
9106244,13,False
9106245,12,False
9106246,12,False
9106247,11,False
9106248,12,False
9106249,12,False
9106250,14,False
9106251,14,False
9106252,9,False
9106253,10,False
9106254,14,False
9106255,12,False
9106256,13,False
9106257,13,False
9106258,14,False
9106259,10,False
9106260,11,False
9106261,13,False
9106262,10,False
9106263,10,False
9106264,12,False
9106265,16,False
9106266,10,False
9106267,14,False
9106268,9,False
9106269,10,False
9106270,11,False
9106271,10,False
9106272,12,False
9106273,15,False
9106274,14,False
9106275,10,False
9106276,12,False
9106277,14,False
9106278,13,False
9106279,16,False
9106280,12,False
9106281,13,False
9106282,12,False
9106283,14,False
9106284,12,False
9106285,11,False
9106286,16,False
9106287,12,False
9106288,8,False
9106289,10,False
9106290,11,False
9106291,10,False
9106292,12,False
9106293,12,False
9106294,12,False
9106295,14,False
9106296,11,False
9106297,11,False
9106298,14,False
9106299,11,False
9106300,16,False
9106301,10,False
9106302,14,False
9106303,15,False
9106304,14,False
9106305,11,False
9106306,10,False
9106307,12,False
9106308,10,False
9106309,11,False
9106310,10,False
9106311,13,False
9106312,8,False
9106313,13,False
9106314,14,False
9106315,14,False
9106316,11,False
9106317,11,False
9106318,11,False
9106319,13,False
9106320,9,False
9106321,12,False
9106322,14,False
9106323,13,False
9106324,9,False
9106325,10,False
9106326,16,False
9106327,11,False
9106328,12,False
9106329,12,False
9106330,12,False
9106331,14,False
9106332,10,False
9106333,10,False
9106334,12,False
9106335,12,False
9106336,14,False
9106337,16,False
9106338,13,False
9106339,13,False
9106340,13,False
9106341,10,False
9106342,12,False
9106343,12,False
9106344,7,False
9106345,9,False
9106346,14,False
9106347,14,False
9106348,12,False
9106349,10,False
9106350,11,False
9106351,12,False
9106352,12,False
9106353,12,False
9106354,9,False
9106355,12,False
9106356,11,False
9106357,11,False
9106358,14,False
9106359,13,False
9106360,11,False
9106361,11,False
9106362,13,False
9106363,12,False
9106364,10,False
9106365,8,False
9106366,10,False
9106367,12,False
9106368,9,False
9106369,10,False
9106370,10,False
9106371,13,False
9106372,10,False
9106373,14,False
9106374,14,False
9106375,12,False
9106376,12,False
9106377,9,False
9106378,11,False
9106379,10,False
9106380,14,False
9106381,12,False
9106382,9,False
9106383,14,False
9106384,12,False
9106385,11,False
9106386,11,False
9106387,14,False
9106388,9,False
9106389,13,False
9106390,12,False
9106391,14,False
9106392,10,False
9106393,14,False
9106394,12,False
9106395,12,False
9106396,12,False
9106397,14,False
9106398,13,False
9106399,11,False
9106400,10,False
9106401,12,False
9106402,12,False
9106403,16,False
9106404,14,False
9106405,14,False
9106406,11,False
9106407,14,False
9106408,13,False
9106409,12,False
9106410,10,False
9106411,10,False
9106412,14,False
9106413,14,False
9106414,13,False
9106415,8,False
9106416,14,False
9106417,8,False
9106418,16,False
9106419,10,False
9106420,10,False
9106421,11,False
9106422,12,False
9106423,14,False
9106424,18,False
9106425,15,False
9106426,13,False
9106427,16,False
9106428,13,False
9106429,14,False
9106430,8,False
9106431,13,False
9106432,14,False
9106433,11,False
9106434,11,False
9106435,9,False
9106436,9,False
9106437,12,False
9106438,14,False
9106439,10,False
9106440,14,False
9106441,10,False
9106442,12,False
9106443,12,False
9106444,14,False
9106445,16,False
9106446,12,False
9106447,13,False
9106448,12,False
9106449,14,False
9106450,12,False
9106451,12,False
9106452,10,False
9106453,13,False
9106454,12,False
9106455,12,False
9106456,15,False
9106457,11,False
9106458,12,False
9106459,11,False
9106460,14,False
9106461,10,False
9106462,8,False
9106463,12,False
9106464,12,False
9106465,14,False
9106466,11,False
9106467,10,False
9106468,12,False
9106469,13,False
9106470,9,False
9106471,12,False
9106472,9,False
9106473,14,False
9106474,13,False
9106475,16,False
9106476,9,False
9106477,10,False
9106478,10,False
9106479,12,False
9106480,16,False
9106481,10,False
9106482,11,False
9106483,12,False
9106484,11,False
9106485,12,False
9106486,12,False
9106487,14,False
9106488,8,False
9106489,12,False
9106490,14,False
9106491,10,False
9106492,9,False
9106493,13,False
9106494,11,False
9106495,9,False
9106496,16,False
9106497,14,False
9106498,13,False
9106499,14,False
9106500,13,False
9106501,12,False
9106502,14,False
9106503,12,False
9106504,9,False
9106505,12,False
9106506,12,False
9106507,12,False
9106508,14,False
9106509,14,False
9106510,11,False
9106511,12,False
9106512,12,False
9106513,12,False
9106514,10,False
9106515,16,False
9106516,14,False
9106517,12,False
9106518,14,False
9106519,11,False
9106520,12,False
9106521,12,False
9106522,9,False
9106523,10,False
9106524,12,False
9106525,14,False
9106526,15,False
9106527,10,False
9106528,12,False
9106529,13,False
9106530,14,False
9106531,11,False
9106532,12,False
9106533,14,False
9106534,16,False
9106535,11,False
9106536,8,False
9106537,14,False
9106538,12,False
9106539,14,False
9106540,10,False
9106541,11,False
9106542,12,False
9106543,12,False
9106544,11,False
9106545,11,False
9106546,10,False
9106547,16,False
9106548,10,False
9106549,10,False
9106550,10,False
9106551,14,False
9106552,12,False
9106553,13,False
9106554,12,False
9106555,14,False
9106556,10,False
9106557,10,False
9106558,12,False
9106559,12,False
9106560,12,False
9106561,12,False
9106562,12,False
9106563,15,False
9106564,12,False
9106565,12,False
9106566,14,False
9106567,9,False
9106568,14,False
9106569,14,False
9106570,10,False
9106571,14,False
9106572,11,False
9106573,12,False
9106574,11,False
9106575,14,False
9106576,12,False
9106577,12,False
9106578,12,False
9106579,14,False
9106580,12,False
9106581,12,False
9106582,10,False
9106583,12,False
9106584,12,False
9106585,10,False
9106586,12,False
9106587,12,False
9106588,14,False
9106589,14,False
9106590,13,False
9106591,12,False
9106592,10,False
9106593,14,False
9106594,12,False
9106595,12,False
9106596,12,False
9106597,11,False
9106598,10,False
9106599,14,False
9106600,15,False
9106601,14,False
9106602,14,False
9106603,12,False
9106604,12,False
9106605,12,False
9106606,9,False
9106607,8,False
9106608,12,False
9106609,11,False
9106610,11,False
9106611,12,False
9106612,11,False
9106613,11,False
9106614,15,False
9106615,9,False
9106616,16,False
9106617,14,False
9106618,12,False
9106619,12,False
9106620,16,False
9106621,11,False
9106622,11,False
9106623,12,False
9106624,12,False
9106625,12,False
9106626,12,False
9106627,12,False
9106628,14,False
9106629,9,False
9106630,14,False
9106631,10,False
9106632,14,False
9106633,12,False
9106634,16,False
9106635,12,False
9106636,16,False
9106637,12,False
9106638,14,False
9106639,8,False
9106640,11,False
9106641,11,False
9106642,10,False
9106643,8,False
9106644,14,False
9106645,14,False
9106646,10,False
9106647,11,False
9106648,12,False
9106649,11,False
9106650,9,False
9106651,13,False
9106652,11,False
9106653,11,False
9106654,10,False
9106655,14,False
9106656,14,False
9106657,14,False
9106658,10,False
9106659,9,False
9106660,14,False
9106661,10,False
9106662,12,False
9106663,14,False
9106664,12,False
9106665,14,False
9106666,16,False
9106667,13,False
9106668,12,False
9106669,12,False
9106670,13,False
9106671,12,False
9106672,12,False
9106673,12,False
9106674,12,False
9106675,12,False
9106676,12,False
9106677,16,False
9106678,12,False
9106679,8,False
9106680,12,False
9106681,14,False
9106682,14,False
9106683,12,False
9106684,10,False
9106685,11,False
9106686,10,False
9106687,12,False
9106688,12,False
9106689,12,False
9106690,14,False
9106691,14,False
9106692,12,False
9106693,12,False
9106694,11,False
9106695,12,False
9106696,11,False
9106697,12,False
9106698,12,False
9106699,14,False
9106700,12,False
9106701,9,False
9106702,13,False
9106703,12,False
9106704,10,False
9106705,11,False
9106706,12,False
9106707,12,False
9106708,12,False
9106709,14,False
9106710,10,False
9106711,16,False
9106712,11,False
9106713,11,False
9106714,12,False
9106715,14,False
9106716,10,False
9106717,10,False
9106718,10,False
9106719,14,False
9106720,12,False
9106721,14,False
9106722,10,False
9106723,10,False
9106724,11,False
9106725,11,False
9106726,11,False
9106727,14,False
9106728,9,False
9106729,10,False
9106730,12,False
9106731,13,False
9106732,10,False
9106733,10,False
9106734,14,False
9106735,11,False
9106736,8,False
9106737,7,False
9106738,12,False
9106739,11,False
9106740,12,False
9106741,7,False
9106742,12,False
9106743,13,False
9106744,14,False
9106745,12,False
9106746,12,False
9106747,14,False
9106748,12,False
9106749,10,False
9106750,10,False
9106751,10,False
9106752,11,False
9106753,12,False
9106754,16,False
9106755,13,False
9106756,12,False
9106757,12,False
9106758,10,False
9106759,12,False
9106760,11,False
9106761,12,False
9106762,10,False
9106763,14,False
9106764,10,False
9106765,12,False
9106766,14,False
9106767,11,False
9106768,10,False
9106769,11,False
9106770,12,False
9106771,14,False
9106772,16,False
9106773,12,False
9106774,10,False
9106775,14,False
9106776,14,False
9106777,12,False
9106778,13,False
9106779,10,False
9106780,8,False
9106781,16,False
9106782,12,False
9106783,12,False
9106784,9,False
9106785,14,False
9106786,14,False
9106787,9,False
9106788,10,False
9106789,11,False
9106790,13,False
9106791,16,False
9106792,13,False
9106793,9,False
9106794,14,False
9106795,12,False
9106796,16,False
9106797,11,False
9106798,11,False
9106799,10,False
9106800,14,False
9106801,11,False
9106802,12,False
9106803,14,False
9106804,13,False
9106805,14,False
9106806,14,False
9106807,10,False
9106808,11,False
9106809,11,False
9106810,10,False
9106811,13,False
9106812,11,False
9106813,14,False
9106814,12,False
9106815,11,False
9106816,12,False
9106817,13,False
9106818,10,False
9106819,14,False
9106820,14,False
9106821,11,False
9106822,12,False
9106823,16,False
9106824,12,False
9106825,12,False
9106826,14,False
9106827,16,False
9106828,12,False
9106829,12,False
9106830,12,False
9106831,14,False
9106832,12,False
9106833,13,False
9106834,11,False
9106835,14,False
9106836,14,False
9106837,9,False
9106838,11,False
9106839,13,False
9106840,11,False
9106841,14,False
9106842,13,False
9106843,14,False
9106844,14,False
9106845,14,False
9106846,14,False
9106847,9,False
9106848,14,False
9106849,11,False
9106850,12,False
9106851,12,False
9106852,8,False
9106853,14,False
9106854,12,False
9106855,13,False
9106856,13,False
9106857,14,False
9106858,11,False
9106859,11,False
9106860,12,False
9106861,16,False
9106862,11,False
9106863,16,False
9106864,11,False
9106865,10,False
9106866,14,False
9106867,8,False
9106868,14,False
9106869,13,False
9106870,16,False
9106871,10,False
9106872,14,False
9106873,14,False
9106874,16,False
9106875,11,False
9106876,9,False
9106877,12,False
9106878,9,False
9106879,8,False
9106880,11,False
9106881,10,False
9106882,14,False
9106883,14,False
9106884,16,False
9106885,13,False
9106886,10,False
9106887,12,False
9106888,14,False
9106889,12,False
9106890,12,False
9106891,18,False
9106892,13,False
9106893,14,False
9106894,10,False
9106895,13,False
9106896,12,False
9106897,10,False
9106898,10,False
9106899,12,False
9106900,13,False
9106901,8,False
9106902,11,False
9106903,12,False
9106904,14,False
9106905,12,False
9106906,11,False
9106907,13,False
9106908,12,False
9106909,16,False
9106910,9,False
9106911,13,False
9106912,11,False
9106913,10,False
9106914,12,False
9106915,13,False
9106916,14,False
9106917,12,False
9106918,11,False
9106919,13,False
9106920,7,False
9106921,12,False
9106922,12,False
9106923,12,False
9106924,12,False
9106925,10,False
9106926,14,False
9106927,14,False
9106928,11,False
9106929,10,False
9106930,12,False
9106931,9,False
9106932,14,False
9106933,11,False
9106934,12,False
9106935,12,False
9106936,9,False
9106937,16,False
9106938,14,False
9106939,12,False
9106940,10,False
9106941,16,False
9106942,14,False
9106943,11,False
9106944,12,False
9106945,14,False
9106946,11,False
9106947,11,False
9106948,10,False
9106949,10,False
9106950,9,False
9106951,14,False
9106952,12,False
9106953,14,False
9106954,14,False
9106955,12,False
9106956,14,False
9106957,12,False
9106958,11,False
9106959,12,False
9106960,11,False
9106961,11,False
9106962,10,False
9106963,14,False
9106964,10,False
9106965,13,False
9106966,14,False
9106967,16,False
9106968,9,False
9106969,12,False
9106970,13,False
9106971,10,False
9106972,14,False
9106973,10,False
9106974,14,False
9106975,17,False
9106976,10,False
9106977,13,False
9106978,10,False
9106979,8,False
9106980,12,False
9106981,14,False
9106982,14,False
9106983,10,False
9106984,12,False
9106985,11,False
9106986,9,False
9106987,12,False
9106988,9,False
9106989,16,False
9106990,12,False
9106991,12,False
9106992,14,False
9106993,9,False
9106994,14,False
9106995,13,False
9106996,16,False
9106997,10,False
9106998,12,False
9106999,13,False
9107000,14,False
9107001,12,False
9107002,8,False
9107003,6,False
9107004,14,False
9107005,10,False
9107006,14,False
9107007,11,False
9107008,11,False
9107009,7,False
9107010,13,False
9107011,12,False
9107012,11,False
9107013,12,False
9107014,16,False
9107015,11,False
9107016,9,False
9107017,14,False
9107018,12,False
9107019,10,False
9107020,14,False
9107021,12,False
9107022,14,False
9107023,9,False
9107024,10,False
9107025,10,False
9107026,12,False
9107027,14,False
9107028,12,False
9107029,9,False
9107030,10,False
9107031,11,False
9107032,11,False
9107033,10,False
9107034,16,False
9107035,14,False
9107036,11,False
9107037,12,False
9107038,12,False
9107039,12,False
9107040,13,False
9107041,10,False
9107042,14,False
9107043,14,False
9107044,9,False
9107045,11,False
9107046,14,False
9107047,11,False
9107048,14,False
9107049,12,False
9107050,10,False
9107051,10,False
9107052,13,False
9107053,12,False
9107054,14,False
9107055,12,False
9107056,11,False
9107057,13,False
9107058,11,False
9107059,12,False
9107060,12,False
9107061,11,False
9107062,14,False
9107063,12,False
9107064,11,False
9107065,14,False
9107066,14,False
9107067,14,False
9107068,10,False
9107069,14,False
9107070,12,False
9107071,14,False
9107072,14,False
9107073,14,False
9107074,12,False
9107075,12,False
9107076,13,False
9107077,12,False
9107078,10,False
9107079,13,False
9107080,9,False
9107081,11,False
9107082,14,False
9107083,12,False
9107084,14,False
9107085,10,False
9107086,16,False
9107087,10,False
9107088,8,False
9107089,16,False
9107090,13,False
9107091,13,False
9107092,9,False
9107093,13,False
9107094,10,False
9107095,10,False
9107096,10,False
9107097,14,False
9107098,12,False
9107099,14,False
9107100,16,False
9107101,10,False
9107102,12,False
9107103,14,False
9107104,15,False
9107105,11,False
9107106,11,False
9107107,10,False
9107108,9,False
9107109,10,False
9107110,14,False
9107111,12,False
9107112,8,False
9107113,11,False
9107114,7,False
9107115,12,False
9107116,10,False
9107117,10,False
9107118,10,False
9107119,16,False
9107120,12,False
9107121,12,False
9107122,13,False
9107123,12,False
9107124,12,False
9107125,10,False
9107126,16,False
9107127,13,False
9107128,12,False
9107129,7,False
9107130,12,False
9107131,11,False
9107132,10,False
9107133,14,False
9107134,12,False
9107135,14,False
9107136,11,False
9107137,12,False
9107138,12,False
9107139,16,False
9107140,10,False
9107141,11,False
9107142,10,False
9107143,14,False
9107144,9,False
9107145,13,False
9107146,14,False
9107147,9,False
9107148,13,False
9107149,11,False
9107150,14,False
9107151,14,False
9107152,12,False
9107153,12,False
9107154,12,False
9107155,12,False
9107156,13,False
9107157,13,False
9107158,13,False
9107159,8,False
9107160,5,False
9107161,12,False
9107162,13,False
9107163,8,False
9107164,14,False
9107165,12,False
9107166,13,False
9107167,10,False
9107168,12,False
9107169,16,False
9107170,14,False
9107171,10,False
9107172,14,False
9107173,11,False
9107174,12,False
9107175,14,False
9107176,11,False
9107177,10,False
9107178,12,False
9107179,13,False
9107180,14,False
9107181,12,False
9107182,11,False
9107183,11,False
9107184,9,False
9107185,11,False
9107186,12,False
9107187,10,False
9107188,10,False
9107189,12,False
9107190,12,False
9107191,12,False
9107192,12,False
9107193,12,False
9107194,12,False
9107195,12,False
9107196,12,False
9107197,14,False
9107198,14,False
9107199,12,False
9107200,12,False
9107201,11,False
9107202,12,False
9107203,12,False
9107204,13,False
9107205,14,False
9107206,12,False
9107207,12,False
9107208,13,False
9107209,11,False
9107210,12,False
9107211,11,False
9107212,13,False
9107213,14,False
9107214,14,False
9107215,12,False
9107216,12,False
9107217,10,False
9107218,13,False
9107219,13,False
9107220,11,False
9107221,12,False
9107222,14,False
9107223,13,False
9107224,10,False
9107225,14,False
9107226,16,False
9107227,16,False
9107228,13,False
9107229,11,False
9107230,11,False
9107231,14,False
9107232,10,False
9107233,8,False
9107234,10,False
9107235,12,False
9107236,10,False
9107237,14,False
9107238,8,False
9107239,14,False
9107240,11,False
9107241,13,False
9107242,9,False
9107243,11,False
9107244,12,False
9107245,11,False
9107246,14,False
9107247,13,False
9107248,14,False
9107249,11,False
9107250,13,False
9107251,14,False
9107252,11,False
9107253,9,False
9107254,11,False
9107255,12,False
9107256,13,False
9107257,12,False
9107258,12,False
9107259,8,False
9107260,14,False
9107261,11,False
9107262,13,False
9107263,14,False
9107264,13,False
9107265,10,False
9107266,10,False
9107267,12,False
9107268,12,False
9107269,16,False
9107270,11,False
9107271,12,False
9107272,9,False
9107273,12,False
9107274,13,False
9107275,11,False
9107276,12,False
9107277,10,False
9107278,10,False
9107279,11,False
9107280,8,False
9107281,11,False
9107282,11,False
9107283,16,False
9107284,11,False
9107285,14,False
9107286,12,False
9107287,12,False
9107288,13,False
9107289,10,False
9107290,10,False
9107291,11,False
9107292,12,False
9107293,12,False
9107294,12,False
9107295,12,False
9107296,12,False
9107297,12,False
9107298,11,False
9107299,13,False
9107300,13,False
9107301,12,False
9107302,10,False
9107303,12,False
9107304,9,False
9107305,16,False
9107306,11,False
9107307,12,False
9107308,11,False
9107309,12,False
9107310,12,False
9107311,9,False
9107312,14,False
9107313,16,False
9107314,16,False
9107315,14,False
9107316,11,False
9107317,10,False
9107318,14,False
9107319,10,False
9107320,13,False
9107321,9,False
9107322,11,False
9107323,12,False
9107324,13,False
9107325,16,False
9107326,10,False
9107327,11,False
9107328,12,False
9107329,12,False
9107330,11,False
9107331,14,False
9107332,11,False
9107333,18,False
9107334,12,False
9107335,9,False
9107336,10,False
9107337,12,False
9107338,12,False
9107339,14,False
9107340,14,False
9107341,14,False
9107342,9,False
9107343,14,False
9107344,12,False
9107345,11,False
9107346,12,False
9107347,14,False
9107348,10,False
9107349,14,False
9107350,12,False
9107351,8,False
9107352,10,False
9107353,11,False
9107354,14,False
9107355,13,False
9107356,12,False
9107357,9,False
9107358,10,False
9107359,8,False
9107360,14,False
9107361,10,False
9107362,10,False
9107363,10,False
9107364,9,False
9107365,12,False
9107366,14,False
9107367,12,False
9107368,12,False
9107369,12,False
9107370,12,False
9107371,9,False
9107372,13,False
9107373,11,False
9107374,16,False
9107375,12,False
9107376,12,False
9107377,16,False
9107378,12,False
9107379,10,False
9107380,12,False
9107381,11,False
9107382,15,False
9107383,10,False
9107384,11,False
9107385,12,False
9107386,11,False
9107387,14,False
9107388,12,False
9107389,9,False
9107390,13,False
9107391,16,False
9107392,11,False
9107393,14,False
9107394,11,False
9107395,13,False
9107396,12,False
9107397,11,False
9107398,12,False
9107399,12,False
9107400,13,False
9107401,14,False
9107402,11,False
9107403,11,False
9107404,16,False
9107405,8,False
9107406,10,False
9107407,12,False
9107408,12,False
9107409,11,False
9107410,12,False
9107411,9,False
9107412,12,False
9107413,13,False
9107414,11,False
9107415,11,False
9107416,10,False
9107417,9,False
9107418,10,False
9107419,10,False
9107420,18,False
9107421,12,False
9107422,10,False
9107423,14,False
9107424,12,False
9107425,14,False
9107426,10,False
9107427,9,False
9107428,14,False
9107429,16,False
9107430,14,False
9107431,12,False
9107432,13,False
9107433,13,False
9107434,12,False
9107435,12,False
9107436,11,False
9107437,12,False
9107438,12,False
9107439,12,False
9107440,13,False
9107441,14,False
9107442,12,False
9107443,11,False
9107444,8,False
9107445,14,False
9107446,12,False
9107447,14,False
9107448,14,False
9107449,10,False
9107450,10,False
9107451,14,False
9107452,10,False
9107453,12,False
9107454,10,False
9107455,12,False
9107456,8,False
9107457,12,False
9107458,7,False
9107459,13,False
9107460,12,False
9107461,12,False
9107462,12,False
9107463,14,False
9107464,12,False
9107465,6,False
9107466,10,False
9107467,13,False
9107468,12,False
9107469,16,False
9107470,11,False
9107471,14,False
9107472,12,False
9107473,12,False
9107474,13,False
9107475,14,False
9107476,14,False
9107477,8,False
9107478,12,False
9107479,10,False
9107480,14,False
9107481,12,False
9107482,12,False
9107483,11,False
9107484,9,False
9107485,10,False
9107486,14,False
9107487,11,False
9107488,14,False
9107489,14,False
9107490,10,False
9107491,11,False
9107492,12,False
9107493,14,False
9107494,11,False
9107495,14,False
9107496,14,False
9107497,14,False
9107498,12,False
9107499,16,False
9107500,14,False
9107501,12,False
9107502,13,False
9107503,13,False
9107504,14,False
9107505,14,False
9107506,14,False
9107507,9,False
9107508,9,False
9107509,13,False
9107510,12,False
9107511,12,False
9107512,13,False
9107513,13,False
9107514,10,False
9107515,11,False
9107516,11,False
9107517,14,False
9107518,13,False
9107519,10,False
9107520,14,False
9107521,11,False
9107522,10,False
9107523,12,False
9107524,9,False
9107525,14,False
9107526,13,False
9107527,11,False
9107528,11,False
9107529,11,False
9107530,12,False
9107531,12,False
9107532,14,False
9107533,12,False
9107534,14,False
9107535,16,False
9107536,13,False
9107537,10,False
9107538,15,False
9107539,14,False
9107540,10,False
9107541,10,False
9107542,13,False
9107543,12,False
9107544,12,False
9107545,13,False
9107546,14,False
9107547,14,False
9107548,11,False
9107549,14,False
9107550,14,False
9107551,13,False
9107552,12,False
9107553,12,False
9107554,10,False
9107555,12,False
9107556,13,False
9107557,8,False
9107558,14,False
9107559,11,False
9107560,8,False
9107561,12,False
9107562,12,False
9107563,12,False
9107564,14,False
9107565,13,False
9107566,12,False
9107567,10,False
9107568,11,False
9107569,10,False
9107570,12,False
9107571,14,False
9107572,9,False
9107573,14,False
9107574,11,False
9107575,11,False
9107576,14,False
9107577,12,False
9107578,11,False
9107579,14,False
9107580,10,False
9107581,9,False
9107582,12,False
9107583,12,False
9107584,10,False
9107585,12,False
9107586,8,False
9107587,11,False
9107588,10,False
9107589,12,False
9107590,12,False
9107591,12,False
9107592,14,False
9107593,14,False
9107594,10,False
9107595,12,False
9107596,10,False
9107597,10,False
9107598,11,False
9107599,10,False
9107600,12,False
9107601,10,False
9107602,12,False
9107603,14,False
9107604,14,False
9107605,12,False
9107606,11,False
9107607,12,False
9107608,13,False
9107609,14,False
9107610,11,False
9107611,11,False
9107612,11,False
9107613,11,False
9107614,12,False
9107615,10,False
9107616,10,False
9107617,11,False
9107618,11,False
9107619,14,False
9107620,12,False
9107621,12,False
9107622,12,False
9107623,10,False
9107624,11,False
9107625,10,False
9107626,10,False
9107627,13,False
9107628,16,False
9107629,12,False
9107630,10,False
9107631,12,False
9107632,16,False
9107633,10,False
9107634,9,False
9107635,9,False
9107636,9,False
9107637,13,False
9107638,16,False
9107639,12,False
9107640,11,False
9107641,14,False
9107642,13,False
9107643,16,False
9107644,12,False
9107645,14,False
9107646,9,False
9107647,16,False
9107648,12,False
9107649,13,False
9107650,10,False
9107651,11,False
9107652,14,False
9107653,12,False
9107654,13,False
9107655,14,False
9107656,12,False
9107657,13,False
9107658,13,False
9107659,11,False
9107660,12,False
9107661,12,False
9107662,14,False
9107663,9,False
9107664,12,False
9107665,16,False
9107666,14,False
9107667,12,False
9107668,13,False
9107669,9,False
9107670,14,False
9107671,10,False
9107672,9,False
9107673,12,False
9107674,14,False
9107675,14,False
9107676,13,False
9107677,11,False
9107678,10,False
9107679,11,False
9107680,12,False
9107681,10,False
9107682,11,False
9107683,12,False
9107684,12,False
9107685,10,False
9107686,9,False
9107687,9,False
9107688,13,False
9107689,10,False
9107690,13,False
9107691,10,False
9107692,12,False
9107693,14,False
9107694,10,False
9107695,12,False
9107696,11,False
9107697,14,False
9107698,10,False
9107699,9,False
9107700,10,False
9107701,12,False
9107702,14,False
9107703,12,False
9107704,13,False
9107705,12,False
9107706,14,False
9107707,16,False
9107708,9,False
9107709,14,False
9107710,11,False
9107711,10,False
9107712,13,False
9107713,10,False
9107714,10,False
9107715,13,False
9107716,12,False
9107717,14,False
9107718,12,False
9107719,10,False
9107720,13,False
9107721,12,False
9107722,9,False
9107723,12,False
9107724,11,False
9107725,16,False
9107726,12,False
9107727,8,False
9107728,14,False
9107729,12,False
9107730,14,False
9107731,11,False
9107732,13,False
9107733,12,False
9107734,9,False
9107735,14,False
9107736,12,False
9107737,12,False
9107738,12,False
9107739,14,False
9107740,13,False
9107741,14,False
9107742,10,False
9107743,12,False
9107744,14,False
9107745,12,False
9107746,10,False
9107747,10,False
9107748,12,False
9107749,12,False
9107750,11,False
9107751,13,False
9107752,11,False
9107753,16,False
9107754,12,False
9107755,12,False
9107756,12,False
9107757,8,False
9107758,12,False
9107759,16,False
9107760,8,False
9107761,10,False
9107762,11,False
9107763,14,False
9107764,10,False
9107765,14,False
9107766,14,False
9107767,12,False
9107768,11,False
9107769,10,False
9107770,14,False
9107771,16,False
9107772,13,False
9107773,14,False
9107774,10,False
9107775,10,False
9107776,10,False
9107777,14,False
9107778,9,False
9107779,16,False
9107780,10,False
9107781,14,False
9107782,12,False
9107783,13,False
9107784,14,False
9107785,9,False
9107786,14,False
9107787,12,False
9107788,12,False
9107789,16,False
9107790,11,False
9107791,10,False
9107792,14,False
9107793,12,False
9107794,13,False
9107795,14,False
9107796,12,False
9107797,11,False
9107798,12,False
9107799,11,False
9107800,12,False
9107801,13,False
9107802,11,False
9107803,12,False
9107804,13,False
9107805,14,False
9107806,12,False
9107807,12,False
9107808,13,False
9107809,14,False
9107810,11,False
9107811,14,False
9107812,14,False
9107813,13,False
9107814,15,False
9107815,8,False
9107816,12,False
9107817,14,False
9107818,12,False
9107819,14,False
9107820,16,False
9107821,10,False
9107822,10,False
9107823,12,False
9107824,12,False
9107825,12,False
9107826,10,False
9107827,14,False
9107828,14,False
9107829,11,False
9107830,12,False
9107831,16,False
9107832,14,False
9107833,12,False
9107834,12,False
9107835,12,False
9107836,14,False
9107837,14,False
9107838,14,False
9107839,11,False
9107840,16,False
9107841,14,False
9107842,12,False
9107843,10,False
9107844,10,False
9107845,13,False
9107846,14,False
9107847,16,False
9107848,12,False
9107849,12,False
9107850,14,False
9107851,14,False
9107852,14,False
9107853,10,False
9107854,8,False
9107855,13,False
9107856,10,False
9107857,13,False
9107858,12,False
9107859,12,False
9107860,10,False
9107861,13,False
9107862,14,False
9107863,14,False
9107864,14,False
9107865,11,False
9107866,16,False
9107867,12,False
9107868,13,False
9107869,13,False
9107870,14,False
9107871,10,False
9107872,13,False
9107873,10,False
9107874,14,False
9107875,12,False
9107876,14,False
9107877,14,False
9107878,12,False
9107879,14,False
9107880,13,False
9107881,13,False
9107882,15,False
9107883,8,False
9107884,10,False
9107885,11,False
9107886,12,False
9107887,14,False
9107888,11,False
9107889,9,False
9107890,14,False
9107891,10,False
9107892,14,False
9107893,11,False
9107894,12,False
9107895,13,False
9107896,11,False
9107897,14,False
9107898,12,False
9107899,9,False
9107900,10,False
9107901,8,False
9107902,13,False
9107903,13,False
9107904,12,False
9107905,14,False
9107906,13,False
9107907,14,False
9107908,14,False
9107909,14,False
9107910,14,False
9107911,14,False
9107912,12,False
9107913,14,False
9107914,12,False
9107915,16,False
9107916,11,False
9107917,13,False
9107918,13,False
9107919,14,False
9107920,14,False
9107921,14,False
9107922,9,False
9107923,14,False
9107924,14,False
9107925,10,False
9107926,10,False
9107927,13,False
9107928,12,False
9107929,14,False
9107930,10,False
9107931,14,False
9107932,9,False
9107933,15,False
9107934,12,False
9107935,14,False
9107936,12,False
9107937,12,False
9107938,12,False
9107939,11,False
9107940,12,False
9107941,9,False
9107942,14,False
9107943,14,False
9107944,13,False
9107945,11,False
9107946,10,False
9107947,14,False
9107948,13,False
9107949,10,False
9107950,10,False
9107951,12,False
9107952,13,False
9107953,16,False
9107954,10,False
9107955,15,False
9107956,13,False
9107957,16,False
9107958,9,False
9107959,8,False
9107960,12,False
9107961,12,False
9107962,13,False
9107963,10,False
9107964,10,False
9107965,13,False
9107966,14,False
9107967,10,False
9107968,12,False
9107969,14,False
9107970,10,False
9107971,10,False
9107972,14,False
9107973,12,False
9107974,14,False
9107975,12,False
9107976,11,False
9107977,16,False
9107978,14,False
9107979,11,False
9107980,15,False
9107981,14,False
9107982,14,False
9107983,11,False
9107984,11,False
9107985,13,False
9107986,12,False
9107987,14,False
9107988,8,False
9107989,14,False
9107990,14,False
9107991,8,False
9107992,11,False
9107993,10,False
9107994,9,False
9107995,11,False
9107996,14,False
9107997,14,False
9107998,13,False
9107999,11,False
9108000,10,False
9108001,12,False
9108002,16,False
9108003,12,False
9108004,13,False
9108005,12,False
9108006,12,False
9108007,14,False
9108008,13,False
9108009,9,False
9108010,12,False
9108011,10,False
9108012,12,False
9108013,11,False
9108014,10,False
9108015,14,False
9108016,11,False
9108017,8,False
9108018,12,False
9108019,11,False
9108020,10,False
9108021,9,False
9108022,11,False
9108023,10,False
9108024,10,False
9108025,10,False
9108026,12,False
9108027,12,False
9108028,11,False
9108029,12,False
9108030,14,False
9108031,14,False
9108032,10,False
9108033,10,False
9108034,16,False
9108035,11,False
9108036,12,False
9108037,13,False
9108038,11,False
9108039,10,False
9108040,9,False
9108041,12,False
9108042,14,False
9108043,10,False
9108044,9,False
9108045,10,False
9108046,13,False
9108047,12,False
9108048,14,False
9108049,12,False
9108050,14,False
9108051,12,False
9108052,13,False
9108053,14,False
9108054,14,False
9108055,14,False
9108056,11,False
9108057,10,False
9108058,10,False
9108059,12,False
9108060,11,False
9108061,10,False
9108062,14,False
9108063,10,False
9108064,11,False
9108065,10,False
9108066,13,False
9108067,14,False
9108068,12,False
9108069,11,False
9108070,9,False
9108071,11,False
9108072,11,False
9108073,12,False
9108074,14,False
9108075,10,False
9108076,11,False
9108077,11,False
9108078,10,False
9108079,11,False
9108080,11,False
9108081,10,False
9108082,12,False
9108083,13,False
9108084,11,False
9108085,12,False
9108086,16,False
9108087,13,False
9108088,6,False
9108089,10,False
9108090,12,False
9108091,10,False
9108092,14,False
9108093,12,False
9108094,11,False
9108095,14,False
9108096,12,False
9108097,9,False
9108098,14,False
9108099,14,False
9108100,11,False
9108101,10,False
9108102,16,False
9108103,14,False
9108104,11,False
9108105,10,False
9108106,11,False
9108107,11,False
9108108,14,False
9108109,11,False
9108110,8,False
9108111,8,False
9108112,12,False
9108113,12,False
9108114,11,False
9108115,12,False
9108116,14,False
9108117,11,False
9108118,16,False
9108119,12,False
9108120,9,False
9108121,11,False
9108122,12,False
9108123,14,False
9108124,13,False
9108125,18,False
9108126,11,False
9108127,12,False
9108128,12,False
9108129,12,False
9108130,16,False
9108131,12,False
9108132,10,False
9108133,11,False
9108134,13,False
9108135,12,False
9108136,16,False
9108137,12,False
9108138,14,False
9108139,7,False
9108140,8,False
9108141,12,False
9108142,14,False
9108143,14,False
9108144,11,False
9108145,11,False
9108146,13,False
9108147,14,False
9108148,11,False
9108149,12,False
9108150,12,False
9108151,10,False
9108152,13,False
9108153,9,False
9108154,7,False
9108155,16,False
9108156,13,False
9108157,10,False
9108158,10,False
9108159,10,False
9108160,12,False
9108161,10,False
9108162,10,False
9108163,11,False
9108164,14,False
9108165,12,False
9108166,16,False
9108167,8,False
9108168,12,False
9108169,14,False
9108170,14,False
9108171,14,False
9108172,12,False
9108173,14,False
9108174,12,False
9108175,14,False
9108176,12,False
9108177,12,False
9108178,14,False
9108179,10,False
9108180,13,False
9108181,12,False
9108182,14,False
9108183,12,False
9108184,16,False
9108185,10,False
9108186,9,False
9108187,13,False
9108188,12,False
9108189,10,False
9108190,12,False
9108191,14,False
9108192,12,False
9108193,16,False
9108194,14,False
9108195,14,False
9108196,9,False
9108197,12,False
9108198,10,False
9108199,10,False
9108200,14,False
9108201,12,False
9108202,16,False
9108203,13,False
9108204,10,False
9108205,16,False
9108206,14,False
9108207,9,False
9108208,14,False
9108209,10,False
9108210,14,False
9108211,12,False
9108212,14,False
9108213,12,False
9108214,14,False
9108215,16,False
9108216,14,False
9108217,14,False
9108218,8,False
9108219,12,False
9108220,11,False
9108221,14,False
9108222,10,False
9108223,11,False
9108224,12,False
9108225,8,False
9108226,11,False
9108227,12,False
9108228,14,False
9108229,13,False
9108230,10,False
9108231,12,False
9108232,12,False
9108233,12,False
9108234,11,False
9108235,9,False
9108236,10,False
9108237,8,False
9108238,11,False
9108239,14,False
9108240,13,False
9108241,12,False
9108242,11,False
9108243,11,False
9108244,10,False
9108245,16,False
9108246,16,False
9108247,11,False
9108248,14,False
9108249,10,False
9108250,12,False
9108251,12,False
9108252,12,False
9108253,11,False
9108254,13,False
9108255,14,False
9108256,8,False
9108257,7,False
9108258,12,False
9108259,12,False
9108260,13,False
9108261,14,False
9108262,14,False
9108263,12,False
9108264,12,False
9108265,14,False
9108266,10,False
9108267,12,False
9108268,10,False
9108269,12,False
9108270,14,False
9108271,9,False
9108272,10,False
9108273,12,False
9108274,12,False
9108275,11,False
9108276,16,False
9108277,10,False
9108278,15,False
9108279,12,False
9108280,13,False
9108281,10,False
9108282,7,False
9108283,12,False
9108284,11,False
9108285,10,False
9108286,12,False
9108287,9,False
9108288,12,False
9108289,9,False
9108290,9,False
9108291,10,False
9108292,14,False
9108293,10,False
9108294,14,False
9108295,16,False
9108296,11,False
9108297,10,False
9108298,10,False
9108299,12,False
9108300,11,False
9108301,10,False
9108302,12,False
9108303,16,False
9108304,11,False
9108305,10,False
9108306,12,False
9108307,14,False
9108308,10,False
9108309,10,False
9108310,12,False
9108311,9,False
9108312,10,False
9108313,13,False
9108314,10,False
9108315,10,False
9108316,11,False
9108317,16,False
9108318,9,False
9108319,7,False
9108320,10,False
9108321,11,False
9108322,14,False
9108323,10,False
9108324,14,False
9108325,10,False
9108326,12,False
9108327,14,False
9108328,14,False
9108329,14,False
9108330,12,False
9108331,14,False
9108332,11,False
9108333,12,False
9108334,11,False
9108335,12,False
9108336,11,False
9108337,12,False
9108338,13,False
9108339,10,False
9108340,11,False
9108341,15,False
9108342,16,False
9108343,12,False
9108344,10,False
9108345,9,False
9108346,12,False
9108347,12,False
9108348,12,False
9108349,11,False
9108350,14,False
9108351,11,False
9108352,12,False
9108353,15,False
9108354,11,False
9108355,9,False
9108356,9,False
9108357,10,False
9108358,8,False
9108359,14,False
9108360,12,False
9108361,11,False
9108362,12,False
9108363,10,False
9108364,12,False
9108365,11,False
9108366,10,False
9108367,16,False
9108368,10,False
9108369,13,False
9108370,13,False
9108371,9,False
9108372,9,False
9108373,14,False
9108374,10,False
9108375,13,False
9108376,12,False
9108377,12,False
9108378,12,False
9108379,11,False
9108380,12,False
9108381,12,False
9108382,10,False
9108383,14,False
9108384,11,False
9108385,11,False
9108386,10,False
9108387,16,False
9108388,12,False
9108389,14,False
9108390,16,False
9108391,11,False
9108392,10,False
9108393,10,False
9108394,10,False
9108395,10,False
9108396,13,False
9108397,10,False
9108398,11,False
9108399,13,False
9108400,12,False
9108401,14,False
9108402,8,False
9108403,14,False
9108404,10,False
9108405,9,False
9108406,9,False
9108407,12,False
9108408,13,False
9108409,13,False
9108410,12,False
9108411,10,False
9108412,14,False
9108413,14,False
9108414,12,False
9108415,10,False
9108416,10,False
9108417,12,False
9108418,10,False
9108419,12,False
9108420,12,False
9108421,11,False
9108422,9,False
9108423,12,False
9108424,16,False
9108425,12,False
9108426,10,False
9108427,12,False
9108428,10,False
9108429,11,False
9108430,14,False
9108431,11,False
9108432,13,False
9108433,9,False
9108434,12,False
9108435,13,False
9108436,12,False
9108437,16,False
9108438,12,False
9108439,10,False
9108440,12,False
9108441,14,False
9108442,12,False
9108443,12,False
9108444,12,False
9108445,13,False
9108446,14,False
9108447,11,False
9108448,13,False
9108449,10,False
9108450,14,False
9108451,13,False
9108452,10,False
9108453,10,False
9108454,10,False
9108455,14,False
9108456,10,False
9108457,14,False
9108458,10,False
9108459,14,False
9108460,12,False
9108461,10,False
9108462,16,False
9108463,9,False
9108464,11,False
9108465,14,False
9108466,13,False
9108467,12,False
9108468,11,False
9108469,13,False
9108470,15,False
9108471,13,False
9108472,12,False
9108473,10,False
9108474,10,False
9108475,14,False
9108476,10,False
9108477,12,False
9108478,12,False
9108479,12,False
9108480,13,False
9108481,12,False
9108482,9,False
9108483,14,False
9108484,13,False
9108485,13,False
9108486,12,False
9108487,14,False
9108488,14,False
9108489,14,False
9108490,12,False
9108491,9,False
9108492,14,False
9108493,13,False
9108494,11,False
9108495,13,False
9108496,14,False
9108497,11,False
9108498,14,False
9108499,8,False
9108500,9,False
9108501,14,False
9108502,11,False
9108503,10,False
9108504,14,False
9108505,14,False
9108506,14,False
9108507,12,False
9108508,11,False
9108509,11,False
9108510,11,False
9108511,13,False
9108512,11,False
9108513,12,False
9108514,14,False
9108515,12,False
9108516,14,False
9108517,11,False
9108518,11,False
9108519,12,False
9108520,12,False
9108521,14,False
9108522,9,False
9108523,10,False
9108524,12,False
9108525,12,False
9108526,14,False
9108527,14,False
9108528,15,False
9108529,13,False
9108530,12,False
9108531,14,False
9108532,12,False
9108533,10,False
9108534,11,False
9108535,14,False
9108536,10,False
9108537,14,False
9108538,12,False
9108539,14,False
9108540,13,False
9108541,11,False
9108542,10,False
9108543,10,False
9108544,14,False
9108545,14,False
9108546,14,False
9108547,11,False
9108548,12,False
9108549,11,False
9108550,12,False
9108551,16,False
9108552,11,False
9108553,12,False
9108554,14,False
9108555,14,False
9108556,9,False
9108557,15,False
9108558,14,False
9108559,13,False
9108560,12,False
9108561,9,False
9108562,13,False
9108563,14,False
9108564,13,False
9108565,10,False
9108566,11,False
9108567,12,False
9108568,11,False
9108569,14,False
9108570,11,False
9108571,14,False
9108572,12,False
9108573,14,False
9108574,15,False
9108575,12,False
9108576,9,False
9108577,12,False
9108578,11,False
9108579,10,False
9108580,14,False
9108581,8,False
9108582,16,False
9108583,13,False
9108584,12,False
9108585,11,False
9108586,12,False
9108587,13,False
9108588,9,False
9108589,12,False
9108590,14,False
9108591,14,False
9108592,12,False
9108593,9,False
9108594,13,False
9108595,14,False
9108596,14,False
9108597,12,False
9108598,16,False
9108599,7,False
9108600,18,False
9108601,10,False
9108602,16,False
9108603,13,False
9108604,13,False
9108605,12,False
9108606,16,False
9108607,11,False
9108608,10,False
9108609,14,False
9108610,10,False
9108611,11,False
9108612,13,False
9108613,12,False
9108614,13,False
9108615,13,False
9108616,14,False
9108617,10,False
9108618,11,False
9108619,10,False
9108620,14,False
9108621,12,False
9108622,12,False
9108623,12,False
9108624,12,False
9108625,11,False
9108626,10,False
9108627,9,False
9108628,12,False
9108629,12,False
9108630,13,False
9108631,12,False
9108632,9,False
9108633,9,False
9108634,11,False
9108635,14,False
9108636,13,False
9108637,10,False
9108638,13,False
9108639,11,False
9108640,12,False
9108641,8,False
9108642,12,False
9108643,10,False
9108644,10,False
9108645,14,False
9108646,10,False
9108647,10,False
9108648,14,False
9108649,11,False
9108650,14,False
9108651,12,False
9108652,11,False
9108653,12,False
9108654,12,False
9108655,13,False
9108656,11,False
9108657,10,False
9108658,10,False
9108659,11,False
9108660,12,False
9108661,10,False
9108662,9,False
9108663,14,False
9108664,16,False
9108665,10,False
9108666,10,False
9108667,10,False
9108668,16,False
9108669,12,False
9108670,11,False
9108671,11,False
9108672,12,False
9108673,14,False
9108674,13,False
9108675,13,False
9108676,12,False
9108677,14,False
9108678,9,False
9108679,14,False
9108680,12,False
9108681,14,False
9108682,16,False
9108683,10,False
9108684,13,False
9108685,16,False
9108686,12,False
9108687,12,False
9108688,16,False
9108689,12,False
9108690,11,False
9108691,14,False
9108692,13,False
9108693,11,False
9108694,14,False
9108695,11,False
9108696,11,False
9108697,12,False
9108698,9,False
9108699,10,False
9108700,12,False
9108701,14,False
9108702,12,False
9108703,12,False
9108704,11,False
9108705,12,False
9108706,14,False
9108707,12,False
9108708,14,False
9108709,11,False
9108710,12,False
9108711,11,False
9108712,14,False
9108713,13,False
9108714,11,False
9108715,12,False
9108716,16,False
9108717,14,False
9108718,13,False
9108719,11,False
9108720,12,False
9108721,11,False
9108722,9,False
9108723,11,False
9108724,14,False
9108725,12,False
9108726,8,False
9108727,9,False
9108728,10,False
9108729,11,False
9108730,14,False
9108731,13,False
9108732,10,False
9108733,12,False
9108734,10,False
9108735,16,False
9108736,12,False
9108737,16,False
9108738,11,False
9108739,12,False
9108740,12,False
9108741,15,False
9108742,11,False
9108743,14,False
9108744,16,False
9108745,11,False
9108746,10,False
9108747,8,False
9108748,10,False
9108749,12,False
9108750,16,False
9108751,14,False
9108752,16,False
9108753,14,False
9108754,10,False
9108755,12,False
9108756,9,False
9108757,10,False
9108758,12,False
9108759,15,False
9108760,14,False
9108761,12,False
9108762,8,False
9108763,16,False
9108764,8,False
9108765,9,False
9108766,16,False
9108767,11,False
9108768,12,False
9108769,12,False
9108770,12,False
9108771,11,False
9108772,11,False
9108773,12,False
9108774,12,False
9108775,13,False
9108776,13,False
9108777,10,False
9108778,10,False
9108779,12,False
9108780,12,False
9108781,8,False
9108782,10,False
9108783,11,False
9108784,7,False
9108785,14,False
9108786,9,False
9108787,16,False
9108788,14,False
9108789,14,False
9108790,12,False
9108791,12,False
9108792,12,False
9108793,11,False
9108794,10,False
9108795,12,False
9108796,11,False
9108797,12,False
9108798,13,False
9108799,8,False
9108800,9,False
9108801,13,False
9108802,14,False
9108803,11,False
9108804,15,False
9108805,12,False
9108806,11,False
9108807,16,False
9108808,16,False
9108809,9,False
9108810,14,False
9108811,15,False
9108812,12,False
9108813,12,False
9108814,8,False
9108815,14,False
9108816,13,False
9108817,10,False
9108818,14,False
9108819,12,False
9108820,16,False
9108821,14,False
9108822,16,False
9108823,12,False
9108824,11,False
9108825,10,False
9108826,14,False
9108827,12,False
9108828,12,False
9108829,12,False
9108830,12,False
9108831,14,False
9108832,9,False
9108833,12,False
9108834,13,False
9108835,13,False
9108836,8,False
9108837,16,False
9108838,14,False
9108839,11,False
9108840,12,False
9108841,11,False
9108842,12,False
9108843,12,False
9108844,14,False
9108845,13,False
9108846,12,False
9108847,9,False
9108848,13,False
9108849,10,False
9108850,14,False
9108851,12,False
9108852,12,False
9108853,11,False
9108854,12,False
9108855,14,False
9108856,14,False
9108857,10,False
9108858,12,False
9108859,12,False
9108860,10,False
9108861,12,False
9108862,14,False
9108863,12,False
9108864,13,False
9108865,12,False
9108866,10,False
9108867,11,False
9108868,12,False
9108869,13,False
9108870,12,False
9108871,12,False
9108872,12,False
9108873,14,False
9108874,10,False
9108875,11,False
9108876,10,False
9108877,14,False
9108878,12,False
9108879,10,False
9108880,10,False
9108881,14,False
9108882,15,False
9108883,14,False
9108884,10,False
9108885,9,False
9108886,9,False
9108887,10,False
9108888,10,False
9108889,13,False
9108890,12,False
9108891,13,False
9108892,13,False
9108893,10,False
9108894,12,False
9108895,11,False
9108896,12,False
9108897,10,False
9108898,12,False
9108899,16,False
9108900,10,False
9108901,14,False
9108902,11,False
9108903,11,False
9108904,14,False
9108905,11,False
9108906,13,False
9108907,12,False
9108908,8,False
9108909,12,False
9108910,8,False
9108911,12,False
9108912,14,False
9108913,14,False
9108914,11,False
9108915,11,False
9108916,10,False
9108917,8,False
9108918,9,False
9108919,12,False
9108920,14,False
9108921,10,False
9108922,16,False
9108923,14,False
9108924,12,False
9108925,12,False
9108926,14,False
9108927,12,False
9108928,14,False
9108929,13,False
9108930,11,False
9108931,12,False
9108932,13,False
9108933,11,False
9108934,12,False
9108935,16,False
9108936,10,False
9108937,14,False
9108938,8,False
9108939,12,False
9108940,11,False
9108941,14,False
9108942,13,False
9108943,10,False
9108944,11,False
9108945,13,False
9108946,12,False
9108947,9,False
9108948,9,False
9108949,12,False
9108950,11,False
9108951,14,False
9108952,7,False
9108953,12,False
9108954,13,False
9108955,12,False
9108956,12,False
9108957,10,False
9108958,12,False
9108959,14,False
9108960,14,False
9108961,8,False
9108962,14,False
9108963,10,False
9108964,13,False
9108965,14,False
9108966,12,False
9108967,10,False
9108968,14,False
9108969,10,False
9108970,16,False
9108971,12,False
9108972,10,False
9108973,12,False
9108974,14,False
9108975,12,False
9108976,12,False
9108977,11,False
9108978,14,False
9108979,12,False
9108980,12,False
9108981,10,False
9108982,14,False
9108983,8,False
9108984,12,False
9108985,16,False
9108986,10,False
9108987,13,False
9108988,12,False
9108989,14,False
9108990,14,False
9108991,10,False
9108992,12,False
9108993,14,False
9108994,10,False
9108995,12,False
9108996,16,False
9108997,14,False
9108998,8,False
9108999,8,False
9109000,11,False
9109001,11,False
9109002,10,False
9109003,13,False
9109004,11,False
9109005,9,False
9109006,13,False
9109007,9,False
9109008,16,False
9109009,12,False
9109010,11,False
9109011,10,False
9109012,11,False
9109013,12,False
9109014,16,False
9109015,10,False
9109016,14,False
9109017,11,False
9109018,12,False
9109019,14,False
9109020,11,False
9109021,14,False
9109022,14,False
9109023,10,False
9109024,12,False
9109025,14,False
9109026,12,False
9109027,12,False
9109028,14,False
9109029,11,False
9109030,9,False
9109031,11,False
9109032,12,False
9109033,14,False
9109034,8,False
9109035,11,False
9109036,14,False
9109037,11,False
9109038,12,False
9109039,12,False
9109040,16,False
9109041,11,False
9109042,10,False
9109043,10,False
9109044,16,False
9109045,13,False
9109046,14,False
9109047,14,False
9109048,13,False
9109049,11,False
9109050,14,False
9109051,12,False
9109052,14,False
9109053,14,False
9109054,9,False
9109055,9,False
9109056,12,False
9109057,14,False
9109058,12,False
9109059,14,False
9109060,8,False
9109061,12,False
9109062,9,False
9109063,12,False
9109064,10,False
9109065,14,False
9109066,12,False
9109067,14,False
9109068,14,False
9109069,12,False
9109070,12,False
9109071,11,False
9109072,14,False
9109073,10,False
9109074,16,False
9109075,13,False
9109076,14,False
9109077,12,False
9109078,10,False
9109079,14,False
9109080,14,False
9109081,14,False
9109082,14,False
9109083,12,False
9109084,13,False
9109085,13,False
9109086,14,False
9109087,16,False
9109088,16,False
9109089,11,False
9109090,13,False
9109091,12,False
9109092,10,False
9109093,12,False
9109094,14,False
9109095,13,False
9109096,12,False
9109097,11,False
9109098,12,False
9109099,13,False
9109100,7,False
9109101,14,False
9109102,10,False
9109103,13,False
9109104,11,False
9109105,14,False
9109106,11,False
9109107,10,False
9109108,12,False
9109109,11,False
9109110,12,False
9109111,14,False
9109112,13,False
9109113,14,False
9109114,12,False
9109115,14,False
9109116,13,False
9109117,12,False
9109118,11,False
9109119,12,False
9109120,10,False
9109121,10,False
9109122,14,False
9109123,14,False
9109124,16,False
9109125,14,False
9109126,14,False
9109127,14,False
9109128,12,False
9109129,16,False
9109130,13,False
9109131,11,False
9109132,12,False
9109133,14,False
9109134,12,False
9109135,11,False
9109136,14,False
9109137,10,False
9109138,11,False
9109139,12,False
9109140,14,False
9109141,10,False
9109142,14,False
9109143,12,False
9109144,14,False
9109145,10,False
9109146,12,False
9109147,11,False
9109148,10,False
9109149,12,False
9109150,11,False
9109151,13,False
9109152,12,False
9109153,12,False
9109154,12,False
9109155,13,False
9109156,15,False
9109157,12,False
9109158,11,False
9109159,12,False
9109160,10,False
9109161,12,False
9109162,12,False
9109163,9,False
9109164,14,False
9109165,14,False
9109166,12,False
9109167,11,False
9109168,11,False
9109169,12,False
9109170,12,False
9109171,14,False
9109172,12,False
9109173,12,False
9109174,14,False
9109175,14,False
9109176,8,False
9109177,10,False
9109178,10,False
9109179,11,False
9109180,11,False
9109181,12,False
9109182,14,False
9109183,14,False
9109184,13,False
9109185,8,False
9109186,16,False
9109187,10,False
9109188,13,False
9109189,10,False
9109190,14,False
9109191,12,False
9109192,14,False
9109193,14,False
9109194,11,False
9109195,16,False
9109196,14,False
9109197,11,False
9109198,10,False
9109199,9,False
9109200,12,False
9109201,11,False
9109202,10,False
9109203,16,False
9109204,18,False
9109205,9,False
9109206,13,False
9109207,12,False
9109208,14,False
9109209,10,False
9109210,12,False
9109211,12,False
9109212,13,False
9109213,13,False
9109214,14,False
9109215,11,False
9109216,10,False
9109217,12,False
9109218,10,False
9109219,14,False
9109220,13,False
9109221,10,False
9109222,12,False
9109223,14,False
9109224,12,False
9109225,11,False
9109226,13,False
9109227,11,False
9109228,9,False
9109229,12,False
9109230,14,False
9109231,14,False
9109232,14,False
9109233,13,False
9109234,16,False
9109235,12,False
9109236,14,False
9109237,12,False
9109238,10,False
9109239,13,False
9109240,12,False
9109241,12,False
9109242,15,False
9109243,11,False
9109244,10,False
9109245,12,False
9109246,16,False
9109247,12,False
9109248,10,False
9109249,10,False
9109250,10,False
9109251,14,False
9109252,12,False
9109253,12,False
9109254,11,False
9109255,10,False
9109256,11,False
9109257,11,False
9109258,14,False
9109259,10,False
9109260,13,False
9109261,12,False
9109262,10,False
9109263,11,False
9109264,10,False
9109265,14,False
9109266,10,False
9109267,10,False
9109268,14,False
9109269,12,False
9109270,14,False
9109271,9,False
9109272,13,False
9109273,13,False
9109274,13,False
9109275,12,False
9109276,11,False
9109277,10,False
9109278,10,False
9109279,7,False
9109280,12,False
9109281,12,False
9109282,12,False
9109283,10,False
9109284,12,False
9109285,10,False
9109286,12,False
9109287,10,False
9109288,16,False
9109289,10,False
9109290,12,False
9109291,12,False
9109292,11,False
9109293,12,False
9109294,13,False
9109295,9,False
9109296,9,False
9109297,9,False
9109298,11,False
9109299,8,False
9109300,12,False
9109301,12,False
9109302,10,False
9109303,11,False
9109304,10,False
9109305,10,False
9109306,16,False
9109307,12,False
9109308,14,False
9109309,13,False
9109310,12,False
9109311,14,False
9109312,16,False
9109313,13,False
9109314,12,False
9109315,13,False
9109316,14,False
9109317,11,False
9109318,8,False
9109319,14,False
9109320,16,False
9109321,10,False
9109322,12,False
9109323,11,False
9109324,14,False
9109325,11,False
9109326,10,False
9109327,14,False
9109328,10,False
9109329,9,False
9109330,14,False
9109331,14,False
9109332,12,False
9109333,14,False
9109334,12,False
9109335,14,False
9109336,12,False
9109337,12,False
9109338,11,False
9109339,13,False
9109340,14,False
9109341,12,False
9109342,14,False
9109343,12,False
9109344,8,False
9109345,16,False
9109346,12,False
9109347,11,False
9109348,14,False
9109349,14,False
9109350,11,False
9109351,13,False
9109352,10,False
9109353,12,False
9109354,11,False
9109355,12,False
9109356,14,False
9109357,14,False
9109358,12,False
9109359,10,False
9109360,16,False
9109361,10,False
9109362,12,False
9109363,13,False
9109364,13,False
9109365,16,False
9109366,12,False
9109367,13,False
9109368,13,False
9109369,12,False
9109370,10,False
9109371,12,False
9109372,12,False
9109373,14,False
9109374,14,False
9109375,14,False
9109376,14,False
9109377,12,False
9109378,12,False
9109379,13,False
9109380,13,False
9109381,12,False
9109382,12,False
9109383,12,False
9109384,11,False
9109385,12,False
9109386,11,False
9109387,11,False
9109388,11,False
9109389,10,False
9109390,14,False
9109391,18,False
9109392,12,False
9109393,10,False
9109394,12,False
9109395,10,False
9109396,12,False
9109397,13,False
9109398,14,False
9109399,12,False
9109400,8,False
9109401,14,False
9109402,8,False
9109403,11,False
9109404,11,False
9109405,12,False
9109406,12,False
9109407,12,False
9109408,12,False
9109409,11,False
9109410,12,False
9109411,8,False
9109412,14,False
9109413,13,False
9109414,13,False
9109415,12,False
9109416,12,False
9109417,12,False
9109418,11,False
9109419,14,False
9109420,11,False
9109421,14,False
9109422,10,False
9109423,14,False
9109424,10,False
9109425,13,False
9109426,18,False
9109427,15,False
9109428,10,False
9109429,14,False
9109430,13,False
9109431,10,False
9109432,11,False
9109433,12,False
9109434,16,False
9109435,9,False
9109436,10,False
9109437,14,False
9109438,11,False
9109439,14,False
9109440,12,False
9109441,9,False
9109442,18,False
9109443,10,False
9109444,11,False
9109445,16,False
9109446,9,False
9109447,8,False
9109448,6,False
9109449,11,False
9109450,14,False
9109451,14,False
9109452,12,False
9109453,12,False
9109454,8,False
9109455,10,False
9109456,12,False
9109457,10,False
9109458,12,False
9109459,12,False
9109460,12,False
9109461,14,False
9109462,14,False
9109463,13,False
9109464,12,False
9109465,12,False
9109466,12,False
9109467,14,False
9109468,9,False
9109469,12,False
9109470,12,False
9109471,10,False
9109472,11,False
9109473,8,False
9109474,12,False
9109475,14,False
9109476,11,False
9109477,8,False
9109478,11,False
9109479,14,False
9109480,9,False
9109481,16,False
9109482,10,False
9109483,15,False
9109484,16,False
9109485,10,False
9109486,12,False
9109487,14,False
9109488,10,False
9109489,11,False
9109490,7,False
9109491,9,False
9109492,15,False
9109493,14,False
9109494,12,False
9109495,12,False
9109496,12,False
9109497,15,False
9109498,10,False
9109499,12,False
9109500,12,False
9109501,14,False
9109502,12,False
9109503,14,False
9109504,10,False
9109505,10,False
9109506,13,False
9109507,14,False
9109508,13,False
9109509,10,False
9109510,13,False
9109511,14,False
9109512,12,False
9109513,12,False
9109514,11,False
9109515,16,False
9109516,12,False
9109517,13,False
9109518,11,False
9109519,10,False
9109520,12,False
9109521,13,False
9109522,13,False
9109523,13,False
9109524,16,False
9109525,10,False
9109526,10,False
9109527,10,False
9109528,11,False
9109529,12,False
9109530,12,False
9109531,14,False
9109532,12,False
9109533,10,False
9109534,12,False
9109535,10,False
9109536,8,False
9109537,13,False
9109538,10,False
9109539,12,False
9109540,11,False
9109541,12,False
9109542,10,False
9109543,13,False
9109544,12,False
9109545,13,False
9109546,10,False
9109547,13,False
9109548,11,False
9109549,13,False
9109550,12,False
9109551,12,False
9109552,9,False
9109553,13,False
9109554,13,False
9109555,10,False
9109556,12,False
9109557,13,False
9109558,10,False
9109559,12,False
9109560,13,False
9109561,13,False
9109562,12,False
9109563,11,False
9109564,10,False
9109565,10,False
9109566,6,False
9109567,14,False
9109568,13,False
9109569,12,False
9109570,8,False
9109571,14,False
9109572,11,False
9109573,10,False
9109574,8,False
9109575,11,False
9109576,10,False
9109577,10,False
9109578,14,False
9109579,14,False
9109580,12,False
9109581,12,False
9109582,11,False
9109583,12,False
9109584,13,False
9109585,12,False
9109586,12,False
9109587,14,False
9109588,12,False
9109589,12,False
9109590,10,False
9109591,12,False
9109592,13,False
9109593,10,False
9109594,10,False
9109595,10,False
9109596,10,False
9109597,12,False
9109598,12,False
9109599,16,False
9109600,14,False
9109601,12,False
9109602,12,False
9109603,11,False
9109604,12,False
9109605,12,False
9109606,12,False
9109607,13,False
9109608,10,False
9109609,16,False
9109610,12,False
9109611,14,False
9109612,12,False
9109613,14,False
9109614,10,False
9109615,12,False
9109616,10,False
9109617,8,False
9109618,13,False
9109619,11,False
9109620,10,False
9109621,14,False
9109622,10,False
9109623,12,False
9109624,12,False
9109625,13,False
9109626,10,False
9109627,12,False
9109628,10,False
9109629,13,False
9109630,11,False
9109631,12,False
9109632,12,False
9109633,8,False
9109634,12,False
9109635,14,False
9109636,12,False
9109637,10,False
9109638,8,False
9109639,8,False
9109640,14,False
9109641,14,False
9109642,14,False
9109643,10,False
9109644,13,False
9109645,11,False
9109646,10,False
9109647,15,False
9109648,14,False
9109649,12,False
9109650,13,False
9109651,10,False
9109652,12,False
9109653,11,False
9109654,13,False
9109655,14,False
9109656,13,False
9109657,14,False
9109658,12,False
9109659,14,False
9109660,14,False
9109661,12,False
9109662,14,False
9109663,11,False
9109664,12,False
9109665,13,False
9109666,10,False
9109667,8,False
9109668,11,False
9109669,10,False
9109670,13,False
9109671,11,False
9109672,12,False
9109673,9,False
9109674,9,False
9109675,12,False
9109676,14,False
9109677,12,False
9109678,14,False
9109679,12,False
9109680,11,False
9109681,11,False
9109682,12,False
9109683,14,False
9109684,9,False
9109685,10,False
9109686,13,False
9109687,13,False
9109688,11,False
9109689,13,False
9109690,10,False
9109691,11,False
9109692,12,False
9109693,11,False
9109694,12,False
9109695,12,False
9109696,16,False
9109697,12,False
9109698,12,False
9109699,16,False
9109700,12,False
9109701,10,False
9109702,12,False
9109703,11,False
9109704,9,False
9109705,11,False
9109706,12,False
9109707,12,False
9109708,7,False
9109709,11,False
9109710,10,False
9109711,8,False
9109712,10,False
9109713,14,False
9109714,16,False
9109715,11,False
9109716,16,False
9109717,12,False
9109718,12,False
9109719,9,False
9109720,12,False
9109721,16,False
9109722,14,False
9109723,10,False
9109724,14,False
9109725,14,False
9109726,15,False
9109727,7,False
9109728,14,False
9109729,14,False
9109730,14,False
9109731,14,False
9109732,12,False
9109733,12,False
9109734,11,False
9109735,12,False
9109736,16,False
9109737,13,False
9109738,14,False
9109739,16,False
9109740,11,False
9109741,14,False
9109742,13,False
9109743,12,False
9109744,14,False
9109745,12,False
9109746,11,False
9109747,11,False
9109748,11,False
9109749,9,False
9109750,8,False
9109751,11,False
9109752,12,False
9109753,10,False
9109754,14,False
9109755,12,False
9109756,10,False
9109757,12,False
9109758,14,False
9109759,13,False
9109760,10,False
9109761,13,False
9109762,10,False
9109763,15,False
9109764,12,False
9109765,12,False
9109766,10,False
9109767,14,False
9109768,14,False
9109769,13,False
9109770,16,False
9109771,12,False
9109772,11,False
9109773,14,False
9109774,7,False
9109775,10,False
9109776,11,False
9109777,14,False
9109778,11,False
9109779,11,False
9109780,13,False
9109781,13,False
9109782,12,False
9109783,8,False
9109784,14,False
9109785,10,False
9109786,11,False
9109787,12,False
9109788,13,False
9109789,11,False
9109790,11,False
9109791,16,False
9109792,12,False
9109793,13,False
9109794,12,False
9109795,12,False
9109796,12,False
9109797,14,False
9109798,12,False
9109799,12,False
9109800,14,False
9109801,12,False
9109802,14,False
9109803,9,False
9109804,11,False
9109805,13,False
9109806,10,False
9109807,10,False
9109808,14,False
9109809,14,False
9109810,14,False
9109811,11,False
9109812,12,False
9109813,14,False
9109814,14,False
9109815,12,False
9109816,7,False
9109817,12,False
9109818,12,False
9109819,14,False
9109820,13,False
9109821,12,False
9109822,8,False
9109823,16,False
9109824,10,False
9109825,9,False
9109826,11,False
9109827,12,False
9109828,16,False
9109829,14,False
9109830,10,False
9109831,12,False
9109832,9,False
9109833,12,False
9109834,13,False
9109835,10,False
9109836,12,False
9109837,9,False
9109838,14,False
9109839,14,False
9109840,12,False
9109841,13,False
9109842,12,False
9109843,7,False
9109844,12,False
9109845,12,False
9109846,10,False
9109847,9,False
9109848,12,False
9109849,10,False
9109850,10,False
9109851,16,False
9109852,16,False
9109853,12,False
9109854,10,False
9109855,14,False
9109856,10,False
9109857,14,False
9109858,12,False
9109859,14,False
9109860,12,False
9109861,10,False
9109862,14,False
9109863,10,False
9109864,13,False
9109865,11,False
9109866,13,False
9109867,14,False
9109868,11,False
9109869,13,False
9109870,12,False
9109871,9,False
9109872,11,False
9109873,14,False
9109874,12,False
9109875,11,False
9109876,11,False
9109877,12,False
9109878,12,False
9109879,11,False
9109880,15,False
9109881,13,False
9109882,12,False
9109883,14,False
9109884,10,False
9109885,10,False
9109886,11,False
9109887,12,False
9109888,14,False
9109889,13,False
9109890,10,False
9109891,10,False
9109892,14,False
9109893,12,False
9109894,12,False
9109895,14,False
9109896,13,False
9109897,14,False
9109898,14,False
9109899,12,False
9109900,14,False
9109901,13,False
9109902,14,False
9109903,13,False
9109904,11,False
9109905,12,False
9109906,12,False
9109907,9,False
9109908,12,False
9109909,12,False
9109910,12,False
9109911,13,False
9109912,11,False
9109913,12,False
9109914,13,False
9109915,9,False
9109916,14,False
9109917,12,False
9109918,12,False
9109919,10,False
9109920,15,False
9109921,14,False
9109922,10,False
9109923,12,False
9109924,16,False
9109925,16,False
9109926,12,False
9109927,15,False
9109928,12,False
9109929,11,False
9109930,10,False
9109931,11,False
9109932,10,False
9109933,8,False
9109934,14,False
9109935,12,False
9109936,14,False
9109937,11,False
9109938,14,False
9109939,13,False
9109940,10,False
9109941,14,False
9109942,10,False
9109943,14,False
9109944,10,False
9109945,11,False
9109946,13,False
9109947,12,False
9109948,13,False
9109949,12,False
9109950,8,False
9109951,9,False
9109952,11,False
9109953,12,False
9109954,9,False
9109955,11,False
9109956,10,False
9109957,14,False
9109958,8,False
9109959,11,False
9109960,8,False
9109961,15,False
9109962,16,False
9109963,14,False
9109964,10,False
9109965,16,False
9109966,12,False
9109967,12,False
9109968,9,False
9109969,12,False
9109970,10,False
9109971,13,False
9109972,10,False
9109973,11,False
9109974,11,False
9109975,10,False
9109976,12,False
9109977,16,False
9109978,12,False
9109979,10,False
9109980,8,False
9109981,10,False
9109982,9,False
9109983,12,False
9109984,12,False
9109985,14,False
9109986,10,False
9109987,12,False
9109988,14,False
9109989,10,False
9109990,12,False
9109991,11,False
9109992,10,False
9109993,12,False
9109994,11,False
9109995,14,False
9109996,9,False
9109997,14,False
9109998,10,False
9109999,10,False
