seed,score,lost
2000000,7,False
2000001,8,False
2000002,6,False
2000003,9,False
2000004,8,False
2000005,14,False
2000006,6,False
2000007,8,False
2000008,0,True
2000009,10,False
2000010,0,True
2000011,10,False
2000012,12,False
2000013,0,True
2000014,7,False
2000015,10,False
2000016,6,False
2000017,10,False
2000018,12,False
2000019,8,False
2000020,10,False
2000021,8,False
2000022,7,False
2000023,10,False
2000024,8,False
2000025,12,False
2000026,10,False
2000027,0,True
2000028,10,False
2000029,12,False
2000030,0,True
2000031,8,False
2000032,8,False
2000033,6,False
2000034,0,True
2000035,8,False
2000036,0,True
2000037,8,False
2000038,10,False
2000039,10,False
2000040,6,False
2000041,7,False
2000042,8,False
2000043,0,True
2000044,8,False
2000045,0,True
2000046,6,False
2000047,10,False
2000048,0,True
2000049,8,False
2000050,6,False
2000051,8,False
2000052,8,False
2000053,0,True
2000054,8,False
2000055,12,False
2000056,10,False
2000057,14,False
2000058,8,False
2000059,12,False
2000060,10,False
2000061,0,True
2000062,12,False
2000063,12,False
2000064,10,False
2000065,0,True
2000066,8,False
2000067,8,False
2000068,0,True
2000069,12,False
2000070,12,False
2000071,12,False
2000072,8,False
2000073,8,False
2000074,12,False
2000075,8,False
2000076,0,True
2000077,12,False
2000078,6,False
2000079,6,False
2000080,12,False
2000081,12,False
2000082,6,False
2000083,12,False
2000084,0,True
2000085,8,False
2000086,10,False
2000087,10,False
2000088,8,False
2000089,8,False
2000090,12,False
2000091,8,False
2000092,8,False
2000093,0,True
2000094,12,False
2000095,0,True
2000096,10,False
2000097,0,True
2000098,0,True
2000099,8,False
2000100,8,False
2000101,10,False
2000102,0,True
2000103,8,False
2000104,0,True
2000105,10,False
2000106,8,False
2000107,0,True
2000108,0,True
2000109,12,False
2000110,0,True
2000111,0,True
2000112,6,False
2000113,10,False
2000114,14,False
2000115,7,False
2000116,8,False
2000117,0,True
2000118,10,False
2000119,8,False
2000120,0,True
2000121,12,False
2000122,8,False
2000123,8,False
2000124,6,False
2000125,0,True
2000126,8,False
2000127,6,False
2000128,12,False
2000129,8,False
2000130,12,False
2000131,10,False
2000132,8,False
2000133,8,False
2000134,0,True
2000135,6,False
2000136,8,False
2000137,0,True
2000138,7,False
2000139,7,False
2000140,10,False
2000141,0,True
2000142,6,False
2000143,0,True
2000144,6,False
2000145,10,False
2000146,8,False
2000147,10,False
2000148,8,False
2000149,0,True
2000150,10,False
2000151,7,False
2000152,6,False
2000153,8,False
2000154,10,False
2000155,8,False
2000156,0,True
2000157,0,True
2000158,0,True
2000159,6,False
2000160,0,True
2000161,8,False
2000162,0,True
2000163,10,False
2000164,6,False
2000165,12,False
2000166,0,True
2000167,12,False
2000168,0,True
2000169,0,True
2000170,0,True
2000171,10,False
2000172,12,False
2000173,12,False
2000174,0,True
2000175,8,False
2000176,0,True
2000177,10,False
2000178,10,False
2000179,10,False
2000180,0,True
2000181,12,False
2000182,0,True
2000183,6,False
2000184,0,True
2000185,0,True
2000186,0,True
2000187,12,False
2000188,10,False
2000189,12,False
2000190,12,False
2000191,6,False
2000192,6,False
2000193,10,False
2000194,12,False
2000195,6,False
2000196,10,False
2000197,0,True
2000198,10,False
2000199,7,False
2000200,8,False
2000201,8,False
2000202,7,False
2000203,8,False
2000204,9,False
2000205,8,False
2000206,7,False
2000207,12,False
2000208,10,False
2000209,10,False
2000210,0,True
2000211,12,False
2000212,0,True
2000213,6,False
2000214,12,False
2000215,7,False
2000216,6,False
2000217,5,False
2000218,10,False
2000219,12,False
2000220,8,False
2000221,0,True
2000222,7,False
2000223,10,False
2000224,12,False
2000225,8,False
2000226,10,False
2000227,8,False
2000228,12,False
2000229,12,False
2000230,6,False
2000231,10,False
2000232,4,False
2000233,0,True
2000234,12,False
2000235,10,False
2000236,8,False
2000237,6,False
2000238,0,True
2000239,6,False
2000240,0,True
2000241,8,False
2000242,0,True
2000243,10,False
2000244,8,False
2000245,6,False
2000246,8,False
2000247,8,False
2000248,8,False
2000249,8,False
2000250,14,False
2000251,6,False
2000252,8,False
2000253,6,False
2000254,9,False
2000255,0,True
2000256,9,False
2000257,9,False
2000258,8,False
2000259,8,False
2000260,0,True
2000261,9,False
2000262,8,False
2000263,8,False
2000264,8,False
2000265,8,False
2000266,10,False
2000267,6,False
2000268,10,False
2000269,10,False
2000270,0,True
2000271,6,False
2000272,6,False
2000273,0,True
2000274,0,True
2000275,0,True
2000276,10,False
2000277,6,False
2000278,10,False
2000279,9,False
2000280,8,False
2000281,10,False
2000282,0,True
2000283,0,True
2000284,0,True
2000285,0,True
2000286,0,True
2000287,10,False
2000288,8,False
2000289,10,False
2000290,0,True
2000291,0,True
2000292,0,True
2000293,0,True
2000294,12,False
2000295,12,False
2000296,12,False
2000297,8,False
2000298,10,False
2000299,10,False
2000300,0,True
2000301,8,False
2000302,8,False
2000303,10,False
2000304,10,False
2000305,8,False
2000306,10,False
2000307,4,False
2000308,0,True
2000309,0,True
2000310,8,False
2000311,0,True
2000312,10,False
2000313,6,False
2000314,12,False
2000315,6,False
2000316,12,False
2000317,10,False
2000318,4,False
2000319,9,False
2000320,0,True
2000321,0,True
2000322,10,False
2000323,10,False
2000324,10,False
2000325,0,True
2000326,10,False
2000327,0,True
2000328,0,True
2000329,0,True
2000330,10,False
2000331,8,False
2000332,0,True
2000333,0,True
2000334,12,False
2000335,7,False
2000336,6,False
2000337,8,False
2000338,12,False
2000339,0,True
2000340,10,False
2000341,0,True
2000342,10,False
2000343,6,False
2000344,12,False
2000345,8,False
2000346,10,False
2000347,2,False
2000348,0,True
2000349,6,False
2000350,12,False
2000351,0,True
2000352,6,False
2000353,10,False
2000354,8,False
2000355,8,False
2000356,6,False
2000357,0,True
2000358,0,True
2000359,8,False
2000360,7,False
2000361,10,False
2000362,8,False
2000363,6,False
2000364,14,False
2000365,0,True
2000366,12,False
2000367,12,False
2000368,6,False
2000369,6,False
2000370,12,False
2000371,10,False
2000372,4,False
2000373,6,False
2000374,0,True
2000375,8,False
2000376,10,False
2000377,9,False
2000378,0,True
2000379,0,True
2000380,8,False
2000381,0,True
2000382,12,False
2000383,10,False
2000384,0,True
2000385,0,True
2000386,0,True
2000387,8,False
2000388,12,False
2000389,8,False
2000390,10,False
2000391,6,False
2000392,0,True
2000393,7,False
2000394,0,True
2000395,9,False
2000396,10,False
2000397,0,True
2000398,0,True
2000399,0,True
2000400,12,False
2000401,10,False
2000402,8,False
2000403,0,True
2000404,12,False
2000405,0,True
2000406,10,False
2000407,12,False
2000408,0,True
2000409,14,False
2000410,10,False
2000411,10,False
2000412,8,False
2000413,8,False
2000414,0,True
2000415,0,True
2000416,0,True
2000417,8,False
2000418,6,False
2000419,8,False
2000420,10,False
2000421,10,False
2000422,10,False
2000423,4,False
2000424,5,False
2000425,8,False
2000426,10,False
2000427,8,False
2000428,9,False
2000429,0,True
2000430,0,True
2000431,0,True
2000432,12,False
2000433,10,False
2000434,0,True
2000435,0,True
2000436,12,False
2000437,0,True
2000438,0,True
2000439,10,False
2000440,8,False
2000441,10,False
2000442,10,False
2000443,0,True
2000444,0,True
2000445,0,True
2000446,10,False
2000447,0,True
2000448,6,False
2000449,5,False
2000450,0,True
2000451,0,True
2000452,10,False
2000453,9,False
2000454,6,False
2000455,6,False
2000456,10,False
2000457,10,False
2000458,8,False
2000459,10,False
2000460,0,True
2000461,10,False
2000462,9,False
2000463,0,True
2000464,6,False
2000465,0,True
2000466,0,True
2000467,12,False
2000468,8,False
2000469,6,False
2000470,4,False
2000471,6,False
2000472,0,True
2000473,8,False
2000474,12,False
2000475,6,False
2000476,10,False
2000477,10,False
2000478,8,False
2000479,0,True
2000480,0,True
2000481,0,True
2000482,10,False
2000483,10,False
2000484,8,False
2000485,0,True
2000486,8,False
2000487,6,False
2000488,8,False
2000489,8,False
2000490,7,False
2000491,12,False
2000492,8,False
2000493,8,False
2000494,10,False
2000495,8,False
2000496,6,False
2000497,10,False
2000498,6,False
2000499,8,False
2000500,0,True
2000501,10,False
2000502,8,False
2000503,8,False
2000504,8,False
2000505,0,True
2000506,6,False
2000507,0,True
2000508,10,False
2000509,8,False
2000510,0,True
2000511,0,True
2000512,0,True
2000513,10,False
2000514,8,False
2000515,8,False
2000516,10,False
2000517,0,True
2000518,8,False
2000519,0,True
2000520,10,False
2000521,12,False
2000522,8,False
2000523,0,True
2000524,10,False
2000525,8,False
2000526,0,True
2000527,0,True
2000528,6,False
2000529,14,False
2000530,8,False
2000531,14,False
2000532,10,False
2000533,0,True
2000534,12,False
2000535,8,False
2000536,14,False
2000537,8,False
2000538,10,False
2000539,0,True
2000540,10,False
2000541,0,True
2000542,10,False
2000543,8,False
2000544,4,False
2000545,8,False
2000546,7,False
2000547,0,True
2000548,0,True
2000549,6,False
2000550,12,False
2000551,0,True
2000552,8,False
2000553,6,False
2000554,8,False
2000555,8,False
2000556,8,False
2000557,12,False
2000558,0,True
2000559,0,True
2000560,7,False
2000561,8,False
2000562,0,True
2000563,8,False
2000564,10,False
2000565,0,True
2000566,14,False
2000567,0,True
2000568,0,True
2000569,8,False
2000570,8,False
2000571,12,False
2000572,0,True
2000573,6,False
2000574,8,False
2000575,10,False
2000576,8,False
2000577,10,False
2000578,10,False
2000579,0,True
2000580,10,False
2000581,10,False
2000582,6,False
2000583,10,False
2000584,12,False
2000585,0,True
2000586,9,False
2000587,10,False
2000588,0,True
2000589,5,False
2000590,7,False
2000591,0,True
2000592,8,False
2000593,0,True
2000594,0,True
2000595,8,False
2000596,12,False
2000597,8,False
2000598,8,False
2000599,7,False
2000600,0,True
2000601,10,False
2000602,12,False
2000603,8,False
2000604,8,False
2000605,0,True
2000606,12,False
2000607,0,True
2000608,12,False
2000609,8,False
2000610,0,True
2000611,10,False
2000612,0,True
2000613,6,False
2000614,8,False
2000615,10,False
2000616,10,False
2000617,0,True
2000618,6,False
2000619,10,False
2000620,0,True
2000621,10,False
2000622,7,False
2000623,10,False
2000624,7,False
2000625,8,False
2000626,0,True
2000627,0,True
2000628,12,False
2000629,8,False
2000630,9,False
2000631,10,False
2000632,12,False
2000633,0,True
2000634,0,True
2000635,5,False
2000636,10,False
2000637,6,False
2000638,14,False
2000639,10,False
2000640,8,False
2000641,0,True
2000642,8,False
2000643,6,False
2000644,0,True
2000645,6,False
2000646,0,True
2000647,10,False
2000648,10,False
2000649,8,False
2000650,4,False
2000651,6,False
2000652,10,False
2000653,0,True
2000654,8,False
2000655,14,False
2000656,10,False
2000657,0,True
2000658,8,False
2000659,0,True
2000660,7,False
2000661,10,False
2000662,10,False
2000663,12,False
2000664,8,False
2000665,10,False
2000666,10,False
2000667,12,False
2000668,10,False
2000669,0,True
2000670,5,False
2000671,8,False
2000672,9,False
2000673,10,False
2000674,12,False
2000675,0,True
2000676,0,True
2000677,10,False
2000678,0,True
2000679,10,False
2000680,0,True
2000681,8,False
2000682,6,False
2000683,8,False
2000684,10,False
2000685,10,False
2000686,8,False
2000687,0,True
2000688,0,True
2000689,12,False
2000690,12,False
2000691,12,False
2000692,8,False
2000693,0,True
2000694,10,False
2000695,8,False
2000696,8,False
2000697,10,False
2000698,0,True
2000699,0,True
2000700,7,False
2000701,12,False
2000702,0,True
2000703,12,False
2000704,10,False
2000705,10,False
2000706,12,False
2000707,10,False
2000708,10,False
2000709,8,False
2000710,10,False
2000711,10,False
2000712,10,False
2000713,0,True
2000714,10,False
2000715,0,True
2000716,4,False
2000717,12,False
2000718,14,False
2000719,0,True
2000720,8,False
2000721,0,True
2000722,10,False
2000723,0,True
2000724,0,True
2000725,0,True
2000726,10,False
2000727,0,True
2000728,8,False
2000729,0,True
2000730,6,False
2000731,0,True
2000732,0,True
2000733,0,True
2000734,0,True
2000735,10,False
2000736,0,True
2000737,0,True
2000738,7,False
2000739,0,True
2000740,12,False
2000741,6,False
2000742,0,True
2000743,0,True
2000744,0,True
2000745,10,False
2000746,0,True
2000747,12,False
2000748,0,True
2000749,0,True
2000750,10,False
2000751,0,True
2000752,0,True
2000753,0,True
2000754,12,False
2000755,6,False
2000756,10,False
2000757,0,True
2000758,6,False
2000759,8,False
2000760,0,True
2000761,6,False
2000762,8,False
2000763,8,False
2000764,10,False
2000765,10,False
2000766,8,False
2000767,8,False
2000768,6,False
2000769,12,False
2000770,10,False
2000771,6,False
2000772,8,False
2000773,9,False
2000774,6,False
2000775,8,False
2000776,0,True
2000777,10,False
2000778,8,False
2000779,0,True
2000780,10,False
2000781,0,True
2000782,10,False
2000783,10,False
2000784,6,False
2000785,10,False
2000786,7,False
2000787,6,False
2000788,0,True
2000789,6,False
2000790,0,True
2000791,10,False
2000792,0,True
2000793,7,False
2000794,8,False
2000795,10,False
2000796,8,False
2000797,12,False
2000798,8,False
2000799,10,False
2000800,0,True
2000801,8,False
2000802,8,False
2000803,8,False
2000804,0,True
2000805,0,True
2000806,10,False
2000807,8,False
2000808,12,False
2000809,9,False
2000810,10,False
2000811,12,False
2000812,12,False
2000813,0,True
2000814,0,True
2000815,0,True
2000816,12,False
2000817,8,False
2000818,12,False
2000819,10,False
2000820,10,False
2000821,10,False
2000822,6,False
2000823,9,False
2000824,0,True
2000825,8,False
2000826,10,False
2000827,10,False
2000828,0,True
2000829,10,False
2000830,4,False
2000831,12,False
2000832,12,False
2000833,8,False
2000834,8,False
2000835,9,False
2000836,10,False
2000837,14,False
2000838,0,True
2000839,8,False
2000840,0,True
2000841,12,False
2000842,6,False
2000843,0,True
2000844,0,True
2000845,12,False
2000846,12,False
2000847,0,True
2000848,14,False
2000849,7,False
2000850,12,False
2000851,12,False
2000852,6,False
2000853,10,False
2000854,8,False
2000855,0,True
2000856,14,False
2000857,8,False
2000858,12,False
2000859,8,False
2000860,6,False
2000861,6,False
2000862,0,True
2000863,6,False
2000864,8,False
2000865,8,False
2000866,8,False
2000867,0,True
2000868,10,False
2000869,0,True
2000870,9,False
2000871,10,False
2000872,10,False
2000873,12,False
2000874,6,False
2000875,14,False
2000876,8,False
2000877,12,False
2000878,10,False
2000879,10,False
2000880,0,True
2000881,10,False
2000882,0,True
2000883,0,True
2000884,8,False
2000885,10,False
2000886,12,False
2000887,0,True
2000888,6,False
2000889,10,False
2000890,0,True
2000891,9,False
2000892,0,True
2000893,0,True
2000894,9,False
2000895,12,False
2000896,10,False
2000897,8,False
2000898,14,False
2000899,12,False
2000900,0,True
2000901,6,False
2000902,10,False
2000903,10,False
2000904,6,False
2000905,12,False
2000906,0,True
2000907,12,False
2000908,9,False
2000909,5,False
2000910,7,False
2000911,12,False
2000912,8,False
2000913,8,False
2000914,8,False
2000915,8,False
2000916,8,False
2000917,0,True
2000918,12,False
2000919,0,True
2000920,0,True
2000921,10,False
2000922,10,False
2000923,10,False
2000924,7,False
2000925,10,False
2000926,10,False
2000927,8,False
2000928,0,True
2000929,8,False
2000930,0,True
2000931,0,True
2000932,0,True
2000933,10,False
2000934,8,False
2000935,0,True
2000936,12,False
2000937,8,False
2000938,8,False
2000939,12,False
2000940,0,True
2000941,8,False
2000942,12,False
2000943,8,False
2000944,6,False
2000945,8,False
2000946,10,False
2000947,0,True
2000948,6,False
2000949,8,False
2000950,8,False
2000951,10,False
2000952,8,False
2000953,6,False
2000954,10,False
2000955,8,False
2000956,0,True
2000957,0,True
2000958,9,False
2000959,8,False
2000960,7,False
2000961,10,False
2000962,6,False
2000963,14,False
2000964,9,False
2000965,0,True
2000966,6,False
2000967,10,False
2000968,10,False
2000969,12,False
2000970,0,True
2000971,10,False
2000972,6,False
2000973,8,False
2000974,0,True
2000975,10,False
2000976,10,False
2000977,6,False
2000978,8,False
2000979,8,False
2000980,8,False
2000981,12,False
2000982,0,True
2000983,12,False
2000984,10,False
2000985,8,False
2000986,12,False
2000987,8,False
2000988,8,False
2000989,8,False
2000990,7,False
2000991,0,True
2000992,5,False
2000993,8,False
2000994,4,False
2000995,0,True
2000996,12,False
2000997,0,True
2000998,0,True
2000999,14,False
2001000,8,False
2001001,8,False
2001002,4,False
2001003,8,False
2001004,7,False
2001005,8,False
2001006,0,True
2001007,10,False
2001008,0,True
2001009,10,False
2001010,0,True
2001011,6,False
2001012,8,False
2001013,0,True
2001014,10,False
2001015,12,False
2001016,0,True
2001017,10,False
2001018,10,False
2001019,8,False
2001020,8,False
2001021,0,True
2001022,0,True
2001023,0,True
2001024,10,False
2001025,14,False
2001026,7,False
2001027,10,False
2001028,10,False
2001029,8,False
2001030,0,True
2001031,8,False
2001032,0,True
2001033,0,True
2001034,7,False
2001035,8,False
2001036,8,False
2001037,0,True
2001038,8,False
2001039,10,False
2001040,0,True
2001041,10,False
2001042,8,False
2001043,0,True
2001044,0,True
2001045,0,True
2001046,0,True
2001047,0,True
2001048,10,False
2001049,0,True
2001050,0,True
2001051,10,False
2001052,0,True
2001053,0,True
2001054,10,False
2001055,8,False
2001056,10,False
2001057,8,False
2001058,0,True
2001059,0,True
2001060,7,False
2001061,0,True
2001062,0,True
2001063,0,True
2001064,10,False
2001065,0,True
2001066,14,False
2001067,0,True
2001068,0,True
2001069,12,False
2001070,0,True
2001071,10,False
2001072,6,False
2001073,8,False
2001074,10,False
2001075,10,False
2001076,8,False
2001077,14,False
2001078,0,True
2001079,10,False
2001080,0,True
2001081,12,False
2001082,12,False
2001083,8,False
2001084,10,False
2001085,9,False
2001086,6,False
2001087,6,False
2001088,8,False
2001089,8,False
2001090,12,False
2001091,12,False
2001092,8,False
2001093,12,False
2001094,0,True
2001095,8,False
2001096,7,False
2001097,0,True
2001098,0,True
2001099,0,True
2001100,10,False
2001101,14,False
2001102,0,True
2001103,6,False
2001104,10,False
2001105,8,False
2001106,8,False
2001107,0,True
2001108,8,False
2001109,8,False
2001110,0,True
2001111,8,False
2001112,8,False
2001113,14,False
2001114,8,False
2001115,7,False
2001116,0,True
2001117,12,False
2001118,0,True
2001119,6,False
2001120,14,False
2001121,8,False
2001122,0,True
2001123,14,False
2001124,9,False
2001125,8,False
2001126,6,False
2001127,6,False
2001128,8,False
2001129,0,True
2001130,7,False
2001131,7,False
2001132,10,False
2001133,0,True
2001134,8,False
2001135,0,True
2001136,12,False
2001137,0,True
2001138,0,True
2001139,8,False
2001140,0,True
2001141,10,False
2001142,8,False
2001143,7,False
2001144,8,False
2001145,8,False
2001146,6,False
2001147,0,True
2001148,10,False
2001149,10,False
2001150,6,False
2001151,8,False
2001152,6,False
2001153,10,False
2001154,8,False
2001155,6,False
2001156,12,False
2001157,8,False
2001158,0,True
2001159,8,False
2001160,12,False
2001161,0,True
2001162,14,False
2001163,12,False
2001164,8,False
2001165,8,False
2001166,10,False
2001167,8,False
2001168,0,True
2001169,8,False
2001170,6,False
2001171,7,False
2001172,10,False
2001173,8,False
2001174,10,False
2001175,10,False
2001176,10,False
2001177,0,True
2001178,12,False
2001179,10,False
2001180,9,False
2001181,0,True
2001182,6,False
2001183,8,False
2001184,8,False
2001185,10,False
2001186,8,False
2001187,0,True
2001188,4,False
2001189,8,False
2001190,12,False
2001191,0,True
2001192,8,False
2001193,8,False
2001194,6,False
2001195,10,False
2001196,0,True
2001197,10,False
2001198,6,False
2001199,0,True
2001200,0,True
2001201,8,False
2001202,0,True
2001203,10,False
2001204,6,False
2001205,12,False
2001206,0,True
2001207,10,False
2001208,6,False
2001209,0,True
2001210,6,False
2001211,8,False
2001212,10,False
2001213,8,False
2001214,0,True
2001215,9,False
2001216,10,False
2001217,0,True
2001218,0,True
2001219,8,False
2001220,12,False
2001221,8,False
2001222,8,False
2001223,7,False
2001224,0,True
2001225,0,True
2001226,0,True
2001227,0,True
2001228,10,False
2001229,0,True
2001230,10,False
2001231,6,False
2001232,8,False
2001233,8,False
2001234,0,True
2001235,12,False
2001236,8,False
2001237,14,False
2001238,8,False
2001239,0,True
2001240,0,True
2001241,0,True
2001242,8,False
2001243,8,False
2001244,8,False
2001245,10,False
2001246,10,False
2001247,12,False
2001248,10,False
2001249,8,False
2001250,14,False
2001251,10,False
2001252,14,False
2001253,0,True
2001254,0,True
2001255,0,True
2001256,6,False
2001257,12,False
2001258,0,True
2001259,6,False
2001260,10,False
2001261,8,False
2001262,8,False
2001263,10,False
2001264,10,False
2001265,0,True
2001266,0,True
2001267,6,False
2001268,6,False
2001269,7,False
2001270,12,False
2001271,0,True
2001272,0,True
2001273,10,False
2001274,8,False
2001275,8,False
2001276,7,False
2001277,10,False
2001278,0,True
2001279,12,False
2001280,0,True
2001281,0,True
2001282,8,False
2001283,8,False
2001284,0,True
2001285,12,False
2001286,8,False
2001287,0,True
2001288,6,False
2001289,8,False
2001290,8,False
2001291,6,False
2001292,0,True
2001293,0,True
2001294,0,True
2001295,10,False
2001296,8,False
2001297,9,False
2001298,6,False
2001299,8,False
2001300,7,False
2001301,8,False
2001302,8,False
2001303,10,False
2001304,0,True
2001305,8,False
2001306,10,False
2001307,10,False
2001308,0,True
2001309,0,True
2001310,10,False
2001311,6,False
2001312,0,True
2001313,8,False
2001314,8,False
2001315,14,False
2001316,6,False
2001317,0,True
2001318,14,False
2001319,0,True
2001320,0,True
2001321,4,False
2001322,0,True
2001323,14,False
2001324,0,True
2001325,10,False
2001326,6,False
2001327,7,False
2001328,10,False
2001329,8,False
2001330,0,True
2001331,6,False
2001332,8,False
2001333,0,True
2001334,6,False
2001335,8,False
2001336,8,False
2001337,14,False
2001338,8,False
2001339,6,False
2001340,10,False
2001341,7,False
2001342,0,True
2001343,10,False
2001344,0,True
2001345,12,False
2001346,0,True
2001347,0,True
2001348,8,False
2001349,10,False
2001350,6,False
2001351,0,True
2001352,0,True
2001353,10,False
2001354,0,True
2001355,10,False
2001356,8,False
2001357,6,False
2001358,8,False
2001359,8,False
2001360,0,True
2001361,10,False
2001362,14,False
2001363,10,False
2001364,0,True
2001365,10,False
2001366,8,False
2001367,11,False
2001368,10,False
2001369,12,False
2001370,8,False
2001371,10,False
2001372,6,False
2001373,12,False
2001374,10,False
2001375,12,False
2001376,8,False
2001377,9,False
2001378,0,True
2001379,0,True
2001380,0,True
2001381,9,False
2001382,8,False
2001383,0,True
2001384,8,False
2001385,12,False
2001386,8,False
2001387,6,False
2001388,8,False
2001389,6,False
2001390,10,False
2001391,0,True
2001392,8,False
2001393,10,False
2001394,9,False
2001395,0,True
2001396,0,True
2001397,0,True
2001398,0,True
2001399,12,False
2001400,0,True
2001401,10,False
2001402,0,True
2001403,9,False
2001404,7,False
2001405,0,True
2001406,0,True
2001407,0,True
2001408,8,False
2001409,10,False
2001410,10,False
2001411,10,False
2001412,10,False
2001413,10,False
2001414,8,False
2001415,0,True
2001416,0,True
2001417,12,False
2001418,8,False
2001419,10,False
2001420,8,False
2001421,0,True
2001422,8,False
2001423,10,False
2001424,8,False
2001425,8,False
2001426,10,False
2001427,0,True
2001428,10,False
2001429,0,True
2001430,16,False
2001431,10,False
2001432,0,True
2001433,8,False
2001434,6,False
2001435,8,False
2001436,10,False
2001437,0,True
2001438,10,False
2001439,14,False
2001440,8,False
2001441,10,False
2001442,0,True
2001443,8,False
2001444,8,False
2001445,6,False
2001446,0,True
2001447,0,True
2001448,9,False
2001449,12,False
2001450,10,False
2001451,12,False
2001452,6,False
2001453,8,False
2001454,10,False
2001455,12,False
2001456,6,False
2001457,0,True
2001458,0,True
2001459,6,False
2001460,10,False
2001461,8,False
2001462,0,True
2001463,10,False
2001464,0,True
2001465,0,True
2001466,0,True
2001467,8,False
2001468,8,False
2001469,12,False
2001470,12,False
2001471,10,False
2001472,10,False
2001473,0,True
2001474,8,False
2001475,0,True
2001476,0,True
2001477,0,True
2001478,0,True
2001479,10,False
2001480,6,False
2001481,6,False
2001482,12,False
2001483,0,True
2001484,0,True
2001485,8,False
2001486,12,False
2001487,12,False
2001488,0,True
2001489,8,False
2001490,14,False
2001491,6,False
2001492,10,False
2001493,0,True
2001494,10,False
2001495,10,False
2001496,8,False
2001497,0,True
2001498,4,False
2001499,10,False
2001500,0,True
2001501,10,False
2001502,8,False
2001503,10,False
2001504,12,False
2001505,0,True
2001506,4,False
2001507,10,False
2001508,10,False
2001509,12,False
2001510,10,False
2001511,10,False
2001512,8,False
2001513,12,False
2001514,10,False
2001515,11,False
2001516,6,False
2001517,0,True
2001518,0,True
2001519,0,True
2001520,8,False
2001521,0,True
2001522,8,False
2001523,0,True
2001524,0,True
2001525,0,True
2001526,0,True
2001527,0,True
2001528,8,False
2001529,8,False
2001530,8,False
2001531,8,False
2001532,10,False
2001533,10,False
2001534,10,False
2001535,12,False
2001536,8,False
2001537,8,False
2001538,10,False
2001539,0,True
2001540,12,False
2001541,12,False
2001542,9,False
2001543,8,False
2001544,8,False
2001545,0,True
2001546,8,False
2001547,8,False
2001548,0,True
2001549,8,False
2001550,8,False
2001551,10,False
2001552,0,True
2001553,10,False
2001554,8,False
2001555,0,True
2001556,8,False
2001557,10,False
2001558,0,True
2001559,8,False
2001560,8,False
2001561,8,False
2001562,0,True
2001563,10,False
2001564,0,True
2001565,6,False
2001566,8,False
2001567,7,False
2001568,0,True
2001569,10,False
2001570,6,False
2001571,6,False
2001572,0,True
2001573,8,False
2001574,0,True
2001575,12,False
2001576,10,False
2001577,10,False
2001578,0,True
2001579,12,False
2001580,0,True
2001581,10,False
2001582,9,False
2001583,8,False
2001584,0,True
2001585,7,False
2001586,0,True
2001587,0,True
2001588,12,False
2001589,6,False
2001590,12,False
2001591,10,False
2001592,0,True
2001593,8,False
2001594,12,False
2001595,10,False
2001596,10,False
2001597,8,False
2001598,8,False
2001599,10,False
2001600,10,False
2001601,10,False
2001602,0,True
2001603,7,False
2001604,8,False
2001605,8,False
2001606,10,False
2001607,0,True
2001608,0,True
2001609,0,True
2001610,8,False
2001611,0,True
2001612,12,False
2001613,0,True
2001614,8,False
2001615,0,True
2001616,10,False
2001617,8,False
2001618,8,False
2001619,10,False
2001620,10,False
2001621,12,False
2001622,0,True
2001623,8,False
2001624,10,False
2001625,0,True
2001626,12,False
2001627,10,False
2001628,8,False
2001629,8,False
2001630,8,False
2001631,0,True
2001632,8,False
2001633,12,False
2001634,8,False
2001635,4,False
2001636,10,False
2001637,10,False
2001638,12,False
2001639,9,False
2001640,10,False
2001641,10,False
2001642,6,False
2001643,0,True
2001644,6,False
2001645,0,True
2001646,12,False
2001647,6,False
2001648,10,False
2001649,10,False
2001650,10,False
2001651,10,False
2001652,8,False
2001653,10,False
2001654,0,True
2001655,0,True
2001656,0,True
2001657,6,False
2001658,10,False
2001659,8,False
2001660,0,True
2001661,12,False
2001662,0,True
2001663,12,False
2001664,0,True
2001665,7,False
2001666,0,True
2001667,8,False
2001668,10,False
2001669,12,False
2001670,10,False
2001671,0,True
2001672,6,False
2001673,12,False
2001674,8,False
2001675,10,False
2001676,0,True
2001677,8,False
2001678,10,False
2001679,8,False
2001680,10,False
2001681,8,False
2001682,0,True
2001683,0,True
2001684,0,True
2001685,8,False
2001686,12,False
2001687,8,False
2001688,0,True
2001689,8,False
2001690,0,True
2001691,10,False
2001692,10,False
2001693,0,True
2001694,0,True
2001695,0,True
2001696,10,False
2001697,5,False
2001698,8,False
2001699,0,True
2001700,9,False
2001701,7,False
2001702,10,False
2001703,8,False
2001704,10,False
2001705,0,True
2001706,8,False
2001707,0,True
2001708,8,False
2001709,0,True
2001710,0,True
2001711,6,False
2001712,0,True
2001713,6,False
2001714,0,True
2001715,8,False
2001716,8,False
2001717,8,False
2001718,10,False
2001719,0,True
2001720,0,True
2001721,8,False
2001722,0,True
2001723,12,False
2001724,8,False
2001725,0,True
2001726,0,True
2001727,12,False
2001728,0,True
2001729,6,False
2001730,10,False
2001731,8,False
2001732,8,False
2001733,7,False
2001734,10,False
2001735,10,False
2001736,0,True
2001737,6,False
2001738,10,False
2001739,0,True
2001740,0,True
2001741,8,False
2001742,10,False
2001743,12,False
2001744,10,False
2001745,8,False
2001746,6,False
2001747,9,False
2001748,6,False
2001749,12,False
2001750,6,False
2001751,8,False
2001752,0,True
2001753,12,False
2001754,12,False
2001755,0,True
2001756,8,False
2001757,6,False
2001758,8,False
2001759,6,False
2001760,8,False
2001761,8,False
2001762,10,False
2001763,12,False
2001764,8,False
2001765,8,False
2001766,0,True
2001767,10,False
2001768,0,True
2001769,8,False
2001770,8,False
2001771,8,False
2001772,8,False
2001773,0,True
2001774,8,False
2001775,7,False
2001776,6,False
2001777,10,False
2001778,10,False
2001779,8,False
2001780,4,False
2001781,12,False
2001782,12,False
2001783,8,False
2001784,0,True
2001785,10,False
2001786,0,True
2001787,6,False
2001788,8,False
2001789,10,False
2001790,0,True
2001791,8,False
2001792,10,False
2001793,10,False
2001794,0,True
2001795,9,False
2001796,0,True
2001797,8,False
2001798,0,True
2001799,6,False
2001800,10,False
2001801,14,False
2001802,0,True
2001803,14,False
2001804,10,False
2001805,8,False
2001806,10,False
2001807,10,False
2001808,8,False
2001809,8,False
2001810,10,False
2001811,0,True
2001812,10,False
2001813,0,True
2001814,10,False
2001815,6,False
2001816,0,True
2001817,9,False
2001818,10,False
2001819,0,True
2001820,9,False
2001821,8,False
2001822,10,False
2001823,8,False
2001824,10,False
2001825,8,False
2001826,14,False
2001827,0,True
2001828,0,True
2001829,0,True
2001830,0,True
2001831,8,False
2001832,8,False
2001833,0,True
2001834,10,False
2001835,0,True
2001836,0,True
2001837,0,True
2001838,10,False
2001839,12,False
2001840,0,True
2001841,12,False
2001842,0,True
2001843,8,False
2001844,0,True
2001845,7,False
2001846,0,True
2001847,10,False
2001848,12,False
2001849,12,False
2001850,10,False
2001851,6,False
2001852,9,False
2001853,10,False
2001854,12,False
2001855,0,True
2001856,8,False
2001857,6,False
2001858,0,True
2001859,0,True
2001860,0,True
2001861,0,True
2001862,10,False
2001863,0,True
2001864,10,False
2001865,10,False
2001866,2,False
2001867,4,False
2001868,10,False
2001869,10,False
2001870,7,False
2001871,0,True
2001872,10,False
2001873,10,False
2001874,6,False
2001875,4,False
2001876,12,False
2001877,6,False
2001878,10,False
2001879,12,False
2001880,10,False
2001881,10,False
2001882,14,False
2001883,8,False
2001884,12,False
2001885,0,True
2001886,10,False
2001887,10,False
2001888,6,False
2001889,10,False
2001890,10,False
2001891,10,False
2001892,0,True
2001893,6,False
2001894,14,False
2001895,8,False
2001896,0,True
2001897,10,False
2001898,8,False
2001899,10,False
2001900,8,False
2001901,8,False
2001902,6,False
2001903,6,False
2001904,12,False
2001905,0,True
2001906,7,False
2001907,0,True
2001908,8,False
2001909,0,True
2001910,6,False
2001911,12,False
2001912,6,False
2001913,8,False
2001914,0,True
2001915,7,False
2001916,6,False
2001917,12,False
2001918,0,True
2001919,8,False
2001920,6,False
2001921,7,False
2001922,8,False
2001923,12,False
2001924,4,False
2001925,8,False
2001926,10,False
2001927,0,True
2001928,8,False
2001929,8,False
2001930,0,True
2001931,0,True
2001932,0,True
2001933,10,False
2001934,8,False
2001935,0,True
2001936,10,False
2001937,7,False
2001938,14,False
2001939,12,False
2001940,0,True
2001941,8,False
2001942,8,False
2001943,6,False
2001944,0,True
2001945,8,False
2001946,6,False
2001947,7,False
2001948,8,False
2001949,12,False
2001950,8,False
2001951,8,False
2001952,10,False
2001953,8,False
2001954,8,False
2001955,6,False
2001956,10,False
2001957,8,False
2001958,0,True
2001959,14,False
2001960,6,False
2001961,8,False
2001962,0,True
2001963,12,False
2001964,0,True
2001965,6,False
2001966,8,False
2001967,0,True
2001968,12,False
2001969,8,False
2001970,8,False
2001971,10,False
2001972,9,False
2001973,9,False
2001974,6,False
2001975,10,False
2001976,6,False
2001977,0,True
2001978,6,False
2001979,8,False
2001980,14,False
2001981,7,False
2001982,6,False
2001983,7,False
2001984,8,False
2001985,0,True
2001986,10,False
2001987,10,False
2001988,8,False
2001989,10,False
2001990,10,False
2001991,8,False
2001992,0,True
2001993,10,False
2001994,10,False
2001995,0,True
2001996,10,False
2001997,14,False
2001998,8,False
2001999,9,False
2002000,0,True
2002001,6,False
2002002,12,False
2002003,0,True
2002004,0,True
2002005,10,False
2002006,8,False
2002007,8,False
2002008,0,True
2002009,10,False
2002010,10,False
2002011,7,False
2002012,10,False
2002013,6,False
2002014,10,False
2002015,8,False
2002016,0,True
2002017,10,False
2002018,0,True
2002019,10,False
2002020,10,False
2002021,8,False
2002022,0,True
2002023,6,False
2002024,0,True
2002025,10,False
2002026,8,False
2002027,6,False
2002028,8,False
2002029,0,True
2002030,0,True
2002031,9,False
2002032,0,True
2002033,0,True
2002034,6,False
2002035,8,False
2002036,0,True
2002037,6,False
2002038,8,False
2002039,10,False
2002040,8,False
2002041,8,False
2002042,7,False
2002043,0,True
2002044,10,False
2002045,12,False
2002046,8,False
2002047,6,False
2002048,10,False
2002049,0,True
2002050,0,True
2002051,12,False
2002052,0,True
2002053,8,False
2002054,0,True
2002055,12,False
2002056,6,False
2002057,6,False
2002058,10,False
2002059,8,False
2002060,10,False
2002061,8,False
2002062,0,True
2002063,8,False
2002064,8,False
2002065,0,True
2002066,0,True
2002067,0,True
2002068,12,False
2002069,12,False
2002070,8,False
2002071,8,False
2002072,8,False
2002073,0,True
2002074,12,False
2002075,8,False
2002076,0,True
2002077,8,False
2002078,6,False
2002079,8,False
2002080,6,False
2002081,8,False
2002082,12,False
2002083,0,True
2002084,10,False
2002085,0,True
2002086,10,False
2002087,8,False
2002088,4,False
2002089,8,False
2002090,12,False
2002091,12,False
2002092,0,True
2002093,8,False
2002094,10,False
2002095,0,True
2002096,0,True
2002097,10,False
2002098,10,False
2002099,12,False
2002100,6,False
2002101,0,True
2002102,8,False
2002103,8,False
2002104,0,True
2002105,10,False
2002106,10,False
2002107,6,False
2002108,12,False
2002109,8,False
2002110,10,False
2002111,12,False
2002112,10,False
2002113,14,False
2002114,14,False
2002115,0,True
2002116,0,True
2002117,8,False
2002118,0,True
2002119,10,False
2002120,8,False
2002121,6,False
2002122,0,True
2002123,8,False
2002124,9,False
2002125,0,True
2002126,6,False
2002127,8,False
2002128,8,False
2002129,10,False
2002130,0,True
2002131,7,False
2002132,8,False
2002133,7,False
2002134,6,False
2002135,6,False
2002136,7,False
2002137,8,False
2002138,4,False
2002139,6,False
2002140,10,False
2002141,8,False
2002142,8,False
2002143,8,False
2002144,10,False
2002145,0,True
2002146,4,False
2002147,7,False
2002148,8,False
2002149,0,True
2002150,0,True
2002151,0,True
2002152,8,False
2002153,9,False
2002154,6,False
2002155,8,False
2002156,12,False
2002157,12,False
2002158,8,False
2002159,6,False
2002160,10,False
2002161,0,True
2002162,0,True
2002163,12,False
2002164,0,True
2002165,6,False
2002166,0,True
2002167,4,False
2002168,8,False
2002169,8,False
2002170,8,False
2002171,0,True
2002172,6,False
2002173,12,False
2002174,6,False
2002175,14,False
2002176,10,False
2002177,10,False
2002178,0,True
2002179,10,False
2002180,0,True
2002181,10,False
2002182,9,False
2002183,8,False
2002184,8,False
2002185,6,False
2002186,14,False
2002187,0,True
2002188,8,False
2002189,12,False
2002190,12,False
2002191,10,False
2002192,12,False
2002193,12,False
2002194,12,False
2002195,10,False
2002196,10,False
2002197,10,False
2002198,7,False
2002199,0,True
2002200,5,False
2002201,8,False
2002202,10,False
2002203,10,False
2002204,0,True
2002205,0,True
2002206,0,True
2002207,8,False
2002208,10,False
2002209,8,False
2002210,10,False
2002211,8,False
2002212,10,False
2002213,10,False
2002214,0,True
2002215,9,False
2002216,9,False
2002217,0,True
2002218,7,False
2002219,8,False
2002220,10,False
2002221,12,False
2002222,4,False
2002223,12,False
2002224,10,False
2002225,10,False
2002226,0,True
2002227,0,True
2002228,10,False
2002229,0,True
2002230,14,False
2002231,8,False
2002232,12,False
2002233,8,False
2002234,8,False
2002235,10,False
2002236,12,False
2002237,16,False
2002238,12,False
2002239,10,False
2002240,6,False
2002241,8,False
2002242,12,False
2002243,0,True
2002244,12,False
2002245,10,False
2002246,10,False
2002247,8,False
2002248,10,False
2002249,12,False
2002250,10,False
2002251,6,False
2002252,12,False
2002253,11,False
2002254,0,True
2002255,7,False
2002256,0,True
2002257,0,True
2002258,8,False
2002259,8,False
2002260,10,False
2002261,10,False
2002262,0,True
2002263,12,False
2002264,8,False
2002265,8,False
2002266,8,False
2002267,14,False
2002268,6,False
2002269,0,True
2002270,9,False
2002271,0,True
2002272,0,True
2002273,8,False
2002274,8,False
2002275,8,False
2002276,0,True
2002277,10,False
2002278,7,False
2002279,8,False
2002280,0,True
2002281,0,True
2002282,5,False
2002283,10,False
2002284,10,False
2002285,0,True
2002286,0,True
2002287,0,True
2002288,0,True
2002289,14,False
2002290,10,False
2002291,6,False
2002292,6,False
2002293,0,True
2002294,0,True
2002295,0,True
2002296,8,False
2002297,0,True
2002298,12,False
2002299,0,True
2002300,0,True
2002301,0,True
2002302,10,False
2002303,10,False
2002304,0,True
2002305,6,False
2002306,12,False
2002307,0,True
2002308,9,False
2002309,10,False
2002310,0,True
2002311,12,False
2002312,6,False
2002313,6,False
2002314,0,True
2002315,0,True
2002316,12,False
2002317,12,False
2002318,11,False
2002319,0,True
2002320,4,False
2002321,10,False
2002322,10,False
2002323,0,True
2002324,10,False
2002325,8,False
2002326,10,False
2002327,0,True
2002328,8,False
2002329,0,True
2002330,10,False
2002331,12,False
2002332,0,True
2002333,0,True
2002334,7,False
2002335,6,False
2002336,8,False
2002337,8,False
2002338,8,False
2002339,6,False
2002340,8,False
2002341,6,False
2002342,12,False
2002343,10,False
2002344,8,False
2002345,0,True
2002346,0,True
2002347,0,True
2002348,0,True
2002349,8,False
2002350,0,True
2002351,12,False
2002352,0,True
2002353,0,True
2002354,10,False
2002355,0,True
2002356,8,False
2002357,6,False
2002358,14,False
2002359,10,False
2002360,8,False
2002361,0,True
2002362,0,True
2002363,8,False
2002364,10,False
2002365,12,False
2002366,0,True
2002367,10,False
2002368,10,False
2002369,8,False
2002370,6,False
2002371,10,False
2002372,12,False
2002373,0,True
2002374,0,True
2002375,0,True
2002376,8,False
2002377,8,False
2002378,10,False
2002379,10,False
2002380,10,False
2002381,0,True
2002382,0,True
2002383,6,False
2002384,0,True
2002385,9,False
2002386,10,False
2002387,10,False
2002388,0,True
2002389,0,True
2002390,10,False
2002391,0,True
2002392,8,False
2002393,0,True
2002394,10,False
2002395,12,False
2002396,0,True
2002397,0,True
2002398,0,True
2002399,9,False
2002400,12,False
2002401,10,False
2002402,8,False
2002403,6,False
2002404,10,False
2002405,0,True
2002406,0,True
2002407,8,False
2002408,10,False
2002409,10,False
2002410,7,False
2002411,10,False
2002412,10,False
2002413,6,False
2002414,8,False
2002415,10,False
2002416,10,False
2002417,12,False
2002418,6,False
2002419,0,True
2002420,10,False
2002421,10,False
2002422,0,True
2002423,8,False
2002424,8,False
2002425,9,False
2002426,10,False
2002427,6,False
2002428,8,False
2002429,8,False
2002430,9,False
2002431,10,False
2002432,8,False
2002433,5,False
2002434,8,False
2002435,8,False
2002436,8,False
2002437,8,False
2002438,0,True
2002439,6,False
2002440,8,False
2002441,10,False
2002442,6,False
2002443,0,True
2002444,0,True
2002445,0,True
2002446,0,True
2002447,10,False
2002448,10,False
2002449,14,False
2002450,10,False
2002451,8,False
2002452,12,False
2002453,0,True
2002454,10,False
2002455,0,True
2002456,0,True
2002457,12,False
2002458,8,False
2002459,10,False
2002460,6,False
2002461,12,False
2002462,8,False
2002463,10,False
2002464,10,False
2002465,10,False
2002466,10,False
2002467,6,False
2002468,12,False
2002469,8,False
2002470,10,False
2002471,0,True
2002472,0,True
2002473,12,False
2002474,10,False
2002475,0,True
2002476,10,False
2002477,12,False
2002478,6,False
2002479,10,False
2002480,10,False
2002481,12,False
2002482,8,False
2002483,8,False
2002484,0,True
2002485,8,False
2002486,0,True
2002487,10,False
2002488,0,True
2002489,10,False
2002490,10,False
2002491,6,False
2002492,10,False
2002493,10,False
2002494,10,False
2002495,0,True
2002496,10,False
2002497,6,False
2002498,0,True
2002499,10,False
2002500,8,False
2002501,8,False
2002502,8,False
2002503,0,True
2002504,12,False
2002505,8,False
2002506,7,False
2002507,8,False
2002508,12,False
2002509,0,True
2002510,10,False
2002511,8,False
2002512,0,True
2002513,6,False
2002514,10,False
2002515,6,False
2002516,0,True
2002517,6,False
2002518,0,True
2002519,8,False
2002520,10,False
2002521,0,True
2002522,10,False
2002523,0,True
2002524,8,False
2002525,12,False
2002526,0,True
2002527,10,False
2002528,8,False
2002529,10,False
2002530,0,True
2002531,0,True
2002532,0,True
2002533,0,True
2002534,12,False
2002535,8,False
2002536,12,False
2002537,6,False
2002538,0,True
2002539,8,False
2002540,8,False
2002541,0,True
2002542,8,False
2002543,10,False
2002544,14,False
2002545,8,False
2002546,10,False
2002547,6,False
2002548,10,False
2002549,8,False
2002550,8,False
2002551,0,True
2002552,0,True
2002553,10,False
2002554,7,False
2002555,8,False
2002556,8,False
2002557,0,True
2002558,8,False
2002559,8,False
2002560,4,False
2002561,12,False
2002562,8,False
2002563,10,False
2002564,12,False
2002565,0,True
2002566,6,False
2002567,8,False
2002568,10,False
2002569,10,False
2002570,10,False
2002571,10,False
2002572,10,False
2002573,0,True
2002574,8,False
2002575,8,False
2002576,7,False
2002577,0,True
2002578,12,False
2002579,0,True
2002580,0,True
2002581,0,True
2002582,0,True
2002583,8,False
2002584,8,False
2002585,8,False
2002586,0,True
2002587,8,False
2002588,0,True
2002589,8,False
2002590,6,False
2002591,6,False
2002592,8,False
2002593,12,False
2002594,10,False
2002595,7,False
2002596,8,False
2002597,12,False
2002598,12,False
2002599,0,True
2002600,0,True
2002601,0,True
2002602,6,False
2002603,8,False
2002604,0,True
2002605,8,False
2002606,10,False
2002607,0,True
2002608,0,True
2002609,8,False
2002610,8,False
2002611,5,False
2002612,10,False
2002613,8,False
2002614,12,False
2002615,6,False
2002616,8,False
2002617,12,False
2002618,0,True
2002619,10,False
2002620,0,True
2002621,10,False
2002622,6,False
2002623,10,False
2002624,0,True
2002625,8,False
2002626,8,False
2002627,0,True
2002628,10,False
2002629,0,True
2002630,7,False
2002631,8,False
2002632,6,False
2002633,10,False
2002634,10,False
2002635,8,False
2002636,0,True
2002637,10,False
2002638,10,False
2002639,4,False
2002640,6,False
2002641,12,False
2002642,4,False
2002643,8,False
2002644,6,False
2002645,8,False
2002646,10,False
2002647,10,False
2002648,8,False
2002649,12,False
2002650,8,False
2002651,6,False
2002652,8,False
2002653,10,False
2002654,6,False
2002655,10,False
2002656,0,True
2002657,12,False
2002658,12,False
2002659,0,True
2002660,8,False
2002661,6,False
2002662,0,True
2002663,0,True
2002664,6,False
2002665,8,False
2002666,0,True
2002667,0,True
2002668,10,False
2002669,7,False
2002670,9,False
2002671,12,False
2002672,10,False
2002673,8,False
2002674,10,False
2002675,0,True
2002676,0,True
2002677,8,False
2002678,8,False
2002679,8,False
2002680,12,False
2002681,0,True
2002682,10,False
2002683,10,False
2002684,8,False
2002685,10,False
2002686,0,True
2002687,6,False
2002688,6,False
2002689,0,True
2002690,7,False
2002691,0,True
2002692,0,True
2002693,0,True
2002694,4,False
2002695,0,True
2002696,5,False
2002697,0,True
2002698,8,False
2002699,10,False
2002700,10,False
2002701,0,True
2002702,9,False
2002703,0,True
2002704,0,True
2002705,8,False
2002706,10,False
2002707,12,False
2002708,10,False
2002709,10,False
2002710,10,False
2002711,0,True
2002712,10,False
2002713,7,False
2002714,0,True
2002715,4,False
2002716,6,False
2002717,4,False
2002718,12,False
2002719,9,False
2002720,6,False
2002721,12,False
2002722,10,False
2002723,0,True
2002724,8,False
2002725,0,True
2002726,8,False
2002727,10,False
2002728,7,False
2002729,10,False
2002730,6,False
2002731,0,True
2002732,8,False
2002733,0,True
2002734,8,False
2002735,10,False
2002736,8,False
2002737,0,True
2002738,10,False
2002739,0,True
2002740,10,False
2002741,10,False
2002742,10,False
2002743,0,True
2002744,8,False
2002745,12,False
2002746,0,True
2002747,12,False
2002748,10,False
2002749,0,True
2002750,8,False
2002751,10,False
2002752,9,False
2002753,12,False
2002754,8,False
2002755,10,False
2002756,7,False
2002757,6,False
2002758,12,False
2002759,10,False
2002760,10,False
2002761,9,False
2002762,10,False
2002763,10,False
2002764,10,False
2002765,7,False
2002766,10,False
2002767,9,False
2002768,0,True
2002769,10,False
2002770,8,False
2002771,10,False
2002772,8,False
2002773,14,False
2002774,0,True
2002775,0,True
2002776,0,True
2002777,0,True
2002778,0,True
2002779,0,True
2002780,6,False
2002781,0,True
2002782,10,False
2002783,0,True
2002784,12,False
2002785,9,False
2002786,0,True
2002787,10,False
2002788,0,True
2002789,6,False
2002790,7,False
2002791,8,False
2002792,6,False
2002793,0,True
2002794,10,False
2002795,0,True
2002796,6,False
2002797,6,False
2002798,8,False
2002799,10,False
2002800,8,False
2002801,10,False
2002802,6,False
2002803,8,False
2002804,9,False
2002805,0,True
2002806,9,False
2002807,10,False
2002808,0,True
2002809,0,True
2002810,0,True
2002811,6,False
2002812,10,False
2002813,8,False
2002814,8,False
2002815,12,False
2002816,0,True
2002817,8,False
2002818,10,False
2002819,8,False
2002820,6,False
2002821,0,True
2002822,0,True
2002823,12,False
2002824,0,True
2002825,6,False
2002826,8,False
2002827,8,False
2002828,0,True
2002829,0,True
2002830,6,False
2002831,8,False
2002832,0,True
2002833,0,True
2002834,12,False
2002835,0,True
2002836,10,False
2002837,0,True
2002838,12,False
2002839,10,False
2002840,8,False
2002841,12,False
2002842,7,False
2002843,12,False
2002844,10,False
2002845,12,False
2002846,10,False
2002847,4,False
2002848,8,False
2002849,0,True
2002850,0,True
2002851,0,True
2002852,0,True
2002853,12,False
2002854,0,True
2002855,0,True
2002856,10,False
2002857,0,True
2002858,10,False
2002859,10,False
2002860,0,True
2002861,8,False
2002862,8,False
2002863,0,True
2002864,7,False
2002865,0,True
2002866,8,False
2002867,0,True
2002868,12,False
2002869,10,False
2002870,0,True
2002871,12,False
2002872,8,False
2002873,10,False
2002874,0,True
2002875,8,False
2002876,8,False
2002877,0,True
2002878,8,False
2002879,0,True
2002880,8,False
2002881,10,False
2002882,10,False
2002883,12,False
2002884,8,False
2002885,10,False
2002886,10,False
2002887,10,False
2002888,0,True
2002889,8,False
2002890,0,True
2002891,8,False
2002892,8,False
2002893,8,False
2002894,9,False
2002895,0,True
2002896,12,False
2002897,8,False
2002898,0,True
2002899,8,False
2002900,12,False
2002901,9,False
2002902,10,False
2002903,0,True
2002904,6,False
2002905,8,False
2002906,10,False
2002907,10,False
2002908,10,False
2002909,14,False
2002910,10,False
2002911,12,False
2002912,10,False
2002913,0,True
2002914,0,True
2002915,0,True
2002916,8,False
2002917,10,False
2002918,8,False
2002919,7,False
2002920,10,False
2002921,10,False
2002922,8,False
2002923,7,False
2002924,10,False
2002925,12,False
2002926,6,False
2002927,0,True
2002928,7,False
2002929,0,True
2002930,12,False
2002931,8,False
2002932,0,True
2002933,12,False
2002934,10,False
2002935,0,True
2002936,10,False
2002937,12,False
2002938,10,False
2002939,12,False
2002940,6,False
2002941,10,False
2002942,8,False
2002943,8,False
2002944,8,False
2002945,14,False
2002946,12,False
2002947,10,False
2002948,12,False
2002949,10,False
2002950,10,False
2002951,7,False
2002952,0,True
2002953,0,True
2002954,9,False
2002955,8,False
2002956,12,False
2002957,8,False
2002958,10,False
2002959,8,False
2002960,8,False
2002961,10,False
2002962,10,False
2002963,0,True
2002964,10,False
2002965,6,False
2002966,12,False
2002967,0,True
2002968,16,False
2002969,0,True
2002970,10,False
2002971,4,False
2002972,0,True
2002973,8,False
2002974,8,False
2002975,0,True
2002976,0,True
2002977,6,False
2002978,6,False
2002979,8,False
2002980,0,True
2002981,10,False
2002982,8,False
2002983,10,False
2002984,7,False
2002985,6,False
2002986,8,False
2002987,10,False
2002988,0,True
2002989,8,False
2002990,8,False
2002991,10,False
2002992,10,False
2002993,12,False
2002994,6,False
2002995,12,False
2002996,12,False
2002997,12,False
2002998,10,False
2002999,0,True
2003000,7,False
2003001,8,False
2003002,7,False
2003003,8,False
2003004,8,False
2003005,8,False
2003006,0,True
2003007,8,False
2003008,7,False
2003009,12,False
2003010,0,True
2003011,6,False
2003012,12,False
2003013,8,False
2003014,9,False
2003015,8,False
2003016,0,True
2003017,12,False
2003018,10,False
2003019,8,False
2003020,10,False
2003021,0,True
2003022,0,True
2003023,0,True
2003024,6,False
2003025,8,False
2003026,0,True
2003027,0,True
2003028,0,True
2003029,8,False
2003030,8,False
2003031,8,False
2003032,8,False
2003033,10,False
2003034,10,False
2003035,10,False
2003036,12,False
2003037,12,False
2003038,0,True
2003039,0,True
2003040,6,False
2003041,12,False
2003042,0,True
2003043,10,False
2003044,8,False
2003045,12,False
2003046,4,False
2003047,8,False
2003048,0,True
2003049,10,False
2003050,0,True
2003051,0,True
2003052,8,False
2003053,6,False
2003054,10,False
2003055,0,True
2003056,8,False
2003057,0,True
2003058,8,False
2003059,6,False
2003060,0,True
2003061,8,False
2003062,12,False
2003063,0,True
2003064,12,False
2003065,8,False
2003066,12,False
2003067,10,False
2003068,4,False
2003069,16,False
2003070,7,False
2003071,0,True
2003072,6,False
2003073,12,False
2003074,12,False
2003075,9,False
2003076,6,False
2003077,6,False
2003078,12,False
2003079,8,False
2003080,0,True
2003081,6,False
2003082,10,False
2003083,10,False
2003084,0,True
2003085,0,True
2003086,8,False
2003087,10,False
2003088,8,False
2003089,12,False
2003090,8,False
2003091,12,False
2003092,10,False
2003093,12,False
2003094,6,False
2003095,0,True
2003096,12,False
2003097,0,True
2003098,6,False
2003099,0,True
2003100,6,False
2003101,8,False
2003102,8,False
2003103,6,False
2003104,0,True
2003105,10,False
2003106,4,False
2003107,10,False
2003108,10,False
2003109,0,True
2003110,8,False
2003111,14,False
2003112,8,False
2003113,10,False
2003114,8,False
2003115,0,True
2003116,12,False
2003117,10,False
2003118,0,True
2003119,7,False
2003120,10,False
2003121,7,False
2003122,0,True
2003123,12,False
2003124,12,False
2003125,6,False
2003126,8,False
2003127,12,False
2003128,10,False
2003129,4,False
2003130,12,False
2003131,12,False
2003132,10,False
2003133,0,True
2003134,8,False
2003135,8,False
2003136,6,False
2003137,12,False
2003138,0,True
2003139,10,False
2003140,10,False
2003141,0,True
2003142,10,False
2003143,10,False
2003144,8,False
2003145,6,False
2003146,0,True
2003147,12,False
2003148,8,False
2003149,0,True
2003150,9,False
2003151,8,False
2003152,0,True
2003153,12,False
2003154,0,True
2003155,8,False
2003156,0,True
2003157,10,False
2003158,8,False
2003159,8,False
2003160,6,False
2003161,0,True
2003162,10,False
2003163,6,False
2003164,8,False
2003165,7,False
2003166,8,False
2003167,0,True
2003168,10,False
2003169,0,True
2003170,12,False
2003171,6,False
2003172,8,False
2003173,10,False
2003174,10,False
2003175,6,False
2003176,10,False
2003177,0,True
2003178,8,False
2003179,8,False
2003180,10,False
2003181,8,False
2003182,12,False
2003183,14,False
2003184,0,True
2003185,0,True
2003186,10,False
2003187,12,False
2003188,10,False
2003189,10,False
2003190,10,False
2003191,10,False
2003192,0,True
2003193,10,False
2003194,0,True
2003195,10,False
2003196,12,False
2003197,10,False
2003198,10,False
2003199,8,False
2003200,7,False
2003201,0,True
2003202,12,False
2003203,12,False
2003204,0,True
2003205,8,False
2003206,10,False
2003207,0,True
2003208,12,False
2003209,10,False
2003210,8,False
2003211,0,True
2003212,0,True
2003213,4,False
2003214,8,False
2003215,8,False
2003216,0,True
2003217,10,False
2003218,12,False
2003219,8,False
2003220,10,False
2003221,0,True
2003222,10,False
2003223,8,False
2003224,12,False
2003225,12,False
2003226,8,False
2003227,6,False
2003228,12,False
2003229,12,False
2003230,0,True
2003231,10,False
2003232,12,False
2003233,10,False
2003234,8,False
2003235,12,False
2003236,0,True
2003237,6,False
2003238,0,True
2003239,6,False
2003240,0,True
2003241,7,False
2003242,10,False
2003243,12,False
2003244,8,False
2003245,4,False
2003246,8,False
2003247,0,True
2003248,8,False
2003249,8,False
2003250,0,True
2003251,8,False
2003252,8,False
2003253,12,False
2003254,5,False
2003255,10,False
2003256,10,False
2003257,0,True
2003258,9,False
2003259,0,True
2003260,14,False
2003261,8,False
2003262,12,False
2003263,6,False
2003264,12,False
2003265,10,False
2003266,4,False
2003267,8,False
2003268,12,False
2003269,0,True
2003270,12,False
2003271,10,False
2003272,0,True
2003273,12,False
2003274,10,False
2003275,6,False
2003276,0,True
2003277,10,False
2003278,8,False
2003279,10,False
2003280,10,False
2003281,8,False
2003282,0,True
2003283,6,False
2003284,0,True
2003285,0,True
2003286,8,False
2003287,0,True
2003288,0,True
2003289,10,False
2003290,0,True
2003291,12,False
2003292,10,False
2003293,0,True
2003294,10,False
2003295,0,True
2003296,10,False
2003297,10,False
2003298,8,False
2003299,8,False
2003300,0,True
2003301,8,False
2003302,10,False
2003303,0,True
2003304,10,False
2003305,14,False
2003306,0,True
2003307,12,False
2003308,0,True
2003309,10,False
2003310,16,False
2003311,8,False
2003312,0,True
2003313,0,True
2003314,8,False
2003315,0,True
2003316,8,False
2003317,0,True
2003318,7,False
2003319,7,False
2003320,9,False
2003321,10,False
2003322,12,False
2003323,6,False
2003324,6,False
2003325,12,False
2003326,10,False
2003327,0,True
2003328,7,False
2003329,10,False
2003330,10,False
2003331,6,False
2003332,10,False
2003333,10,False
2003334,10,False
2003335,8,False
2003336,10,False
2003337,10,False
2003338,6,False
2003339,10,False
2003340,8,False
2003341,0,True
2003342,10,False
2003343,6,False
2003344,4,False
2003345,10,False
2003346,8,False
2003347,12,False
2003348,10,False
2003349,8,False
2003350,12,False
2003351,4,False
2003352,8,False
2003353,12,False
2003354,0,True
2003355,10,False
2003356,8,False
2003357,10,False
2003358,0,True
2003359,10,False
2003360,8,False
2003361,10,False
2003362,10,False
2003363,10,False
2003364,0,True
2003365,8,False
2003366,0,True
2003367,10,False
2003368,10,False
2003369,0,True
2003370,6,False
2003371,12,False
2003372,8,False
2003373,6,False
2003374,0,True
2003375,0,True
2003376,10,False
2003377,8,False
2003378,0,True
2003379,6,False
2003380,8,False
2003381,8,False
2003382,6,False
2003383,8,False
2003384,12,False
2003385,0,True
2003386,8,False
2003387,10,False
2003388,12,False
2003389,0,True
2003390,8,False
2003391,10,False
2003392,8,False
2003393,10,False
2003394,8,False
2003395,12,False
2003396,12,False
2003397,10,False
2003398,6,False
2003399,10,False
2003400,8,False
2003401,6,False
2003402,0,True
2003403,0,True
2003404,7,False
2003405,0,True
2003406,10,False
2003407,8,False
2003408,12,False
2003409,6,False
2003410,8,False
2003411,0,True
2003412,10,False
2003413,8,False
2003414,6,False
2003415,12,False
2003416,14,False
2003417,12,False
2003418,10,False
2003419,8,False
2003420,8,False
2003421,12,False
2003422,8,False
2003423,0,True
2003424,0,True
2003425,0,True
2003426,0,True
2003427,10,False
2003428,6,False
2003429,8,False
2003430,0,True
2003431,12,False
2003432,0,True
2003433,10,False
2003434,8,False
2003435,0,True
2003436,8,False
2003437,12,False
2003438,8,False
2003439,0,True
2003440,7,False
2003441,10,False
2003442,6,False
2003443,8,False
2003444,9,False
2003445,10,False
2003446,10,False
2003447,10,False
2003448,10,False
2003449,8,False
2003450,0,True
2003451,0,True
2003452,8,False
2003453,10,False
2003454,10,False
2003455,0,True
2003456,10,False
2003457,8,False
2003458,6,False
2003459,12,False
2003460,12,False
2003461,6,False
2003462,10,False
2003463,14,False
2003464,0,True
2003465,0,True
2003466,0,True
2003467,0,True
2003468,0,True
2003469,0,True
2003470,10,False
2003471,0,True
2003472,10,False
2003473,12,False
2003474,4,False
2003475,8,False
2003476,8,False
2003477,10,False
2003478,0,True
2003479,12,False
2003480,10,False
2003481,10,False
2003482,0,True
2003483,8,False
2003484,10,False
2003485,0,True
2003486,12,False
2003487,6,False
2003488,6,False
2003489,10,False
2003490,4,False
2003491,8,False
2003492,0,True
2003493,0,True
2003494,6,False
2003495,8,False
2003496,7,False
2003497,8,False
2003498,12,False
2003499,5,False
2003500,10,False
2003501,10,False
2003502,14,False
2003503,12,False
2003504,0,True
2003505,0,True
2003506,10,False
2003507,8,False
2003508,12,False
2003509,10,False
2003510,8,False
2003511,0,True
2003512,9,False
2003513,8,False
2003514,6,False
2003515,8,False
2003516,0,True
2003517,6,False
2003518,10,False
2003519,0,True
2003520,8,False
2003521,0,True
2003522,0,True
2003523,8,False
2003524,0,True
2003525,6,False
2003526,6,False
2003527,8,False
2003528,10,False
2003529,9,False
2003530,0,True
2003531,8,False
2003532,7,False
2003533,10,False
2003534,12,False
2003535,0,True
2003536,8,False
2003537,10,False
2003538,10,False
2003539,6,False
2003540,8,False
2003541,10,False
2003542,12,False
2003543,0,True
2003544,5,False
2003545,10,False
2003546,8,False
2003547,8,False
2003548,0,True
2003549,0,True
2003550,10,False
2003551,0,True
2003552,10,False
2003553,9,False
2003554,12,False
2003555,8,False
2003556,10,False
2003557,10,False
2003558,6,False
2003559,10,False
2003560,12,False
2003561,6,False
2003562,0,True
2003563,6,False
2003564,7,False
2003565,0,True
2003566,12,False
2003567,8,False
2003568,0,True
2003569,12,False
2003570,8,False
2003571,8,False
2003572,0,True
2003573,10,False
2003574,8,False
2003575,8,False
2003576,7,False
2003577,10,False
2003578,8,False
2003579,8,False
2003580,8,False
2003581,8,False
2003582,10,False
2003583,10,False
2003584,10,False
2003585,0,True
2003586,7,False
2003587,10,False
2003588,0,True
2003589,0,True
2003590,10,False
2003591,0,True
2003592,0,True
2003593,0,True
2003594,12,False
2003595,10,False
2003596,8,False
2003597,0,True
2003598,0,True
2003599,12,False
2003600,8,False
2003601,6,False
2003602,10,False
2003603,0,True
2003604,0,True
2003605,9,False
2003606,12,False
2003607,12,False
2003608,9,False
2003609,0,True
2003610,0,True
2003611,12,False
2003612,8,False
2003613,0,True
2003614,0,True
2003615,8,False
2003616,8,False
2003617,8,False
2003618,9,False
2003619,0,True
2003620,8,False
2003621,7,False
2003622,6,False
2003623,8,False
2003624,8,False
2003625,10,False
2003626,10,False
2003627,9,False
2003628,12,False
2003629,10,False
2003630,12,False
2003631,0,True
2003632,0,True
2003633,6,False
2003634,10,False
2003635,0,True
2003636,12,False
2003637,10,False
2003638,10,False
2003639,8,False
2003640,0,True
2003641,10,False
2003642,10,False
2003643,10,False
2003644,0,True
2003645,10,False
2003646,14,False
2003647,10,False
2003648,0,True
2003649,10,False
2003650,7,False
2003651,8,False
2003652,0,True
2003653,10,False
2003654,8,False
2003655,4,False
2003656,8,False
2003657,12,False
2003658,10,False
2003659,10,False
2003660,8,False
2003661,0,True
2003662,16,False
2003663,6,False
2003664,6,False
2003665,8,False
2003666,8,False
2003667,8,False
2003668,10,False
2003669,6,False
2003670,0,True
2003671,8,False
2003672,0,True
2003673,9,False
2003674,8,False
2003675,12,False
2003676,0,True
2003677,12,False
2003678,8,False
2003679,0,True
2003680,10,False
2003681,8,False
2003682,6,False
2003683,7,False
2003684,0,True
2003685,10,False
2003686,8,False
2003687,0,True
2003688,12,False
2003689,8,False
2003690,7,False
2003691,0,True
2003692,8,False
2003693,8,False
2003694,6,False
2003695,0,True
2003696,12,False
2003697,8,False
2003698,0,True
2003699,8,False
2003700,10,False
2003701,7,False
2003702,12,False
2003703,0,True
2003704,6,False
2003705,8,False
2003706,6,False
2003707,8,False
2003708,8,False
2003709,8,False
2003710,0,True
2003711,0,True
2003712,10,False
2003713,0,True
2003714,0,True
2003715,6,False
2003716,8,False
2003717,12,False
2003718,5,False
2003719,0,True
2003720,10,False
2003721,9,False
2003722,0,True
2003723,0,True
2003724,8,False
2003725,10,False
2003726,10,False
2003727,10,False
2003728,8,False
2003729,8,False
2003730,10,False
2003731,0,True
2003732,12,False
2003733,10,False
2003734,10,False
2003735,7,False
2003736,10,False
2003737,10,False
2003738,0,True
2003739,8,False
2003740,8,False
2003741,0,True
2003742,10,False
2003743,8,False
2003744,10,False
2003745,7,False
2003746,8,False
2003747,6,False
2003748,6,False
2003749,0,True
2003750,10,False
2003751,0,True
2003752,7,False
2003753,0,True
2003754,0,True
2003755,10,False
2003756,10,False
2003757,10,False
2003758,10,False
2003759,8,False
2003760,10,False
2003761,5,False
2003762,10,False
2003763,6,False
2003764,0,True
2003765,8,False
2003766,0,True
2003767,0,True
2003768,10,False
2003769,10,False
2003770,10,False
2003771,10,False
2003772,8,False
2003773,0,True
2003774,0,True
2003775,0,True
2003776,8,False
2003777,6,False
2003778,0,True
2003779,0,True
2003780,6,False
2003781,12,False
2003782,8,False
2003783,8,False
2003784,0,True
2003785,0,True
2003786,10,False
2003787,0,True
2003788,6,False
2003789,10,False
2003790,12,False
2003791,6,False
2003792,0,True
2003793,0,True
2003794,8,False
2003795,0,True
2003796,0,True
2003797,10,False
2003798,7,False
2003799,12,False
2003800,7,False
2003801,0,True
2003802,12,False
2003803,10,False
2003804,10,False
2003805,12,False
2003806,10,False
2003807,0,True
2003808,0,True
2003809,0,True
2003810,6,False
2003811,12,False
2003812,8,False
2003813,0,True
2003814,8,False
2003815,14,False
2003816,8,False
2003817,4,False
2003818,10,False
2003819,10,False
2003820,8,False
2003821,12,False
2003822,8,False
2003823,8,False
2003824,6,False
2003825,7,False
2003826,8,False
2003827,0,True
2003828,8,False
2003829,0,True
2003830,8,False
2003831,6,False
2003832,8,False
2003833,9,False
2003834,10,False
2003835,10,False
2003836,8,False
2003837,10,False
2003838,8,False
2003839,10,False
2003840,10,False
2003841,12,False
2003842,7,False
2003843,12,False
2003844,12,False
2003845,12,False
2003846,6,False
2003847,10,False
2003848,12,False
2003849,10,False
2003850,0,True
2003851,6,False
2003852,12,False
2003853,10,False
2003854,9,False
2003855,8,False
2003856,9,False
2003857,10,False
2003858,0,True
2003859,8,False
2003860,10,False
2003861,12,False
2003862,10,False
2003863,10,False
2003864,12,False
2003865,8,False
2003866,12,False
2003867,12,False
2003868,0,True
2003869,0,True
2003870,8,False
2003871,8,False
2003872,8,False
2003873,0,True
2003874,10,False
2003875,10,False
2003876,6,False
2003877,9,False
2003878,0,True
2003879,6,False
2003880,0,True
2003881,0,True
2003882,8,False
2003883,9,False
2003884,14,False
2003885,10,False
2003886,10,False
2003887,0,True
2003888,6,False
2003889,6,False
2003890,0,True
2003891,0,True
2003892,0,True
2003893,10,False
2003894,10,False
2003895,10,False
2003896,0,True
2003897,0,True
2003898,8,False
2003899,0,True
2003900,0,True
2003901,8,False
2003902,0,True
2003903,6,False
2003904,6,False
2003905,6,False
2003906,6,False
2003907,10,False
2003908,0,True
2003909,8,False
2003910,8,False
2003911,12,False
2003912,0,True
2003913,7,False
2003914,0,True
2003915,10,False
2003916,10,False
2003917,12,False
2003918,6,False
2003919,8,False
2003920,10,False
2003921,0,True
2003922,8,False
2003923,0,True
2003924,14,False
2003925,0,True
2003926,0,True
2003927,10,False
2003928,8,False
2003929,8,False
2003930,6,False
2003931,12,False
2003932,12,False
2003933,10,False
2003934,0,True
2003935,4,False
2003936,6,False
2003937,8,False
2003938,10,False
2003939,7,False
2003940,0,True
2003941,0,True
2003942,10,False
2003943,0,True
2003944,0,True
2003945,10,False
2003946,0,True
2003947,0,True
2003948,0,True
2003949,0,True
2003950,8,False
2003951,0,True
2003952,8,False
2003953,10,False
2003954,8,False
2003955,8,False
2003956,12,False
2003957,0,True
2003958,8,False
2003959,6,False
2003960,12,False
2003961,0,True
2003962,8,False
2003963,8,False
2003964,10,False
2003965,6,False
2003966,8,False
2003967,12,False
2003968,0,True
2003969,10,False
2003970,0,True
2003971,12,False
2003972,8,False
2003973,0,True
2003974,0,True
2003975,6,False
2003976,0,True
2003977,8,False
2003978,6,False
2003979,8,False
2003980,0,True
2003981,12,False
2003982,8,False
2003983,0,True
2003984,6,False
2003985,8,False
2003986,0,True
2003987,8,False
2003988,10,False
2003989,8,False
2003990,0,True
2003991,10,False
2003992,10,False
2003993,0,True
2003994,0,True
2003995,8,False
2003996,10,False
2003997,7,False
2003998,0,True
2003999,14,False
2004000,10,False
2004001,7,False
2004002,0,True
2004003,10,False
2004004,10,False
2004005,7,False
2004006,8,False
2004007,8,False
2004008,10,False
2004009,0,True
2004010,10,False
2004011,10,False
2004012,0,True
2004013,10,False
2004014,8,False
2004015,7,False
2004016,0,True
2004017,14,False
2004018,10,False
2004019,0,True
2004020,8,False
2004021,5,False
2004022,0,True
2004023,8,False
2004024,0,True
2004025,7,False
2004026,14,False
2004027,9,False
2004028,5,False
2004029,0,True
2004030,9,False
2004031,0,True
2004032,4,False
2004033,0,True
2004034,6,False
2004035,12,False
2004036,0,True
2004037,0,True
2004038,8,False
2004039,9,False
2004040,0,True
2004041,12,False
2004042,6,False
2004043,0,True
2004044,0,True
2004045,10,False
2004046,5,False
2004047,12,False
2004048,7,False
2004049,0,True
2004050,12,False
2004051,12,False
2004052,8,False
2004053,8,False
2004054,6,False
2004055,0,True
2004056,12,False
2004057,10,False
2004058,6,False
2004059,0,True
2004060,0,True
2004061,8,False
2004062,8,False
2004063,8,False
2004064,8,False
2004065,0,True
2004066,12,False
2004067,8,False
2004068,7,False
2004069,0,True
2004070,0,True
2004071,0,True
2004072,8,False
2004073,10,False
2004074,10,False
2004075,14,False
2004076,6,False
2004077,8,False
2004078,0,True
2004079,0,True
2004080,0,True
2004081,12,False
2004082,14,False
2004083,0,True
2004084,8,False
2004085,0,True
2004086,0,True
2004087,10,False
2004088,8,False
2004089,10,False
2004090,8,False
2004091,10,False
2004092,8,False
2004093,12,False
2004094,0,True
2004095,8,False
2004096,8,False
2004097,0,True
2004098,8,False
2004099,10,False
2004100,10,False
2004101,6,False
2004102,0,True
2004103,0,True
2004104,0,True
2004105,12,False
2004106,8,False
2004107,0,True
2004108,6,False
2004109,10,False
2004110,8,False
2004111,10,False
2004112,0,True
2004113,8,False
2004114,8,False
2004115,6,False
2004116,10,False
2004117,10,False
2004118,12,False
2004119,8,False
2004120,0,True
2004121,12,False
2004122,7,False
2004123,12,False
2004124,0,True
2004125,10,False
2004126,10,False
2004127,10,False
2004128,8,False
2004129,8,False
2004130,0,True
2004131,10,False
2004132,10,False
2004133,12,False
2004134,0,True
2004135,0,True
2004136,10,False
2004137,6,False
2004138,0,True
2004139,12,False
2004140,8,False
2004141,6,False
2004142,12,False
2004143,0,True
2004144,6,False
2004145,14,False
2004146,14,False
2004147,12,False
2004148,10,False
2004149,12,False
2004150,12,False
2004151,6,False
2004152,9,False
2004153,7,False
2004154,6,False
2004155,10,False
2004156,8,False
2004157,0,True
2004158,10,False
2004159,10,False
2004160,10,False
2004161,0,True
2004162,8,False
2004163,10,False
2004164,8,False
2004165,10,False
2004166,8,False
2004167,12,False
2004168,0,True
2004169,10,False
2004170,10,False
2004171,0,True
2004172,0,True
2004173,10,False
2004174,12,False
2004175,12,False
2004176,0,True
2004177,0,True
2004178,8,False
2004179,8,False
2004180,0,True
2004181,0,True
2004182,8,False
2004183,6,False
2004184,8,False
2004185,10,False
2004186,10,False
2004187,7,False
2004188,12,False
2004189,12,False
2004190,0,True
2004191,6,False
2004192,0,True
2004193,10,False
2004194,6,False
2004195,10,False
2004196,0,True
2004197,7,False
2004198,0,True
2004199,8,False
2004200,0,True
2004201,10,False
2004202,10,False
2004203,0,True
2004204,10,False
2004205,12,False
2004206,12,False
2004207,12,False
2004208,8,False
2004209,0,True
2004210,10,False
2004211,0,True
2004212,10,False
2004213,10,False
2004214,0,True
2004215,12,False
2004216,0,True
2004217,12,False
2004218,12,False
2004219,0,True
2004220,6,False
2004221,8,False
2004222,10,False
2004223,0,True
2004224,8,False
2004225,8,False
2004226,7,False
2004227,0,True
2004228,10,False
2004229,9,False
2004230,12,False
2004231,10,False
2004232,0,True
2004233,8,False
2004234,10,False
2004235,10,False
2004236,8,False
2004237,8,False
2004238,10,False
2004239,12,False
2004240,12,False
2004241,12,False
2004242,10,False
2004243,12,False
2004244,8,False
2004245,8,False
2004246,8,False
2004247,8,False
2004248,9,False
2004249,12,False
2004250,0,True
2004251,9,False
2004252,0,True
2004253,6,False
2004254,8,False
2004255,8,False
2004256,10,False
2004257,9,False
2004258,10,False
2004259,8,False
2004260,10,False
2004261,0,True
2004262,10,False
2004263,8,False
2004264,10,False
2004265,12,False
2004266,10,False
2004267,10,False
2004268,12,False
2004269,10,False
2004270,10,False
2004271,10,False
2004272,10,False
2004273,10,False
2004274,0,True
2004275,8,False
2004276,0,True
2004277,8,False
2004278,8,False
2004279,8,False
2004280,10,False
2004281,0,True
2004282,0,True
2004283,10,False
2004284,0,True
2004285,0,True
2004286,10,False
2004287,10,False
2004288,10,False
2004289,10,False
2004290,0,True
2004291,8,False
2004292,0,True
2004293,8,False
2004294,12,False
2004295,8,False
2004296,10,False
2004297,7,False
2004298,10,False
2004299,8,False
2004300,0,True
2004301,8,False
2004302,12,False
2004303,10,False
2004304,0,True
2004305,0,True
2004306,10,False
2004307,0,True
2004308,10,False
2004309,12,False
2004310,12,False
2004311,6,False
2004312,9,False
2004313,10,False
2004314,10,False
2004315,0,True
2004316,12,False
2004317,12,False
2004318,0,True
2004319,6,False
2004320,6,False
2004321,8,False
2004322,10,False
2004323,8,False
2004324,10,False
2004325,12,False
2004326,0,True
2004327,0,True
2004328,10,False
2004329,7,False
2004330,8,False
2004331,8,False
2004332,10,False
2004333,0,True
2004334,10,False
2004335,8,False
2004336,6,False
2004337,10,False
2004338,0,True
2004339,0,True
2004340,10,False
2004341,0,True
2004342,10,False
2004343,6,False
2004344,8,False
2004345,0,True
2004346,8,False
2004347,0,True
2004348,10,False
2004349,0,True
2004350,0,True
2004351,0,True
2004352,6,False
2004353,0,True
2004354,14,False
2004355,6,False
2004356,0,True
2004357,8,False
2004358,7,False
2004359,8,False
2004360,8,False
2004361,0,True
2004362,0,True
2004363,12,False
2004364,0,True
2004365,0,True
2004366,7,False
2004367,0,True
2004368,0,True
2004369,0,True
2004370,8,False
2004371,12,False
2004372,10,False
2004373,10,False
2004374,12,False
2004375,0,True
2004376,0,True
2004377,0,True
2004378,10,False
2004379,0,True
2004380,0,True
2004381,12,False
2004382,0,True
2004383,10,False
2004384,10,False
2004385,7,False
2004386,8,False
2004387,8,False
2004388,8,False
2004389,12,False
2004390,10,False
2004391,4,False
2004392,6,False
2004393,6,False
2004394,7,False
2004395,8,False
2004396,9,False
2004397,10,False
2004398,6,False
2004399,8,False
2004400,8,False
2004401,6,False
2004402,12,False
2004403,8,False
2004404,4,False
2004405,10,False
2004406,12,False
2004407,0,True
2004408,7,False
2004409,0,True
2004410,10,False
2004411,6,False
2004412,8,False
2004413,0,True
2004414,12,False
2004415,8,False
2004416,0,True
2004417,10,False
2004418,0,True
2004419,6,False
2004420,5,False
2004421,8,False
2004422,5,False
2004423,8,False
2004424,10,False
2004425,10,False
2004426,0,True
2004427,14,False
2004428,8,False
2004429,10,False
2004430,12,False
2004431,6,False
2004432,12,False
2004433,10,False
2004434,10,False
2004435,10,False
2004436,6,False
2004437,8,False
2004438,10,False
2004439,0,True
2004440,10,False
2004441,0,True
2004442,10,False
2004443,12,False
2004444,8,False
2004445,0,True
2004446,0,True
2004447,0,True
2004448,12,False
2004449,6,False
2004450,12,False
2004451,0,True
2004452,4,False
2004453,9,False
2004454,8,False
2004455,0,True
2004456,8,False
2004457,8,False
2004458,4,False
2004459,6,False
2004460,10,False
2004461,8,False
2004462,10,False
2004463,10,False
2004464,0,True
2004465,8,False
2004466,10,False
2004467,8,False
2004468,12,False
2004469,6,False
2004470,14,False
2004471,10,False
2004472,0,True
2004473,8,False
2004474,6,False
2004475,0,True
2004476,10,False
2004477,10,False
2004478,10,False
2004479,6,False
2004480,0,True
2004481,0,True
2004482,7,False
2004483,0,True
2004484,0,True
2004485,10,False
2004486,6,False
2004487,0,True
2004488,10,False
2004489,10,False
2004490,8,False
2004491,10,False
2004492,6,False
2004493,8,False
2004494,0,True
2004495,10,False
2004496,0,True
2004497,10,False
2004498,10,False
2004499,0,True
2004500,8,False
2004501,0,True
2004502,10,False
2004503,0,True
2004504,10,False
2004505,12,False
2004506,12,False
2004507,5,False
2004508,10,False
2004509,8,False
2004510,10,False
2004511,8,False
2004512,6,False
2004513,6,False
2004514,14,False
2004515,10,False
2004516,12,False
2004517,12,False
2004518,6,False
2004519,10,False
2004520,0,True
2004521,10,False
2004522,7,False
2004523,10,False
2004524,8,False
2004525,10,False
2004526,6,False
2004527,10,False
2004528,10,False
2004529,8,False
2004530,12,False
2004531,0,True
2004532,7,False
2004533,10,False
2004534,10,False
2004535,6,False
2004536,8,False
2004537,0,True
2004538,12,False
2004539,10,False
2004540,8,False
2004541,14,False
2004542,14,False
2004543,8,False
2004544,6,False
2004545,0,True
2004546,0,True
2004547,10,False
2004548,6,False
2004549,0,True
2004550,0,True
2004551,5,False
2004552,8,False
2004553,0,True
2004554,0,True
2004555,0,True
2004556,0,True
2004557,12,False
2004558,0,True
2004559,0,True
2004560,8,False
2004561,4,False
2004562,10,False
2004563,0,True
2004564,10,False
2004565,12,False
2004566,8,False
2004567,0,True
2004568,8,False
2004569,10,False
2004570,8,False
2004571,0,True
2004572,14,False
2004573,12,False
2004574,0,True
2004575,10,False
2004576,8,False
2004577,14,False
2004578,12,False
2004579,0,True
2004580,10,False
2004581,8,False
2004582,0,True
2004583,8,False
2004584,0,True
2004585,12,False
2004586,8,False
2004587,0,True
2004588,6,False
2004589,0,True
2004590,8,False
2004591,8,False
2004592,0,True
2004593,8,False
2004594,0,True
2004595,0,True
2004596,6,False
2004597,10,False
2004598,0,True
2004599,10,False
2004600,8,False
2004601,0,True
2004602,0,True
2004603,0,True
2004604,8,False
2004605,6,False
2004606,6,False
2004607,10,False
2004608,8,False
2004609,10,False
2004610,0,True
2004611,8,False
2004612,7,False
2004613,6,False
2004614,0,True
2004615,8,False
2004616,0,True
2004617,0,True
2004618,8,False
2004619,14,False
2004620,0,True
2004621,8,False
2004622,12,False
2004623,0,True
2004624,8,False
2004625,8,False
2004626,0,True
2004627,6,False
2004628,0,True
2004629,8,False
2004630,8,False
2004631,6,False
2004632,10,False
2004633,0,True
2004634,8,False
2004635,10,False
2004636,8,False
2004637,10,False
2004638,12,False
2004639,0,True
2004640,14,False
2004641,7,False
2004642,12,False
2004643,10,False
2004644,0,True
2004645,7,False
2004646,12,False
2004647,8,False
2004648,0,True
2004649,0,True
2004650,8,False
2004651,0,True
2004652,8,False
2004653,6,False
2004654,0,True
2004655,8,False
2004656,0,True
2004657,8,False
2004658,0,True
2004659,0,True
2004660,8,False
2004661,10,False
2004662,8,False
2004663,0,True
2004664,8,False
2004665,10,False
2004666,0,True
2004667,12,False
2004668,5,False
2004669,10,False
2004670,6,False
2004671,6,False
2004672,4,False
2004673,10,False
2004674,12,False
2004675,0,True
2004676,8,False
2004677,12,False
2004678,6,False
2004679,10,False
2004680,0,True
2004681,8,False
2004682,10,False
2004683,8,False
2004684,5,False
2004685,0,True
2004686,7,False
2004687,8,False
2004688,10,False
2004689,0,True
2004690,8,False
2004691,8,False
2004692,8,False
2004693,8,False
2004694,0,True
2004695,10,False
2004696,0,True
2004697,10,False
2004698,10,False
2004699,8,False
2004700,0,True
2004701,0,True
2004702,0,True
2004703,0,True
2004704,10,False
2004705,8,False
2004706,10,False
2004707,0,True
2004708,10,False
2004709,10,False
2004710,0,True
2004711,8,False
2004712,0,True
2004713,10,False
2004714,0,True
2004715,8,False
2004716,8,False
2004717,0,True
2004718,0,True
2004719,10,False
2004720,6,False
2004721,6,False
2004722,8,False
2004723,8,False
2004724,0,True
2004725,6,False
2004726,6,False
2004727,0,True
2004728,12,False
2004729,8,False
2004730,6,False
2004731,6,False
2004732,10,False
2004733,10,False
2004734,6,False
2004735,8,False
2004736,7,False
2004737,0,True
2004738,8,False
2004739,0,True
2004740,0,True
2004741,8,False
2004742,12,False
2004743,7,False
2004744,0,True
2004745,14,False
2004746,12,False
2004747,8,False
2004748,10,False
2004749,6,False
2004750,10,False
2004751,6,False
2004752,6,False
2004753,10,False
2004754,10,False
2004755,0,True
2004756,0,True
2004757,0,True
2004758,0,True
2004759,8,False
2004760,10,False
2004761,0,True
2004762,7,False
2004763,10,False
2004764,7,False
2004765,8,False
2004766,0,True
2004767,12,False
2004768,10,False
2004769,0,True
2004770,10,False
2004771,12,False
2004772,8,False
2004773,7,False
2004774,0,True
2004775,11,False
2004776,10,False
2004777,0,True
2004778,0,True
2004779,8,False
2004780,10,False
2004781,0,True
2004782,10,False
2004783,6,False
2004784,10,False
2004785,8,False
2004786,0,True
2004787,10,False
2004788,4,False
2004789,6,False
2004790,8,False
2004791,10,False
2004792,8,False
2004793,12,False
2004794,10,False
2004795,10,False
2004796,12,False
2004797,8,False
2004798,14,False
2004799,0,True
2004800,10,False
2004801,8,False
2004802,12,False
2004803,0,True
2004804,12,False
2004805,0,True
2004806,6,False
2004807,9,False
2004808,0,True
2004809,0,True
2004810,0,True
2004811,6,False
2004812,10,False
2004813,12,False
2004814,5,False
2004815,8,False
2004816,14,False
2004817,0,True
2004818,0,True
2004819,8,False
2004820,0,True
2004821,0,True
2004822,8,False
2004823,8,False
2004824,8,False
2004825,10,False
2004826,10,False
2004827,0,True
2004828,0,True
2004829,0,True
2004830,8,False
2004831,10,False
2004832,10,False
2004833,8,False
2004834,14,False
2004835,0,True
2004836,8,False
2004837,0,True
2004838,10,False
2004839,0,True
2004840,0,True
2004841,0,True
2004842,9,False
2004843,0,True
2004844,8,False
2004845,10,False
2004846,10,False
2004847,0,True
2004848,12,False
2004849,10,False
2004850,10,False
2004851,12,False
2004852,10,False
2004853,8,False
2004854,8,False
2004855,0,True
2004856,10,False
2004857,0,True
2004858,10,False
2004859,0,True
2004860,6,False
2004861,9,False
2004862,8,False
2004863,8,False
2004864,6,False
2004865,0,True
2004866,10,False
2004867,8,False
2004868,12,False
2004869,6,False
2004870,0,True
2004871,0,True
2004872,8,False
2004873,0,True
2004874,0,True
2004875,0,True
2004876,0,True
2004877,6,False
2004878,7,False
2004879,0,True
2004880,10,False
2004881,0,True
2004882,10,False
2004883,10,False
2004884,10,False
2004885,7,False
2004886,10,False
2004887,9,False
2004888,8,False
2004889,8,False
2004890,8,False
2004891,0,True
2004892,8,False
2004893,6,False
2004894,10,False
2004895,9,False
2004896,8,False
2004897,10,False
2004898,8,False
2004899,8,False
2004900,8,False
2004901,8,False
2004902,12,False
2004903,14,False
2004904,0,True
2004905,10,False
2004906,8,False
2004907,8,False
2004908,8,False
2004909,10,False
2004910,10,False
2004911,8,False
2004912,0,True
2004913,10,False
2004914,8,False
2004915,0,True
2004916,10,False
2004917,9,False
2004918,8,False
2004919,6,False
2004920,10,False
2004921,0,True
2004922,12,False
2004923,8,False
2004924,0,True
2004925,14,False
2004926,6,False
2004927,8,False
2004928,8,False
2004929,10,False
2004930,12,False
2004931,10,False
2004932,12,False
2004933,0,True
2004934,14,False
2004935,8,False
2004936,8,False
2004937,0,True
2004938,6,False
2004939,0,True
2004940,10,False
2004941,8,False
2004942,12,False
2004943,12,False
2004944,0,True
2004945,10,False
2004946,0,True
2004947,0,True
2004948,10,False
2004949,10,False
2004950,6,False
2004951,10,False
2004952,6,False
2004953,6,False
2004954,8,False
2004955,0,True
2004956,0,True
2004957,9,False
2004958,10,False
2004959,6,False
2004960,12,False
2004961,8,False
2004962,10,False
2004963,8,False
2004964,10,False
2004965,0,True
2004966,0,True
2004967,0,True
2004968,4,False
2004969,4,False
2004970,6,False
2004971,4,False
2004972,8,False
2004973,10,False
2004974,8,False
2004975,10,False
2004976,10,False
2004977,0,True
2004978,16,False
2004979,0,True
2004980,4,False
2004981,10,False
2004982,12,False
2004983,10,False
2004984,0,True
2004985,10,False
2004986,12,False
2004987,12,False
2004988,9,False
2004989,12,False
2004990,5,False
2004991,0,True
2004992,10,False
2004993,12,False
2004994,0,True
2004995,10,False
2004996,6,False
2004997,0,True
2004998,8,False
2004999,0,True
2005000,9,False
2005001,0,True
2005002,9,False
2005003,7,False
2005004,10,False
2005005,6,False
2005006,6,False
2005007,0,True
2005008,10,False
2005009,4,False
2005010,8,False
2005011,8,False
2005012,0,True
2005013,8,False
2005014,10,False
2005015,0,True
2005016,12,False
2005017,10,False
2005018,6,False
2005019,10,False
2005020,0,True
2005021,10,False
2005022,4,False
2005023,12,False
2005024,0,True
2005025,0,True
2005026,6,False
2005027,8,False
2005028,10,False
2005029,10,False
2005030,6,False
2005031,8,False
2005032,10,False
2005033,10,False
2005034,7,False
2005035,8,False
2005036,12,False
2005037,5,False
2005038,16,False
2005039,0,True
2005040,10,False
2005041,0,True
2005042,12,False
2005043,0,True
2005044,8,False
2005045,12,False
2005046,0,True
2005047,6,False
2005048,6,False
2005049,12,False
2005050,8,False
2005051,8,False
2005052,6,False
2005053,10,False
2005054,8,False
2005055,8,False
2005056,6,False
2005057,0,True
2005058,0,True
2005059,12,False
2005060,8,False
2005061,6,False
2005062,10,False
2005063,12,False
2005064,0,True
2005065,10,False
2005066,0,True
2005067,10,False
2005068,8,False
2005069,0,True
2005070,10,False
2005071,12,False
2005072,12,False
2005073,12,False
2005074,0,True
2005075,12,False
2005076,0,True
2005077,10,False
2005078,0,True
2005079,10,False
2005080,9,False
2005081,0,True
2005082,9,False
2005083,0,True
2005084,10,False
2005085,8,False
2005086,0,True
2005087,10,False
2005088,0,True
2005089,0,True
2005090,0,True
2005091,8,False
2005092,14,False
2005093,8,False
2005094,7,False
2005095,7,False
2005096,0,True
2005097,12,False
2005098,0,True
2005099,10,False
2005100,0,True
2005101,0,True
2005102,8,False
2005103,12,False
2005104,0,True
2005105,8,False
2005106,12,False
2005107,0,True
2005108,10,False
2005109,10,False
2005110,10,False
2005111,10,False
2005112,6,False
2005113,6,False
2005114,10,False
2005115,0,True
2005116,10,False
2005117,0,True
2005118,10,False
2005119,10,False
2005120,6,False
2005121,0,True
2005122,8,False
2005123,10,False
2005124,12,False
2005125,6,False
2005126,7,False
2005127,6,False
2005128,4,False
2005129,10,False
2005130,7,False
2005131,10,False
2005132,0,True
2005133,0,True
2005134,7,False
2005135,9,False
2005136,10,False
2005137,10,False
2005138,7,False
2005139,0,True
2005140,0,True
2005141,0,True
2005142,10,False
2005143,8,False
2005144,8,False
2005145,0,True
2005146,10,False
2005147,10,False
2005148,8,False
2005149,12,False
2005150,10,False
2005151,0,True
2005152,6,False
2005153,12,False
2005154,7,False
2005155,8,False
2005156,6,False
2005157,6,False
2005158,8,False
2005159,0,True
2005160,8,False
2005161,8,False
2005162,10,False
2005163,0,True
2005164,10,False
2005165,10,False
2005166,8,False
2005167,12,False
2005168,8,False
2005169,10,False
2005170,8,False
2005171,14,False
2005172,12,False
2005173,7,False
2005174,8,False
2005175,0,True
2005176,10,False
2005177,0,True
2005178,8,False
2005179,0,True
2005180,6,False
2005181,8,False
2005182,0,True
2005183,10,False
2005184,8,False
2005185,10,False
2005186,12,False
2005187,0,True
2005188,6,False
2005189,8,False
2005190,0,True
2005191,0,True
2005192,8,False
2005193,7,False
2005194,9,False
2005195,10,False
2005196,12,False
2005197,0,True
2005198,0,True
2005199,0,True
2005200,6,False
2005201,8,False
2005202,10,False
2005203,8,False
2005204,0,True
2005205,0,True
2005206,0,True
2005207,10,False
2005208,10,False
2005209,0,True
2005210,0,True
2005211,10,False
2005212,10,False
2005213,12,False
2005214,8,False
2005215,8,False
2005216,0,True
2005217,8,False
2005218,0,True
2005219,12,False
2005220,0,True
2005221,0,True
2005222,6,False
2005223,8,False
2005224,0,True
2005225,0,True
2005226,12,False
2005227,12,False
2005228,8,False
2005229,0,True
2005230,0,True
2005231,0,True
2005232,8,False
2005233,0,True
2005234,12,False
2005235,8,False
2005236,8,False
2005237,8,False
2005238,10,False
2005239,0,True
2005240,6,False
2005241,0,True
2005242,12,False
2005243,0,True
2005244,10,False
2005245,6,False
2005246,14,False
2005247,0,True
2005248,0,True
2005249,10,False
2005250,0,True
2005251,8,False
2005252,6,False
2005253,5,False
2005254,7,False
2005255,0,True
2005256,8,False
2005257,12,False
2005258,0,True
2005259,7,False
2005260,6,False
2005261,0,True
2005262,12,False
2005263,0,True
2005264,0,True
2005265,0,True
2005266,7,False
2005267,6,False
2005268,10,False
2005269,0,True
2005270,6,False
2005271,6,False
2005272,8,False
2005273,8,False
2005274,10,False
2005275,10,False
2005276,8,False
2005277,6,False
2005278,12,False
2005279,6,False
2005280,0,True
2005281,7,False
2005282,8,False
2005283,8,False
2005284,0,True
2005285,10,False
2005286,0,True
2005287,0,True
2005288,0,True
2005289,10,False
2005290,12,False
2005291,10,False
2005292,8,False
2005293,0,True
2005294,10,False
2005295,8,False
2005296,0,True
2005297,6,False
2005298,12,False
2005299,6,False
2005300,14,False
2005301,6,False
2005302,8,False
2005303,12,False
2005304,6,False
2005305,10,False
2005306,0,True
2005307,0,True
2005308,10,False
2005309,8,False
2005310,0,True
2005311,10,False
2005312,0,True
2005313,0,True
2005314,12,False
2005315,0,True
2005316,6,False
2005317,8,False
2005318,10,False
2005319,10,False
2005320,0,True
2005321,10,False
2005322,0,True
2005323,10,False
2005324,8,False
2005325,0,True
2005326,10,False
2005327,10,False
2005328,12,False
2005329,0,True
2005330,10,False
2005331,0,True
2005332,10,False
2005333,0,True
2005334,8,False
2005335,7,False
2005336,0,True
2005337,12,False
2005338,10,False
2005339,6,False
2005340,0,True
2005341,8,False
2005342,0,True
2005343,0,True
2005344,0,True
2005345,8,False
2005346,7,False
2005347,10,False
2005348,0,True
2005349,10,False
2005350,10,False
2005351,9,False
2005352,6,False
2005353,0,True
2005354,10,False
2005355,9,False
2005356,6,False
2005357,6,False
2005358,10,False
2005359,12,False
2005360,0,True
2005361,10,False
2005362,10,False
2005363,8,False
2005364,12,False
2005365,6,False
2005366,0,True
2005367,0,True
2005368,12,False
2005369,12,False
2005370,0,True
2005371,8,False
2005372,10,False
2005373,0,True
2005374,8,False
2005375,0,True
2005376,12,False
2005377,6,False
2005378,12,False
2005379,8,False
2005380,12,False
2005381,0,True
2005382,12,False
2005383,0,True
2005384,10,False
2005385,10,False
2005386,0,True
2005387,4,False
2005388,6,False
2005389,6,False
2005390,0,True
2005391,10,False
2005392,8,False
2005393,6,False
2005394,0,True
2005395,8,False
2005396,8,False
2005397,12,False
2005398,0,True
2005399,8,False
2005400,0,True
2005401,0,True
2005402,12,False
2005403,10,False
2005404,10,False
2005405,0,True
2005406,10,False
2005407,0,True
2005408,0,True
2005409,7,False
2005410,9,False
2005411,6,False
2005412,8,False
2005413,10,False
2005414,0,True
2005415,8,False
2005416,5,False
2005417,8,False
2005418,6,False
2005419,0,True
2005420,0,True
2005421,10,False
2005422,0,True
2005423,9,False
2005424,0,True
2005425,10,False
2005426,10,False
2005427,0,True
2005428,12,False
2005429,8,False
2005430,0,True
2005431,10,False
2005432,6,False
2005433,8,False
2005434,8,False
2005435,0,True
2005436,0,True
2005437,0,True
2005438,12,False
2005439,0,True
2005440,10,False
2005441,0,True
2005442,12,False
2005443,0,True
2005444,10,False
2005445,8,False
2005446,0,True
2005447,10,False
2005448,0,True
2005449,10,False
2005450,8,False
2005451,0,True
2005452,10,False
2005453,0,True
2005454,0,True
2005455,12,False
2005456,10,False
2005457,8,False
2005458,8,False
2005459,8,False
2005460,12,False
2005461,10,False
2005462,0,True
2005463,10,False
2005464,0,True
2005465,0,True
2005466,8,False
2005467,0,True
2005468,0,True
2005469,0,True
2005470,10,False
2005471,8,False
2005472,10,False
2005473,8,False
2005474,10,False
2005475,8,False
2005476,0,True
2005477,6,False
2005478,10,False
2005479,0,True
2005480,0,True
2005481,10,False
2005482,0,True
2005483,6,False
2005484,10,False
2005485,0,True
2005486,8,False
2005487,6,False
2005488,10,False
2005489,12,False
2005490,0,True
2005491,4,False
2005492,6,False
2005493,8,False
2005494,12,False
2005495,12,False
2005496,0,True
2005497,0,True
2005498,7,False
2005499,10,False
2005500,6,False
2005501,8,False
2005502,7,False
2005503,6,False
2005504,0,True
2005505,10,False
2005506,10,False
2005507,7,False
2005508,0,True
2005509,12,False
2005510,8,False
2005511,8,False
2005512,0,True
2005513,10,False
2005514,10,False
2005515,4,False
2005516,7,False
2005517,8,False
2005518,12,False
2005519,8,False
2005520,7,False
2005521,8,False
2005522,6,False
2005523,0,True
2005524,8,False
2005525,0,True
2005526,0,True
2005527,0,True
2005528,8,False
2005529,8,False
2005530,0,True
2005531,6,False
2005532,14,False
2005533,0,True
2005534,6,False
2005535,10,False
2005536,6,False
2005537,0,True
2005538,0,True
2005539,6,False
2005540,6,False
2005541,0,True
2005542,10,False
2005543,10,False
2005544,5,False
2005545,0,True
2005546,0,True
2005547,10,False
2005548,4,False
2005549,0,True
2005550,6,False
2005551,6,False
2005552,0,True
2005553,10,False
2005554,8,False
2005555,6,False
2005556,0,True
2005557,0,True
2005558,10,False
2005559,8,False
2005560,6,False
2005561,10,False
2005562,8,False
2005563,0,True
2005564,0,True
2005565,10,False
2005566,12,False
2005567,10,False
2005568,8,False
2005569,8,False
2005570,8,False
2005571,10,False
2005572,6,False
2005573,10,False
2005574,8,False
2005575,0,True
2005576,10,False
2005577,0,True
2005578,10,False
2005579,8,False
2005580,0,True
2005581,8,False
2005582,0,True
2005583,8,False
2005584,0,True
2005585,6,False
2005586,10,False
2005587,8,False
2005588,10,False
2005589,0,True
2005590,0,True
2005591,8,False
2005592,0,True
2005593,8,False
2005594,0,True
2005595,8,False
2005596,8,False
2005597,6,False
2005598,12,False
2005599,8,False
2005600,0,True
2005601,0,True
2005602,4,False
2005603,0,True
2005604,8,False
2005605,0,True
2005606,0,True
2005607,10,False
2005608,0,True
2005609,10,False
2005610,6,False
2005611,10,False
2005612,10,False
2005613,8,False
2005614,0,True
2005615,0,True
2005616,10,False
2005617,6,False
2005618,0,True
2005619,8,False
2005620,8,False
2005621,0,True
2005622,0,True
2005623,7,False
2005624,8,False
2005625,6,False
2005626,8,False
2005627,8,False
2005628,10,False
2005629,6,False
2005630,0,True
2005631,0,True
2005632,10,False
2005633,0,True
2005634,0,True
2005635,10,False
2005636,12,False
2005637,8,False
2005638,6,False
2005639,0,True
2005640,8,False
2005641,6,False
2005642,0,True
2005643,8,False
2005644,7,False
2005645,12,False
2005646,10,False
2005647,8,False
2005648,0,True
2005649,10,False
2005650,8,False
2005651,6,False
2005652,0,True
2005653,6,False
2005654,0,True
2005655,10,False
2005656,0,True
2005657,0,True
2005658,10,False
2005659,8,False
2005660,0,True
2005661,12,False
2005662,0,True
2005663,0,True
2005664,0,True
2005665,0,True
2005666,10,False
2005667,8,False
2005668,10,False
2005669,8,False
2005670,12,False
2005671,0,True
2005672,8,False
2005673,0,True
2005674,0,True
2005675,0,True
2005676,0,True
2005677,0,True
2005678,12,False
2005679,9,False
2005680,0,True
2005681,10,False
2005682,6,False
2005683,0,True
2005684,0,True
2005685,0,True
2005686,10,False
2005687,8,False
2005688,10,False
2005689,10,False
2005690,10,False
2005691,8,False
2005692,0,True
2005693,12,False
2005694,6,False
2005695,8,False
2005696,8,False
2005697,12,False
2005698,8,False
2005699,0,True
2005700,10,False
2005701,8,False
2005702,8,False
2005703,10,False
2005704,10,False
2005705,7,False
2005706,0,True
2005707,12,False
2005708,0,True
2005709,14,False
2005710,8,False
2005711,0,True
2005712,8,False
2005713,0,True
2005714,0,True
2005715,8,False
2005716,8,False
2005717,10,False
2005718,0,True
2005719,8,False
2005720,6,False
2005721,0,True
2005722,0,True
2005723,8,False
2005724,4,False
2005725,10,False
2005726,0,True
2005727,0,True
2005728,10,False
2005729,10,False
2005730,10,False
2005731,12,False
2005732,14,False
2005733,8,False
2005734,10,False
2005735,8,False
2005736,0,True
2005737,0,True
2005738,10,False
2005739,0,True
2005740,6,False
2005741,8,False
2005742,9,False
2005743,0,True
2005744,10,False
2005745,10,False
2005746,6,False
2005747,10,False
2005748,10,False
2005749,0,True
2005750,8,False
2005751,0,True
2005752,8,False
2005753,12,False
2005754,8,False
2005755,10,False
2005756,12,False
2005757,6,False
2005758,0,True
2005759,9,False
2005760,0,True
2005761,0,True
2005762,8,False
2005763,0,True
2005764,0,True
2005765,10,False
2005766,4,False
2005767,0,True
2005768,8,False
2005769,8,False
2005770,7,False
2005771,10,False
2005772,8,False
2005773,10,False
2005774,7,False
2005775,0,True
2005776,8,False
2005777,4,False
2005778,10,False
2005779,12,False
2005780,10,False
2005781,0,True
2005782,10,False
2005783,10,False
2005784,7,False
2005785,0,True
2005786,8,False
2005787,0,True
2005788,10,False
2005789,10,False
2005790,8,False
2005791,0,True
2005792,8,False
2005793,7,False
2005794,10,False
2005795,0,True
2005796,0,True
2005797,6,False
2005798,8,False
2005799,14,False
2005800,0,True
2005801,6,False
2005802,8,False
2005803,10,False
2005804,8,False
2005805,8,False
2005806,4,False
2005807,10,False
2005808,0,True
2005809,6,False
2005810,12,False
2005811,0,True
2005812,8,False
2005813,0,True
2005814,8,False
2005815,10,False
2005816,6,False
2005817,8,False
2005818,10,False
2005819,8,False
2005820,10,False
2005821,6,False
2005822,7,False
2005823,14,False
2005824,7,False
2005825,8,False
2005826,7,False
2005827,10,False
2005828,12,False
2005829,8,False
2005830,12,False
2005831,0,True
2005832,10,False
2005833,6,False
2005834,6,False
2005835,8,False
2005836,10,False
2005837,10,False
2005838,0,True
2005839,6,False
2005840,6,False
2005841,5,False
2005842,4,False
2005843,0,True
2005844,0,True
2005845,12,False
2005846,8,False
2005847,8,False
2005848,0,True
2005849,9,False
2005850,8,False
2005851,8,False
2005852,14,False
2005853,0,True
2005854,8,False
2005855,0,True
2005856,7,False
2005857,0,True
2005858,6,False
2005859,8,False
2005860,10,False
2005861,0,True
2005862,8,False
2005863,10,False
2005864,9,False
2005865,12,False
2005866,6,False
2005867,10,False
2005868,0,True
2005869,6,False
2005870,6,False
2005871,12,False
2005872,9,False
2005873,10,False
2005874,8,False
2005875,8,False
2005876,8,False
2005877,0,True
2005878,8,False
2005879,8,False
2005880,7,False
2005881,10,False
2005882,7,False
2005883,7,False
2005884,10,False
2005885,0,True
2005886,8,False
2005887,10,False
2005888,7,False
2005889,10,False
2005890,0,True
2005891,10,False
2005892,10,False
2005893,0,True
2005894,0,True
2005895,8,False
2005896,0,True
2005897,8,False
2005898,0,True
2005899,8,False
2005900,0,True
2005901,12,False
2005902,8,False
2005903,7,False
2005904,6,False
2005905,8,False
2005906,8,False
2005907,6,False
2005908,4,False
2005909,8,False
2005910,10,False
2005911,0,True
2005912,0,True
2005913,0,True
2005914,6,False
2005915,7,False
2005916,0,True
2005917,6,False
2005918,0,True
2005919,9,False
2005920,6,False
2005921,14,False
2005922,10,False
2005923,0,True
2005924,10,False
2005925,8,False
2005926,6,False
2005927,6,False
2005928,0,True
2005929,8,False
2005930,6,False
2005931,8,False
2005932,8,False
2005933,0,True
2005934,10,False
2005935,14,False
2005936,9,False
2005937,14,False
2005938,8,False
2005939,6,False
2005940,4,False
2005941,0,True
2005942,8,False
2005943,10,False
2005944,0,True
2005945,8,False
2005946,0,True
2005947,0,True
2005948,0,True
2005949,10,False
2005950,8,False
2005951,12,False
2005952,8,False
2005953,10,False
2005954,8,False
2005955,8,False
2005956,8,False
2005957,8,False
2005958,8,False
2005959,10,False
2005960,0,True
2005961,8,False
2005962,10,False
2005963,0,True
2005964,8,False
2005965,6,False
2005966,0,True
2005967,12,False
2005968,0,True
2005969,12,False
2005970,0,True
2005971,8,False
2005972,8,False
2005973,10,False
2005974,0,True
2005975,8,False
2005976,6,False
2005977,8,False
2005978,6,False
2005979,6,False
2005980,12,False
2005981,0,True
2005982,6,False
2005983,12,False
2005984,9,False
2005985,8,False
2005986,6,False
2005987,6,False
2005988,0,True
2005989,8,False
2005990,0,True
2005991,10,False
2005992,8,False
2005993,0,True
2005994,8,False
2005995,0,True
2005996,10,False
2005997,0,True
2005998,10,False
2005999,8,False
2006000,10,False
2006001,14,False
2006002,6,False
2006003,0,True
2006004,8,False
2006005,0,True
2006006,0,True
2006007,6,False
2006008,12,False
2006009,8,False
2006010,12,False
2006011,7,False
2006012,8,False
2006013,8,False
2006014,0,True
2006015,0,True
2006016,0,True
2006017,6,False
2006018,10,False
2006019,10,False
2006020,8,False
2006021,6,False
2006022,8,False
2006023,0,True
2006024,10,False
2006025,6,False
2006026,10,False
2006027,10,False
2006028,0,True
2006029,6,False
2006030,10,False
2006031,8,False
2006032,8,False
2006033,0,True
2006034,10,False
2006035,10,False
2006036,8,False
2006037,12,False
2006038,10,False
2006039,16,False
2006040,12,False
2006041,6,False
2006042,6,False
2006043,10,False
2006044,8,False
2006045,12,False
2006046,8,False
2006047,10,False
2006048,10,False
2006049,10,False
2006050,6,False
2006051,0,True
2006052,10,False
2006053,12,False
2006054,8,False
2006055,0,True
2006056,10,False
2006057,6,False
2006058,6,False
2006059,8,False
2006060,9,False
2006061,6,False
2006062,12,False
2006063,0,True
2006064,8,False
2006065,8,False
2006066,10,False
2006067,8,False
2006068,10,False
2006069,0,True
2006070,6,False
2006071,10,False
2006072,7,False
2006073,8,False
2006074,0,True
2006075,12,False
2006076,0,True
2006077,8,False
2006078,12,False
2006079,8,False
2006080,6,False
2006081,0,True
2006082,8,False
2006083,8,False
2006084,7,False
2006085,0,True
2006086,8,False
2006087,0,True
2006088,6,False
2006089,10,False
2006090,8,False
2006091,8,False
2006092,8,False
2006093,0,True
2006094,0,True
2006095,6,False
2006096,10,False
2006097,8,False
2006098,8,False
2006099,10,False
2006100,12,False
2006101,0,True
2006102,0,True
2006103,5,False
2006104,0,True
2006105,10,False
2006106,0,True
2006107,8,False
2006108,0,True
2006109,0,True
2006110,6,False
2006111,10,False
2006112,8,False
2006113,10,False
2006114,6,False
2006115,12,False
2006116,0,True
2006117,8,False
2006118,12,False
2006119,0,True
2006120,0,True
2006121,8,False
2006122,0,True
2006123,12,False
2006124,7,False
2006125,0,True
2006126,0,True
2006127,3,False
2006128,0,True
2006129,8,False
2006130,0,True
2006131,10,False
2006132,8,False
2006133,10,False
2006134,0,True
2006135,12,False
2006136,6,False
2006137,9,False
2006138,10,False
2006139,8,False
2006140,10,False
2006141,8,False
2006142,10,False
2006143,8,False
2006144,7,False
2006145,6,False
2006146,10,False
2006147,10,False
2006148,0,True
2006149,8,False
2006150,8,False
2006151,10,False
2006152,0,True
2006153,6,False
2006154,7,False
2006155,6,False
2006156,10,False
2006157,0,True
2006158,10,False
2006159,0,True
2006160,9,False
2006161,0,True
2006162,0,True
2006163,0,True
2006164,12,False
2006165,4,False
2006166,8,False
2006167,10,False
2006168,9,False
2006169,8,False
2006170,6,False
2006171,7,False
2006172,6,False
2006173,8,False
2006174,8,False
2006175,12,False
2006176,8,False
2006177,0,True
2006178,0,True
2006179,6,False
2006180,10,False
2006181,10,False
2006182,8,False
2006183,6,False
2006184,8,False
2006185,8,False
2006186,0,True
2006187,0,True
2006188,8,False
2006189,10,False
2006190,6,False
2006191,12,False
2006192,8,False
2006193,12,False
2006194,12,False
2006195,8,False
2006196,6,False
2006197,14,False
2006198,8,False
2006199,0,True
2006200,8,False
2006201,0,True
2006202,0,True
2006203,6,False
2006204,6,False
2006205,0,True
2006206,9,False
2006207,6,False
2006208,10,False
2006209,10,False
2006210,12,False
2006211,10,False
2006212,4,False
2006213,8,False
2006214,8,False
2006215,0,True
2006216,6,False
2006217,12,False
2006218,0,True
2006219,10,False
2006220,12,False
2006221,0,True
2006222,6,False
2006223,0,True
2006224,6,False
2006225,9,False
2006226,10,False
2006227,0,True
2006228,10,False
2006229,0,True
2006230,14,False
2006231,0,True
2006232,4,False
2006233,0,True
2006234,8,False
2006235,0,True
2006236,0,True
2006237,0,True
2006238,0,True
2006239,8,False
2006240,10,False
2006241,7,False
2006242,0,True
2006243,8,False
2006244,8,False
2006245,0,True
2006246,7,False
2006247,8,False
2006248,8,False
2006249,10,False
2006250,6,False
2006251,7,False
2006252,10,False
2006253,0,True
2006254,0,True
2006255,0,True
2006256,0,True
2006257,12,False
2006258,12,False
2006259,0,True
2006260,0,True
2006261,6,False
2006262,10,False
2006263,10,False
2006264,10,False
2006265,6,False
2006266,6,False
2006267,12,False
2006268,12,False
2006269,8,False
2006270,0,True
2006271,12,False
2006272,0,True
2006273,6,False
2006274,12,False
2006275,0,True
2006276,0,True
2006277,7,False
2006278,6,False
2006279,0,True
2006280,8,False
2006281,0,True
2006282,0,True
2006283,12,False
2006284,8,False
2006285,0,True
2006286,0,True
2006287,10,False
2006288,6,False
2006289,10,False
2006290,6,False
2006291,6,False
2006292,12,False
2006293,8,False
2006294,10,False
2006295,0,True
2006296,12,False
2006297,10,False
2006298,8,False
2006299,10,False
2006300,6,False
2006301,6,False
2006302,0,True
2006303,8,False
2006304,8,False
2006305,10,False
2006306,10,False
2006307,10,False
2006308,8,False
2006309,0,True
2006310,4,False
2006311,8,False
2006312,7,False
2006313,10,False
2006314,8,False
2006315,10,False
2006316,12,False
2006317,8,False
2006318,6,False
2006319,0,True
2006320,10,False
2006321,7,False
2006322,0,True
2006323,10,False
2006324,0,True
2006325,0,True
2006326,14,False
2006327,8,False
2006328,10,False
2006329,0,True
2006330,8,False
2006331,8,False
2006332,0,True
2006333,8,False
2006334,14,False
2006335,10,False
2006336,8,False
2006337,10,False
2006338,8,False
2006339,6,False
2006340,10,False
2006341,0,True
2006342,8,False
2006343,12,False
2006344,8,False
2006345,8,False
2006346,8,False
2006347,8,False
2006348,7,False
2006349,12,False
2006350,0,True
2006351,4,False
2006352,12,False
2006353,8,False
2006354,12,False
2006355,8,False
2006356,9,False
2006357,0,True
2006358,0,True
2006359,12,False
2006360,7,False
2006361,8,False
2006362,10,False
2006363,6,False
2006364,12,False
2006365,10,False
2006366,10,False
2006367,8,False
2006368,12,False
2006369,0,True
2006370,0,True
2006371,8,False
2006372,0,True
2006373,6,False
2006374,10,False
2006375,0,True
2006376,6,False
2006377,12,False
2006378,10,False
2006379,0,True
2006380,10,False
2006381,10,False
2006382,0,True
2006383,8,False
2006384,7,False
2006385,6,False
2006386,8,False
2006387,6,False
2006388,12,False
2006389,10,False
2006390,12,False
2006391,10,False
2006392,0,True
2006393,0,True
2006394,8,False
2006395,8,False
2006396,8,False
2006397,8,False
2006398,0,True
2006399,10,False
2006400,8,False
2006401,7,False
2006402,6,False
2006403,8,False
2006404,8,False
2006405,8,False
2006406,0,True
2006407,10,False
2006408,10,False
2006409,10,False
2006410,8,False
2006411,8,False
2006412,6,False
2006413,0,True
2006414,8,False
2006415,12,False
2006416,10,False
2006417,0,True
2006418,12,False
2006419,12,False
2006420,0,True
2006421,12,False
2006422,10,False
2006423,0,True
2006424,12,False
2006425,8,False
2006426,10,False
2006427,6,False
2006428,9,False
2006429,8,False
2006430,10,False
2006431,0,True
2006432,9,False
2006433,12,False
2006434,0,True
2006435,8,False
2006436,6,False
2006437,9,False
2006438,10,False
2006439,0,True
2006440,0,True
2006441,10,False
2006442,0,True
2006443,12,False
2006444,0,True
2006445,10,False
2006446,9,False
2006447,10,False
2006448,12,False
2006449,8,False
2006450,8,False
2006451,8,False
2006452,0,True
2006453,12,False
2006454,9,False
2006455,0,True
2006456,12,False
2006457,12,False
2006458,0,True
2006459,9,False
2006460,0,True
2006461,10,False
2006462,10,False
2006463,12,False
2006464,6,False
2006465,6,False
2006466,9,False
2006467,6,False
2006468,12,False
2006469,10,False
2006470,0,True
2006471,0,True
2006472,6,False
2006473,8,False
2006474,10,False
2006475,6,False
2006476,12,False
2006477,10,False
2006478,8,False
2006479,5,False
2006480,4,False
2006481,8,False
2006482,0,True
2006483,6,False
2006484,8,False
2006485,0,True
2006486,10,False
2006487,10,False
2006488,8,False
2006489,0,True
2006490,8,False
2006491,7,False
2006492,8,False
2006493,10,False
2006494,0,True
2006495,10,False
2006496,0,True
2006497,10,False
2006498,7,False
2006499,0,True
2006500,10,False
2006501,12,False
2006502,10,False
2006503,0,True
2006504,0,True
2006505,4,False
2006506,0,True
2006507,12,False
2006508,10,False
2006509,12,False
2006510,0,True
2006511,0,True
2006512,0,True
2006513,6,False
2006514,0,True
2006515,0,True
2006516,8,False
2006517,8,False
2006518,10,False
2006519,8,False
2006520,6,False
2006521,8,False
2006522,10,False
2006523,10,False
2006524,10,False
2006525,12,False
2006526,0,True
2006527,6,False
2006528,7,False
2006529,0,True
2006530,8,False
2006531,8,False
2006532,14,False
2006533,0,True
2006534,10,False
2006535,7,False
2006536,12,False
2006537,0,True
2006538,10,False
2006539,6,False
2006540,12,False
2006541,8,False
2006542,8,False
2006543,12,False
2006544,10,False
2006545,0,True
2006546,10,False
2006547,8,False
2006548,0,True
2006549,0,True
2006550,0,True
2006551,10,False
2006552,9,False
2006553,10,False
2006554,6,False
2006555,9,False
2006556,0,True
2006557,9,False
2006558,0,True
2006559,10,False
2006560,8,False
2006561,0,True
2006562,0,True
2006563,0,True
2006564,10,False
2006565,0,True
2006566,14,False
2006567,10,False
2006568,10,False
2006569,6,False
2006570,0,True
2006571,10,False
2006572,10,False
2006573,8,False
2006574,10,False
2006575,8,False
2006576,8,False
2006577,7,False
2006578,8,False
2006579,0,True
2006580,6,False
2006581,0,True
2006582,11,False
2006583,7,False
2006584,10,False
2006585,10,False
2006586,0,True
2006587,4,False
2006588,9,False
2006589,0,True
2006590,0,True
2006591,7,False
2006592,10,False
2006593,10,False
2006594,0,True
2006595,10,False
2006596,0,True
2006597,6,False
2006598,8,False
2006599,10,False
2006600,0,True
2006601,8,False
2006602,6,False
2006603,0,True
2006604,8,False
2006605,8,False
2006606,10,False
2006607,12,False
2006608,4,False
2006609,0,True
2006610,7,False
2006611,10,False
2006612,0,True
2006613,10,False
2006614,8,False
2006615,0,True
2006616,10,False
2006617,6,False
2006618,7,False
2006619,8,False
2006620,6,False
2006621,4,False
2006622,0,True
2006623,8,False
2006624,10,False
2006625,12,False
2006626,12,False
2006627,8,False
2006628,6,False
2006629,0,True
2006630,8,False
2006631,10,False
2006632,8,False
2006633,10,False
2006634,10,False
2006635,12,False
2006636,7,False
2006637,7,False
2006638,6,False
2006639,9,False
2006640,0,True
2006641,10,False
2006642,8,False
2006643,14,False
2006644,8,False
2006645,10,False
2006646,8,False
2006647,6,False
2006648,8,False
2006649,8,False
2006650,10,False
2006651,8,False
2006652,10,False
2006653,8,False
2006654,6,False
2006655,8,False
2006656,10,False
2006657,10,False
2006658,10,False
2006659,0,True
2006660,8,False
2006661,8,False
2006662,0,True
2006663,8,False
2006664,8,False
2006665,12,False
2006666,10,False
2006667,0,True
2006668,0,True
2006669,8,False
2006670,0,True
2006671,12,False
2006672,10,False
2006673,10,False
2006674,7,False
2006675,9,False
2006676,0,True
2006677,0,True
2006678,0,True
2006679,9,False
2006680,8,False
2006681,0,True
2006682,10,False
2006683,8,False
2006684,6,False
2006685,12,False
2006686,6,False
2006687,12,False
2006688,10,False
2006689,12,False
2006690,12,False
2006691,10,False
2006692,12,False
2006693,0,True
2006694,10,False
2006695,8,False
2006696,10,False
2006697,8,False
2006698,10,False
2006699,12,False
2006700,0,True
2006701,7,False
2006702,0,True
2006703,6,False
2006704,12,False
2006705,0,True
2006706,10,False
2006707,0,True
2006708,0,True
2006709,16,False
2006710,10,False
2006711,10,False
2006712,8,False
2006713,10,False
2006714,8,False
2006715,0,True
2006716,14,False
2006717,0,True
2006718,0,True
2006719,10,False
2006720,12,False
2006721,6,False
2006722,10,False
2006723,7,False
2006724,12,False
2006725,10,False
2006726,5,False
2006727,0,True
2006728,10,False
2006729,7,False
2006730,8,False
2006731,6,False
2006732,0,True
2006733,0,True
2006734,0,True
2006735,0,True
2006736,8,False
2006737,4,False
2006738,8,False
2006739,0,True
2006740,8,False
2006741,10,False
2006742,14,False
2006743,9,False
2006744,10,False
2006745,4,False
2006746,10,False
2006747,0,True
2006748,8,False
2006749,7,False
2006750,0,True
2006751,8,False
2006752,8,False
2006753,0,True
2006754,12,False
2006755,12,False
2006756,0,True
2006757,10,False
2006758,8,False
2006759,8,False
2006760,0,True
2006761,8,False
2006762,7,False
2006763,0,True
2006764,0,True
2006765,0,True
2006766,0,True
2006767,0,True
2006768,8,False
2006769,10,False
2006770,12,False
2006771,6,False
2006772,0,True
2006773,10,False
2006774,12,False
2006775,10,False
2006776,8,False
2006777,12,False
2006778,10,False
2006779,0,True
2006780,10,False
2006781,8,False
2006782,6,False
2006783,12,False
2006784,10,False
2006785,0,True
2006786,0,True
2006787,9,False
2006788,10,False
2006789,0,True
2006790,10,False
2006791,10,False
2006792,6,False
2006793,6,False
2006794,10,False
2006795,10,False
2006796,12,False
2006797,0,True
2006798,6,False
2006799,8,False
2006800,8,False
2006801,0,True
2006802,0,True
2006803,0,True
2006804,6,False
2006805,14,False
2006806,0,True
2006807,12,False
2006808,8,False
2006809,8,False
2006810,10,False
2006811,0,True
2006812,0,True
2006813,0,True
2006814,7,False
2006815,0,True
2006816,0,True
2006817,10,False
2006818,8,False
2006819,7,False
2006820,10,False
2006821,12,False
2006822,0,True
2006823,12,False
2006824,10,False
2006825,7,False
2006826,8,False
2006827,8,False
2006828,6,False
2006829,10,False
2006830,9,False
2006831,7,False
2006832,0,True
2006833,8,False
2006834,6,False
2006835,10,False
2006836,0,True
2006837,8,False
2006838,10,False
2006839,0,True
2006840,0,True
2006841,8,False
2006842,12,False
2006843,0,True
2006844,10,False
2006845,0,True
2006846,7,False
2006847,9,False
2006848,10,False
2006849,0,True
2006850,0,True
2006851,12,False
2006852,0,True
2006853,6,False
2006854,0,True
2006855,7,False
2006856,8,False
2006857,10,False
2006858,0,True
2006859,10,False
2006860,0,True
2006861,0,True
2006862,12,False
2006863,12,False
2006864,0,True
2006865,0,True
2006866,10,False
2006867,0,True
2006868,12,False
2006869,12,False
2006870,0,True
2006871,0,True
2006872,0,True
2006873,12,False
2006874,8,False
2006875,0,True
2006876,0,True
2006877,8,False
2006878,8,False
2006879,10,False
2006880,0,True
2006881,8,False
2006882,8,False
2006883,10,False
2006884,12,False
2006885,0,True
2006886,8,False
2006887,8,False
2006888,10,False
2006889,0,True
2006890,6,False
2006891,10,False
2006892,14,False
2006893,0,True
2006894,0,True
2006895,8,False
2006896,6,False
2006897,10,False
2006898,6,False
2006899,0,True
2006900,10,False
2006901,9,False
2006902,8,False
2006903,10,False
2006904,10,False
2006905,10,False
2006906,6,False
2006907,10,False
2006908,8,False
2006909,0,True
2006910,6,False
2006911,10,False
2006912,4,False
2006913,12,False
2006914,10,False
2006915,10,False
2006916,4,False
2006917,14,False
2006918,0,True
2006919,8,False
2006920,10,False
2006921,10,False
2006922,10,False
2006923,0,True
2006924,0,True
2006925,8,False
2006926,9,False
2006927,0,True
2006928,0,True
2006929,8,False
2006930,10,False
2006931,12,False
2006932,0,True
2006933,10,False
2006934,10,False
2006935,6,False
2006936,14,False
2006937,0,True
2006938,8,False
2006939,0,True
2006940,0,True
2006941,0,True
2006942,12,False
2006943,10,False
2006944,8,False
2006945,9,False
2006946,6,False
2006947,0,True
2006948,12,False
2006949,0,True
2006950,12,False
2006951,10,False
2006952,10,False
2006953,12,False
2006954,12,False
2006955,8,False
2006956,10,False
2006957,8,False
2006958,12,False
2006959,12,False
2006960,0,True
2006961,0,True
2006962,0,True
2006963,0,True
2006964,0,True
2006965,8,False
2006966,6,False
2006967,0,True
2006968,0,True
2006969,7,False
2006970,0,True
2006971,10,False
2006972,10,False
2006973,6,False
2006974,12,False
2006975,8,False
2006976,8,False
2006977,6,False
2006978,8,False
2006979,12,False
2006980,8,False
2006981,0,True
2006982,10,False
2006983,10,False
2006984,10,False
2006985,0,True
2006986,9,False
2006987,0,True
2006988,10,False
2006989,8,False
2006990,12,False
2006991,10,False
2006992,10,False
2006993,8,False
2006994,14,False
2006995,8,False
2006996,12,False
2006997,10,False
2006998,8,False
2006999,10,False
2007000,8,False
2007001,8,False
2007002,12,False
2007003,10,False
2007004,6,False
2007005,0,True
2007006,7,False
2007007,10,False
2007008,0,True
2007009,0,True
2007010,10,False
2007011,6,False
2007012,10,False
2007013,10,False
2007014,0,True
2007015,12,False
2007016,8,False
2007017,10,False
2007018,6,False
2007019,10,False
2007020,6,False
2007021,10,False
2007022,8,False
2007023,5,False
2007024,0,True
2007025,10,False
2007026,8,False
2007027,8,False
2007028,7,False
2007029,8,False
2007030,7,False
2007031,10,False
2007032,8,False
2007033,8,False
2007034,10,False
2007035,10,False
2007036,12,False
2007037,8,False
2007038,0,True
2007039,12,False
2007040,0,True
2007041,0,True
2007042,12,False
2007043,6,False
2007044,0,True
2007045,0,True
2007046,14,False
2007047,10,False
2007048,8,False
2007049,10,False
2007050,10,False
2007051,6,False
2007052,6,False
2007053,10,False
2007054,8,False
2007055,8,False
2007056,10,False
2007057,8,False
2007058,9,False
2007059,0,True
2007060,8,False
2007061,8,False
2007062,6,False
2007063,0,True
2007064,8,False
2007065,8,False
2007066,0,True
2007067,8,False
2007068,10,False
2007069,5,False
2007070,0,True
2007071,12,False
2007072,0,True
2007073,10,False
2007074,8,False
2007075,10,False
2007076,0,True
2007077,8,False
2007078,0,True
2007079,10,False
2007080,10,False
2007081,12,False
2007082,10,False
2007083,10,False
2007084,0,True
2007085,12,False
2007086,8,False
2007087,10,False
2007088,10,False
2007089,8,False
2007090,10,False
2007091,8,False
2007092,12,False
2007093,10,False
2007094,10,False
2007095,8,False
2007096,10,False
2007097,10,False
2007098,0,True
2007099,10,False
2007100,8,False
2007101,10,False
2007102,10,False
2007103,0,True
2007104,0,True
2007105,0,True
2007106,6,False
2007107,8,False
2007108,8,False
2007109,14,False
2007110,6,False
2007111,10,False
2007112,0,True
2007113,6,False
2007114,12,False
2007115,8,False
2007116,8,False
2007117,0,True
2007118,6,False
2007119,8,False
2007120,6,False
2007121,10,False
2007122,6,False
2007123,6,False
2007124,12,False
2007125,10,False
2007126,6,False
2007127,12,False
2007128,0,True
2007129,12,False
2007130,4,False
2007131,12,False
2007132,12,False
2007133,6,False
2007134,9,False
2007135,8,False
2007136,12,False
2007137,8,False
2007138,7,False
2007139,0,True
2007140,8,False
2007141,0,True
2007142,6,False
2007143,10,False
2007144,8,False
2007145,0,True
2007146,0,True
2007147,0,True
2007148,0,True
2007149,7,False
2007150,0,True
2007151,10,False
2007152,8,False
2007153,6,False
2007154,10,False
2007155,10,False
2007156,10,False
2007157,8,False
2007158,10,False
2007159,0,True
2007160,8,False
2007161,9,False
2007162,12,False
2007163,14,False
2007164,7,False
2007165,0,True
2007166,10,False
2007167,14,False
2007168,10,False
2007169,0,True
2007170,10,False
2007171,10,False
2007172,10,False
2007173,8,False
2007174,10,False
2007175,8,False
2007176,7,False
2007177,0,True
2007178,8,False
2007179,12,False
2007180,7,False
2007181,0,True
2007182,0,True
2007183,12,False
2007184,10,False
2007185,5,False
2007186,0,True
2007187,12,False
2007188,8,False
2007189,0,True
2007190,10,False
2007191,12,False
2007192,5,False
2007193,0,True
2007194,10,False
2007195,6,False
2007196,0,True
2007197,6,False
2007198,10,False
2007199,8,False
2007200,7,False
2007201,4,False
2007202,8,False
2007203,8,False
2007204,6,False
2007205,10,False
2007206,8,False
2007207,0,True
2007208,10,False
2007209,6,False
2007210,6,False
2007211,10,False
2007212,8,False
2007213,0,True
2007214,0,True
2007215,0,True
2007216,0,True
2007217,8,False
2007218,10,False
2007219,10,False
2007220,0,True
2007221,0,True
2007222,0,True
2007223,8,False
2007224,8,False
2007225,0,True
2007226,10,False
2007227,10,False
2007228,8,False
2007229,6,False
2007230,6,False
2007231,7,False
2007232,10,False
2007233,0,True
2007234,10,False
2007235,0,True
2007236,0,True
2007237,8,False
2007238,0,True
2007239,6,False
2007240,8,False
2007241,0,True
2007242,10,False
2007243,10,False
2007244,10,False
2007245,10,False
2007246,12,False
2007247,8,False
2007248,0,True
2007249,12,False
2007250,10,False
2007251,8,False
2007252,8,False
2007253,9,False
2007254,0,True
2007255,0,True
2007256,0,True
2007257,0,True
2007258,0,True
2007259,10,False
2007260,10,False
2007261,0,True
2007262,12,False
2007263,5,False
2007264,10,False
2007265,8,False
2007266,12,False
2007267,8,False
2007268,6,False
2007269,0,True
2007270,4,False
2007271,0,True
2007272,8,False
2007273,6,False
2007274,6,False
2007275,8,False
2007276,0,True
2007277,10,False
2007278,0,True
2007279,8,False
2007280,10,False
2007281,8,False
2007282,10,False
2007283,0,True
2007284,8,False
2007285,0,True
2007286,0,True
2007287,0,True
2007288,7,False
2007289,0,True
2007290,10,False
2007291,10,False
2007292,0,True
2007293,7,False
2007294,12,False
2007295,9,False
2007296,6,False
2007297,8,False
2007298,10,False
2007299,12,False
2007300,6,False
2007301,10,False
2007302,0,True
2007303,12,False
2007304,6,False
2007305,9,False
2007306,10,False
2007307,0,True
2007308,10,False
2007309,9,False
2007310,7,False
2007311,6,False
2007312,8,False
2007313,12,False
2007314,0,True
2007315,12,False
2007316,6,False
2007317,8,False
2007318,8,False
2007319,0,True
2007320,8,False
2007321,12,False
2007322,10,False
2007323,8,False
2007324,8,False
2007325,10,False
2007326,10,False
2007327,0,True
2007328,10,False
2007329,8,False
2007330,8,False
2007331,6,False
2007332,10,False
2007333,0,True
2007334,10,False
2007335,10,False
2007336,10,False
2007337,0,True
2007338,6,False
2007339,8,False
2007340,10,False
2007341,0,True
2007342,8,False
2007343,0,True
2007344,0,True
2007345,10,False
2007346,0,True
2007347,8,False
2007348,8,False
2007349,8,False
2007350,5,False
2007351,6,False
2007352,6,False
2007353,5,False
2007354,10,False
2007355,4,False
2007356,8,False
2007357,10,False
2007358,0,True
2007359,8,False
2007360,10,False
2007361,6,False
2007362,6,False
2007363,10,False
2007364,8,False
2007365,6,False
2007366,0,True
2007367,0,True
2007368,10,False
2007369,10,False
2007370,0,True
2007371,0,True
2007372,10,False
2007373,7,False
2007374,0,True
2007375,5,False
2007376,14,False
2007377,0,True
2007378,0,True
2007379,10,False
2007380,7,False
2007381,0,True
2007382,12,False
2007383,0,True
2007384,10,False
2007385,0,True
2007386,0,True
2007387,10,False
2007388,10,False
2007389,10,False
2007390,10,False
2007391,0,True
2007392,12,False
2007393,6,False
2007394,6,False
2007395,0,True
2007396,8,False
2007397,8,False
2007398,0,True
2007399,12,False
2007400,6,False
2007401,0,True
2007402,8,False
2007403,10,False
2007404,10,False
2007405,8,False
2007406,0,True
2007407,7,False
2007408,0,True
2007409,9,False
2007410,0,True
2007411,8,False
2007412,10,False
2007413,6,False
2007414,0,True
2007415,12,False
2007416,0,True
2007417,10,False
2007418,0,True
2007419,0,True
2007420,0,True
2007421,12,False
2007422,10,False
2007423,10,False
2007424,10,False
2007425,10,False
2007426,7,False
2007427,0,True
2007428,8,False
2007429,10,False
2007430,6,False
2007431,12,False
2007432,7,False
2007433,8,False
2007434,10,False
2007435,8,False
2007436,6,False
2007437,7,False
2007438,8,False
2007439,6,False
2007440,12,False
2007441,8,False
2007442,6,False
2007443,8,False
2007444,8,False
2007445,0,True
2007446,12,False
2007447,0,True
2007448,8,False
2007449,12,False
2007450,8,False
2007451,8,False
2007452,6,False
2007453,0,True
2007454,0,True
2007455,10,False
2007456,0,True
2007457,0,True
2007458,10,False
2007459,8,False
2007460,6,False
2007461,6,False
2007462,12,False
2007463,10,False
2007464,12,False
2007465,7,False
2007466,6,False
2007467,8,False
2007468,0,True
2007469,10,False
2007470,12,False
2007471,0,True
2007472,9,False
2007473,6,False
2007474,10,False
2007475,10,False
2007476,10,False
2007477,10,False
2007478,10,False
2007479,0,True
2007480,0,True
2007481,10,False
2007482,8,False
2007483,9,False
2007484,9,False
2007485,0,True
2007486,12,False
2007487,10,False
2007488,6,False
2007489,8,False
2007490,10,False
2007491,9,False
2007492,8,False
2007493,14,False
2007494,10,False
2007495,10,False
2007496,0,True
2007497,0,True
2007498,10,False
2007499,12,False
2007500,6,False
2007501,0,True
2007502,7,False
2007503,10,False
2007504,8,False
2007505,0,True
2007506,10,False
2007507,8,False
2007508,0,True
2007509,0,True
2007510,4,False
2007511,8,False
2007512,6,False
2007513,6,False
2007514,0,True
2007515,8,False
2007516,12,False
2007517,0,True
2007518,8,False
2007519,12,False
2007520,0,True
2007521,8,False
2007522,10,False
2007523,8,False
2007524,0,True
2007525,0,True
2007526,0,True
2007527,8,False
2007528,0,True
2007529,10,False
2007530,8,False
2007531,10,False
2007532,8,False
2007533,12,False
2007534,0,True
2007535,7,False
2007536,7,False
2007537,8,False
2007538,12,False
2007539,0,True
2007540,8,False
2007541,0,True
2007542,8,False
2007543,0,True
2007544,0,True
2007545,10,False
2007546,12,False
2007547,10,False
2007548,12,False
2007549,4,False
2007550,10,False
2007551,0,True
2007552,8,False
2007553,12,False
2007554,14,False
2007555,0,True
2007556,0,True
2007557,0,True
2007558,8,False
2007559,0,True
2007560,0,True
2007561,8,False
2007562,10,False
2007563,12,False
2007564,8,False
2007565,6,False
2007566,0,True
2007567,10,False
2007568,0,True
2007569,0,True
2007570,12,False
2007571,10,False
2007572,10,False
2007573,8,False
2007574,8,False
2007575,0,True
2007576,8,False
2007577,10,False
2007578,0,True
2007579,0,True
2007580,10,False
2007581,8,False
2007582,10,False
2007583,10,False
2007584,0,True
2007585,8,False
2007586,8,False
2007587,0,True
2007588,0,True
2007589,0,True
2007590,10,False
2007591,0,True
2007592,0,True
2007593,10,False
2007594,8,False
2007595,6,False
2007596,0,True
2007597,0,True
2007598,12,False
2007599,0,True
2007600,12,False
2007601,6,False
2007602,8,False
2007603,12,False
2007604,0,True
2007605,0,True
2007606,8,False
2007607,0,True
2007608,0,True
2007609,9,False
2007610,9,False
2007611,8,False
2007612,10,False
2007613,10,False
2007614,12,False
2007615,10,False
2007616,0,True
2007617,12,False
2007618,4,False
2007619,10,False
2007620,10,False
2007621,14,False
2007622,6,False
2007623,10,False
2007624,6,False
2007625,8,False
2007626,0,True
2007627,10,False
2007628,0,True
2007629,10,False
2007630,8,False
2007631,9,False
2007632,10,False
2007633,0,True
2007634,10,False
2007635,0,True
2007636,8,False
2007637,0,True
2007638,7,False
2007639,8,False
2007640,0,True
2007641,8,False
2007642,12,False
2007643,8,False
2007644,12,False
2007645,12,False
2007646,10,False
2007647,10,False
2007648,8,False
2007649,10,False
2007650,10,False
2007651,0,True
2007652,0,True
2007653,10,False
2007654,10,False
2007655,0,True
2007656,0,True
2007657,8,False
2007658,12,False
2007659,0,True
2007660,0,True
2007661,10,False
2007662,0,True
2007663,6,False
2007664,10,False
2007665,0,True
2007666,0,True
2007667,12,False
2007668,12,False
2007669,0,True
2007670,7,False
2007671,12,False
2007672,8,False
2007673,6,False
2007674,10,False
2007675,14,False
2007676,12,False
2007677,8,False
2007678,6,False
2007679,10,False
2007680,0,True
2007681,4,False
2007682,10,False
2007683,0,True
2007684,5,False
2007685,12,False
2007686,10,False
2007687,10,False
2007688,10,False
2007689,8,False
2007690,10,False
2007691,6,False
2007692,9,False
2007693,8,False
2007694,8,False
2007695,0,True
2007696,0,True
2007697,8,False
2007698,8,False
2007699,8,False
2007700,10,False
2007701,0,True
2007702,0,True
2007703,0,True
2007704,6,False
2007705,0,True
2007706,0,True
2007707,8,False
2007708,8,False
2007709,0,True
2007710,9,False
2007711,0,True
2007712,12,False
2007713,6,False
2007714,5,False
2007715,8,False
2007716,8,False
2007717,14,False
2007718,8,False
2007719,0,True
2007720,8,False
2007721,0,True
2007722,0,True
2007723,0,True
2007724,8,False
2007725,0,True
2007726,0,True
2007727,0,True
2007728,6,False
2007729,0,True
2007730,0,True
2007731,8,False
2007732,10,False
2007733,8,False
2007734,6,False
2007735,10,False
2007736,0,True
2007737,12,False
2007738,10,False
2007739,8,False
2007740,0,True
2007741,6,False
2007742,8,False
2007743,8,False
2007744,10,False
2007745,0,True
2007746,10,False
2007747,8,False
2007748,7,False
2007749,0,True
2007750,14,False
2007751,14,False
2007752,10,False
2007753,10,False
2007754,0,True
2007755,8,False
2007756,8,False
2007757,8,False
2007758,10,False
2007759,0,True
2007760,8,False
2007761,0,True
2007762,6,False
2007763,0,True
2007764,8,False
2007765,8,False
2007766,0,True
2007767,9,False
2007768,0,True
2007769,10,False
2007770,10,False
2007771,12,False
2007772,0,True
2007773,10,False
2007774,8,False
2007775,8,False
2007776,7,False
2007777,6,False
2007778,0,True
2007779,0,True
2007780,10,False
2007781,10,False
2007782,10,False
2007783,0,True
2007784,8,False
2007785,10,False
2007786,10,False
2007787,8,False
2007788,0,True
2007789,6,False
2007790,0,True
2007791,0,True
2007792,8,False
2007793,10,False
2007794,12,False
2007795,10,False
2007796,0,True
2007797,8,False
2007798,0,True
2007799,6,False
2007800,0,True
2007801,10,False
2007802,0,True
2007803,0,True
2007804,0,True
2007805,10,False
2007806,10,False
2007807,0,True
2007808,0,True
2007809,6,False
2007810,10,False
2007811,6,False
2007812,12,False
2007813,0,True
2007814,8,False
2007815,4,False
2007816,8,False
2007817,6,False
2007818,14,False
2007819,8,False
2007820,10,False
2007821,0,True
2007822,8,False
2007823,8,False
2007824,8,False
2007825,8,False
2007826,10,False
2007827,0,True
2007828,8,False
2007829,0,True
2007830,12,False
2007831,14,False
2007832,0,True
2007833,0,True
2007834,0,True
2007835,8,False
2007836,10,False
2007837,8,False
2007838,0,True
2007839,10,False
2007840,8,False
2007841,7,False
2007842,7,False
2007843,0,True
2007844,10,False
2007845,12,False
2007846,12,False
2007847,10,False
2007848,8,False
2007849,10,False
2007850,10,False
2007851,0,True
2007852,12,False
2007853,8,False
2007854,6,False
2007855,6,False
2007856,6,False
2007857,8,False
2007858,8,False
2007859,12,False
2007860,10,False
2007861,8,False
2007862,0,True
2007863,8,False
2007864,0,True
2007865,0,True
2007866,10,False
2007867,0,True
2007868,8,False
2007869,8,False
2007870,10,False
2007871,0,True
2007872,0,True
2007873,12,False
2007874,0,True
2007875,8,False
2007876,10,False
2007877,10,False
2007878,12,False
2007879,8,False
2007880,12,False
2007881,14,False
2007882,8,False
2007883,12,False
2007884,12,False
2007885,0,True
2007886,8,False
2007887,8,False
2007888,0,True
2007889,8,False
2007890,12,False
2007891,0,True
2007892,8,False
2007893,4,False
2007894,10,False
2007895,0,True
2007896,6,False
2007897,0,True
2007898,4,False
2007899,6,False
2007900,12,False
2007901,0,True
2007902,8,False
2007903,6,False
2007904,10,False
2007905,12,False
2007906,8,False
2007907,0,True
2007908,6,False
2007909,10,False
2007910,6,False
2007911,0,True
2007912,8,False
2007913,8,False
2007914,7,False
2007915,12,False
2007916,8,False
2007917,12,False
2007918,10,False
2007919,8,False
2007920,8,False
2007921,0,True
2007922,10,False
2007923,10,False
2007924,10,False
2007925,0,True
2007926,6,False
2007927,8,False
2007928,6,False
2007929,12,False
2007930,8,False
2007931,10,False
2007932,10,False
2007933,10,False
2007934,6,False
2007935,10,False
2007936,8,False
2007937,0,True
2007938,10,False
2007939,6,False
2007940,12,False
2007941,6,False
2007942,10,False
2007943,10,False
2007944,10,False
2007945,8,False
2007946,0,True
2007947,0,True
2007948,7,False
2007949,0,True
2007950,0,True
2007951,0,True
2007952,10,False
2007953,0,True
2007954,0,True
2007955,10,False
2007956,0,True
2007957,10,False
2007958,12,False
2007959,4,False
2007960,8,False
2007961,0,True
2007962,8,False
2007963,12,False
2007964,10,False
2007965,6,False
2007966,10,False
2007967,8,False
2007968,0,True
2007969,12,False
2007970,7,False
2007971,10,False
2007972,10,False
2007973,10,False
2007974,0,True
2007975,10,False
2007976,0,True
2007977,8,False
2007978,0,True
2007979,10,False
2007980,10,False
2007981,12,False
2007982,0,True
2007983,8,False
2007984,6,False
2007985,6,False
2007986,0,True
2007987,12,False
2007988,0,True
2007989,6,False
2007990,6,False
2007991,0,True
2007992,0,True
2007993,7,False
2007994,10,False
2007995,0,True
2007996,6,False
2007997,6,False
2007998,8,False
2007999,8,False
2008000,6,False
2008001,0,True
2008002,6,False
2008003,12,False
2008004,8,False
2008005,10,False
2008006,0,True
2008007,10,False
2008008,0,True
2008009,10,False
2008010,8,False
2008011,6,False
2008012,9,False
2008013,8,False
2008014,0,True
2008015,0,True
2008016,6,False
2008017,12,False
2008018,0,True
2008019,8,False
2008020,0,True
2008021,9,False
2008022,8,False
2008023,8,False
2008024,6,False
2008025,0,True
2008026,8,False
2008027,10,False
2008028,14,False
2008029,8,False
2008030,12,False
2008031,6,False
2008032,10,False
2008033,6,False
2008034,8,False
2008035,8,False
2008036,9,False
2008037,8,False
2008038,8,False
2008039,7,False
2008040,0,True
2008041,0,True
2008042,10,False
2008043,12,False
2008044,8,False
2008045,8,False
2008046,6,False
2008047,0,True
2008048,9,False
2008049,10,False
2008050,10,False
2008051,12,False
2008052,10,False
2008053,10,False
2008054,8,False
2008055,0,True
2008056,8,False
2008057,0,True
2008058,12,False
2008059,8,False
2008060,0,True
2008061,4,False
2008062,7,False
2008063,9,False
2008064,10,False
2008065,16,False
2008066,9,False
2008067,10,False
2008068,12,False
2008069,7,False
2008070,8,False
2008071,10,False
2008072,10,False
2008073,10,False
2008074,0,True
2008075,0,True
2008076,8,False
2008077,6,False
2008078,0,True
2008079,0,True
2008080,0,True
2008081,0,True
2008082,0,True
2008083,0,True
2008084,14,False
2008085,10,False
2008086,12,False
2008087,12,False
2008088,8,False
2008089,10,False
2008090,10,False
2008091,0,True
2008092,0,True
2008093,10,False
2008094,6,False
2008095,8,False
2008096,0,True
2008097,0,True
2008098,4,False
2008099,10,False
2008100,0,True
2008101,10,False
2008102,6,False
2008103,8,False
2008104,8,False
2008105,0,True
2008106,10,False
2008107,6,False
2008108,12,False
2008109,12,False
2008110,7,False
2008111,12,False
2008112,6,False
2008113,10,False
2008114,8,False
2008115,0,True
2008116,10,False
2008117,7,False
2008118,8,False
2008119,10,False
2008120,8,False
2008121,8,False
2008122,6,False
2008123,5,False
2008124,4,False
2008125,8,False
2008126,6,False
2008127,0,True
2008128,0,True
2008129,8,False
2008130,10,False
2008131,8,False
2008132,0,True
2008133,10,False
2008134,0,True
2008135,6,False
2008136,0,True
2008137,6,False
2008138,8,False
2008139,12,False
2008140,0,True
2008141,10,False
2008142,0,True
2008143,8,False
2008144,8,False
2008145,12,False
2008146,0,True
2008147,10,False
2008148,0,True
2008149,6,False
2008150,6,False
2008151,6,False
2008152,10,False
2008153,0,True
2008154,8,False
2008155,8,False
2008156,6,False
2008157,0,True
2008158,7,False
2008159,8,False
2008160,12,False
2008161,8,False
2008162,8,False
2008163,10,False
2008164,6,False
2008165,10,False
2008166,8,False
2008167,10,False
2008168,4,False
2008169,0,True
2008170,8,False
2008171,10,False
2008172,6,False
2008173,0,True
2008174,8,False
2008175,6,False
2008176,10,False
2008177,4,False
2008178,10,False
2008179,0,True
2008180,10,False
2008181,0,True
2008182,0,True
2008183,9,False
2008184,4,False
2008185,7,False
2008186,8,False
2008187,8,False
2008188,0,True
2008189,10,False
2008190,0,True
2008191,10,False
2008192,10,False
2008193,10,False
2008194,0,True
2008195,8,False
2008196,0,True
2008197,8,False
2008198,0,True
2008199,4,False
2008200,10,False
2008201,7,False
2008202,0,True
2008203,8,False
2008204,8,False
2008205,8,False
2008206,0,True
2008207,8,False
2008208,6,False
2008209,8,False
2008210,7,False
2008211,6,False
2008212,0,True
2008213,0,True
2008214,0,True
2008215,10,False
2008216,10,False
2008217,10,False
2008218,8,False
2008219,10,False
2008220,14,False
2008221,10,False
2008222,0,True
2008223,0,True
2008224,12,False
2008225,0,True
2008226,0,True
2008227,10,False
2008228,0,True
2008229,0,True
2008230,10,False
2008231,0,True
2008232,0,True
2008233,6,False
2008234,0,True
2008235,10,False
2008236,0,True
2008237,10,False
2008238,0,True
2008239,10,False
2008240,3,False
2008241,8,False
2008242,5,False
2008243,12,False
2008244,6,False
2008245,5,False
2008246,0,True
2008247,8,False
2008248,10,False
2008249,6,False
2008250,10,False
2008251,0,True
2008252,0,True
2008253,12,False
2008254,9,False
2008255,0,True
2008256,10,False
2008257,8,False
2008258,6,False
2008259,0,True
2008260,0,True
2008261,10,False
2008262,12,False
2008263,12,False
2008264,12,False
2008265,0,True
2008266,10,False
2008267,4,False
2008268,0,True
2008269,10,False
2008270,6,False
2008271,8,False
2008272,12,False
2008273,10,False
2008274,10,False
2008275,8,False
2008276,0,True
2008277,0,True
2008278,8,False
2008279,0,True
2008280,6,False
2008281,6,False
2008282,10,False
2008283,0,True
2008284,0,True
2008285,10,False
2008286,6,False
2008287,8,False
2008288,8,False
2008289,12,False
2008290,10,False
2008291,12,False
2008292,0,True
2008293,0,True
2008294,10,False
2008295,0,True
2008296,12,False
2008297,6,False
2008298,8,False
2008299,14,False
2008300,12,False
2008301,8,False
2008302,10,False
2008303,6,False
2008304,0,True
2008305,10,False
2008306,0,True
2008307,0,True
2008308,8,False
2008309,0,True
2008310,6,False
2008311,10,False
2008312,9,False
2008313,0,True
2008314,0,True
2008315,0,True
2008316,0,True
2008317,7,False
2008318,10,False
2008319,10,False
2008320,0,True
2008321,8,False
2008322,6,False
2008323,0,True
2008324,10,False
2008325,9,False
2008326,0,True
2008327,0,True
2008328,10,False
2008329,0,True
2008330,12,False
2008331,0,True
2008332,6,False
2008333,12,False
2008334,10,False
2008335,12,False
2008336,0,True
2008337,2,False
2008338,10,False
2008339,8,False
2008340,10,False
2008341,12,False
2008342,10,False
2008343,10,False
2008344,10,False
2008345,10,False
2008346,10,False
2008347,0,True
2008348,8,False
2008349,10,False
2008350,8,False
2008351,12,False
2008352,8,False
2008353,10,False
2008354,6,False
2008355,12,False
2008356,8,False
2008357,12,False
2008358,0,True
2008359,6,False
2008360,8,False
2008361,12,False
2008362,12,False
2008363,10,False
2008364,14,False
2008365,10,False
2008366,4,False
2008367,0,True
2008368,7,False
2008369,0,True
2008370,0,True
2008371,8,False
2008372,0,True
2008373,8,False
2008374,9,False
2008375,9,False
2008376,4,False
2008377,10,False
2008378,0,True
2008379,0,True
2008380,0,True
2008381,0,True
2008382,0,True
2008383,6,False
2008384,12,False
2008385,8,False
2008386,10,False
2008387,10,False
2008388,0,True
2008389,6,False
2008390,12,False
2008391,4,False
2008392,8,False
2008393,6,False
2008394,8,False
2008395,9,False
2008396,12,False
2008397,0,True
2008398,10,False
2008399,12,False
2008400,12,False
2008401,10,False
2008402,10,False
2008403,0,True
2008404,8,False
2008405,10,False
2008406,0,True
2008407,10,False
2008408,12,False
2008409,4,False
2008410,8,False
2008411,10,False
2008412,5,False
2008413,4,False
2008414,0,True
2008415,6,False
2008416,12,False
2008417,0,True
2008418,10,False
2008419,0,True
2008420,10,False
2008421,10,False
2008422,14,False
2008423,12,False
2008424,0,True
2008425,10,False
2008426,0,True
2008427,12,False
2008428,0,True
2008429,0,True
2008430,0,True
2008431,10,False
2008432,0,True
2008433,0,True
2008434,8,False
2008435,6,False
2008436,0,True
2008437,6,False
2008438,0,True
2008439,8,False
2008440,6,False
2008441,10,False
2008442,10,False
2008443,8,False
2008444,8,False
2008445,10,False
2008446,6,False
2008447,0,True
2008448,0,True
2008449,12,False
2008450,8,False
2008451,8,False
2008452,0,True
2008453,12,False
2008454,10,False
2008455,12,False
2008456,10,False
2008457,10,False
2008458,9,False
2008459,10,False
2008460,6,False
2008461,6,False
2008462,10,False
2008463,10,False
2008464,10,False
2008465,10,False
2008466,4,False
2008467,8,False
2008468,0,True
2008469,10,False
2008470,14,False
2008471,0,True
2008472,0,True
2008473,8,False
2008474,10,False
2008475,10,False
2008476,8,False
2008477,0,True
2008478,8,False
2008479,6,False
2008480,0,True
2008481,6,False
2008482,10,False
2008483,8,False
2008484,0,True
2008485,10,False
2008486,10,False
2008487,0,True
2008488,10,False
2008489,12,False
2008490,8,False
2008491,8,False
2008492,8,False
2008493,8,False
2008494,8,False
2008495,0,True
2008496,12,False
2008497,10,False
2008498,0,True
2008499,0,True
2008500,10,False
2008501,0,True
2008502,10,False
2008503,8,False
2008504,0,True
2008505,0,True
2008506,7,False
2008507,10,False
2008508,8,False
2008509,0,True
2008510,10,False
2008511,0,True
2008512,10,False
2008513,6,False
2008514,10,False
2008515,4,False
2008516,6,False
2008517,0,True
2008518,8,False
2008519,0,True
2008520,8,False
2008521,0,True
2008522,10,False
2008523,12,False
2008524,10,False
2008525,0,True
2008526,10,False
2008527,12,False
2008528,12,False
2008529,6,False
2008530,8,False
2008531,0,True
2008532,10,False
2008533,8,False
2008534,7,False
2008535,12,False
2008536,10,False
2008537,8,False
2008538,10,False
2008539,0,True
2008540,10,False
2008541,12,False
2008542,0,True
2008543,6,False
2008544,10,False
2008545,12,False
2008546,8,False
2008547,12,False
2008548,12,False
2008549,0,True
2008550,10,False
2008551,8,False
2008552,6,False
2008553,8,False
2008554,8,False
2008555,0,True
2008556,0,True
2008557,4,False
2008558,10,False
2008559,0,True
2008560,0,True
2008561,0,True
2008562,0,True
2008563,8,False
2008564,9,False
2008565,10,False
2008566,10,False
2008567,10,False
2008568,0,True
2008569,0,True
2008570,6,False
2008571,8,False
2008572,10,False
2008573,12,False
2008574,0,True
2008575,8,False
2008576,4,False
2008577,12,False
2008578,8,False
2008579,8,False
2008580,9,False
2008581,6,False
2008582,4,False
2008583,14,False
2008584,10,False
2008585,8,False
2008586,8,False
2008587,7,False
2008588,10,False
2008589,10,False
2008590,8,False
2008591,10,False
2008592,8,False
2008593,12,False
2008594,8,False
2008595,0,True
2008596,10,False
2008597,10,False
2008598,4,False
2008599,10,False
2008600,12,False
2008601,6,False
2008602,12,False
2008603,10,False
2008604,10,False
2008605,10,False
2008606,10,False
2008607,6,False
2008608,12,False
2008609,10,False
2008610,7,False
2008611,8,False
2008612,7,False
2008613,0,True
2008614,0,True
2008615,10,False
2008616,0,True
2008617,0,True
2008618,10,False
2008619,10,False
2008620,9,False
2008621,8,False
2008622,8,False
2008623,0,True
2008624,10,False
2008625,0,True
2008626,0,True
2008627,12,False
2008628,0,True
2008629,10,False
2008630,7,False
2008631,0,True
2008632,10,False
2008633,6,False
2008634,10,False
2008635,8,False
2008636,8,False
2008637,10,False
2008638,12,False
2008639,6,False
2008640,0,True
2008641,10,False
2008642,0,True
2008643,0,True
2008644,10,False
2008645,8,False
2008646,10,False
2008647,0,True
2008648,10,False
2008649,0,True
2008650,10,False
2008651,0,True
2008652,6,False
2008653,0,True
2008654,8,False
2008655,0,True
2008656,8,False
2008657,0,True
2008658,12,False
2008659,6,False
2008660,0,True
2008661,8,False
2008662,6,False
2008663,0,True
2008664,0,True
2008665,8,False
2008666,0,True
2008667,10,False
2008668,10,False
2008669,0,True
2008670,8,False
2008671,16,False
2008672,8,False
2008673,0,True
2008674,8,False
2008675,10,False
2008676,10,False
2008677,12,False
2008678,8,False
2008679,7,False
2008680,6,False
2008681,9,False
2008682,9,False
2008683,6,False
2008684,10,False
2008685,0,True
2008686,10,False
2008687,4,False
2008688,10,False
2008689,12,False
2008690,0,True
2008691,14,False
2008692,10,False
2008693,0,True
2008694,8,False
2008695,10,False
2008696,8,False
2008697,0,True
2008698,0,True
2008699,14,False
2008700,0,True
2008701,12,False
2008702,0,True
2008703,12,False
2008704,8,False
2008705,0,True
2008706,10,False
2008707,10,False
2008708,12,False
2008709,10,False
2008710,10,False
2008711,8,False
2008712,12,False
2008713,0,True
2008714,10,False
2008715,4,False
2008716,7,False
2008717,0,True
2008718,6,False
2008719,8,False
2008720,0,True
2008721,10,False
2008722,0,True
2008723,0,True
2008724,10,False
2008725,10,False
2008726,10,False
2008727,10,False
2008728,10,False
2008729,0,True
2008730,7,False
2008731,8,False
2008732,6,False
2008733,8,False
2008734,0,True
2008735,10,False
2008736,6,False
2008737,6,False
2008738,7,False
2008739,9,False
2008740,10,False
2008741,6,False
2008742,12,False
2008743,6,False
2008744,0,True
2008745,0,True
2008746,6,False
2008747,12,False
2008748,0,True
2008749,10,False
2008750,10,False
2008751,0,True
2008752,10,False
2008753,10,False
2008754,0,True
2008755,8,False
2008756,0,True
2008757,10,False
2008758,8,False
2008759,14,False
2008760,0,True
2008761,0,True
2008762,0,True
2008763,0,True
2008764,0,True
2008765,8,False
2008766,0,True
2008767,10,False
2008768,10,False
2008769,12,False
2008770,0,True
2008771,0,True
2008772,8,False
2008773,0,True
2008774,7,False
2008775,10,False
2008776,12,False
2008777,10,False
2008778,10,False
2008779,10,False
2008780,0,True
2008781,10,False
2008782,7,False
2008783,0,True
2008784,12,False
2008785,10,False
2008786,10,False
2008787,0,True
2008788,6,False
2008789,10,False
2008790,10,False
2008791,10,False
2008792,8,False
2008793,12,False
2008794,6,False
2008795,0,True
2008796,0,True
2008797,8,False
2008798,8,False
2008799,0,True
2008800,12,False
2008801,0,True
2008802,6,False
2008803,14,False
2008804,6,False
2008805,0,True
2008806,0,True
2008807,7,False
2008808,0,True
2008809,10,False
2008810,8,False
2008811,10,False
2008812,8,False
2008813,12,False
2008814,0,True
2008815,10,False
2008816,0,True
2008817,8,False
2008818,6,False
2008819,8,False
2008820,6,False
2008821,10,False
2008822,0,True
2008823,6,False
2008824,5,False
2008825,10,False
2008826,12,False
2008827,0,True
2008828,6,False
2008829,0,True
2008830,6,False
2008831,8,False
2008832,6,False
2008833,8,False
2008834,10,False
2008835,0,True
2008836,12,False
2008837,8,False
2008838,8,False
2008839,8,False
2008840,0,True
2008841,0,True
2008842,12,False
2008843,0,True
2008844,0,True
2008845,0,True
2008846,10,False
2008847,8,False
2008848,0,True
2008849,8,False
2008850,10,False
2008851,0,True
2008852,8,False
2008853,12,False
2008854,0,True
2008855,8,False
2008856,6,False
2008857,6,False
2008858,0,True
2008859,8,False
2008860,9,False
2008861,8,False
2008862,0,True
2008863,0,True
2008864,0,True
2008865,8,False
2008866,8,False
2008867,12,False
2008868,8,False
2008869,0,True
2008870,8,False
2008871,10,False
2008872,8,False
2008873,12,False
2008874,10,False
2008875,0,True
2008876,8,False
2008877,10,False
2008878,0,True
2008879,6,False
2008880,0,True
2008881,10,False
2008882,8,False
2008883,0,True
2008884,0,True
2008885,4,False
2008886,0,True
2008887,0,True
2008888,8,False
2008889,0,True
2008890,0,True
2008891,0,True
2008892,0,True
2008893,10,False
2008894,14,False
2008895,6,False
2008896,8,False
2008897,10,False
2008898,12,False
2008899,0,True
2008900,6,False
2008901,0,True
2008902,10,False
2008903,6,False
2008904,8,False
2008905,10,False
2008906,14,False
2008907,8,False
2008908,10,False
2008909,10,False
2008910,12,False
2008911,0,True
2008912,8,False
2008913,8,False
2008914,10,False
2008915,6,False
2008916,6,False
2008917,0,True
2008918,12,False
2008919,12,False
2008920,12,False
2008921,0,True
2008922,0,True
2008923,12,False
2008924,10,False
2008925,14,False
2008926,10,False
2008927,12,False
2008928,7,False
2008929,9,False
2008930,8,False
2008931,0,True
2008932,8,False
2008933,12,False
2008934,10,False
2008935,12,False
2008936,10,False
2008937,8,False
2008938,0,True
2008939,0,True
2008940,10,False
2008941,10,False
2008942,12,False
2008943,12,False
2008944,7,False
2008945,0,True
2008946,0,True
2008947,0,True
2008948,6,False
2008949,8,False
2008950,0,True
2008951,9,False
2008952,10,False
2008953,6,False
2008954,12,False
2008955,10,False
2008956,10,False
2008957,0,True
2008958,6,False
2008959,8,False
2008960,12,False
2008961,8,False
2008962,12,False
2008963,0,True
2008964,0,True
2008965,8,False
2008966,8,False
2008967,10,False
2008968,0,True
2008969,0,True
2008970,10,False
2008971,0,True
2008972,7,False
2008973,0,True
2008974,8,False
2008975,10,False
2008976,8,False
2008977,6,False
2008978,9,False
2008979,6,False
2008980,10,False
2008981,8,False
2008982,10,False
2008983,6,False
2008984,6,False
2008985,12,False
2008986,8,False
2008987,9,False
2008988,10,False
2008989,8,False
2008990,8,False
2008991,0,True
2008992,10,False
2008993,12,False
2008994,0,True
2008995,0,True
2008996,4,False
2008997,10,False
2008998,8,False
2008999,10,False
2009000,0,True
2009001,14,False
2009002,7,False
2009003,6,False
2009004,8,False
2009005,10,False
2009006,12,False
2009007,0,True
2009008,0,True
2009009,8,False
2009010,8,False
2009011,8,False
2009012,12,False
2009013,10,False
2009014,0,True
2009015,10,False
2009016,0,True
2009017,6,False
2009018,10,False
2009019,8,False
2009020,0,True
2009021,0,True
2009022,0,True
2009023,6,False
2009024,0,True
2009025,0,True
2009026,8,False
2009027,10,False
2009028,8,False
2009029,14,False
2009030,10,False
2009031,10,False
2009032,6,False
2009033,8,False
2009034,0,True
2009035,10,False
2009036,0,True
2009037,8,False
2009038,0,True
2009039,10,False
2009040,12,False
2009041,8,False
2009042,7,False
2009043,8,False
2009044,10,False
2009045,0,True
2009046,7,False
2009047,12,False
2009048,10,False
2009049,0,True
2009050,6,False
2009051,8,False
2009052,0,True
2009053,12,False
2009054,8,False
2009055,10,False
2009056,8,False
2009057,6,False
2009058,8,False
2009059,8,False
2009060,6,False
2009061,5,False
2009062,8,False
2009063,8,False
2009064,9,False
2009065,8,False
2009066,0,True
2009067,14,False
2009068,6,False
2009069,0,True
2009070,10,False
2009071,0,True
2009072,6,False
2009073,12,False
2009074,8,False
2009075,6,False
2009076,8,False
2009077,8,False
2009078,10,False
2009079,9,False
2009080,8,False
2009081,12,False
2009082,8,False
2009083,0,True
2009084,6,False
2009085,8,False
2009086,12,False
2009087,0,True
2009088,0,True
2009089,0,True
2009090,7,False
2009091,8,False
2009092,0,True
2009093,12,False
2009094,6,False
2009095,12,False
2009096,8,False
2009097,8,False
2009098,0,True
2009099,0,True
2009100,8,False
2009101,0,True
2009102,8,False
2009103,9,False
2009104,10,False
2009105,4,False
2009106,0,True
2009107,8,False
2009108,14,False
2009109,0,True
2009110,8,False
2009111,6,False
2009112,0,True
2009113,10,False
2009114,8,False
2009115,8,False
2009116,10,False
2009117,6,False
2009118,10,False
2009119,0,True
2009120,7,False
2009121,0,True
2009122,9,False
2009123,0,True
2009124,8,False
2009125,0,True
2009126,0,True
2009127,9,False
2009128,12,False
2009129,8,False
2009130,7,False
2009131,8,False
2009132,8,False
2009133,4,False
2009134,6,False
2009135,8,False
2009136,10,False
2009137,14,False
2009138,0,True
2009139,12,False
2009140,8,False
2009141,0,True
2009142,8,False
2009143,10,False
2009144,10,False
2009145,10,False
2009146,12,False
2009147,6,False
2009148,10,False
2009149,0,True
2009150,10,False
2009151,6,False
2009152,10,False
2009153,12,False
2009154,9,False
2009155,10,False
2009156,6,False
2009157,6,False
2009158,8,False
2009159,10,False
2009160,10,False
2009161,10,False
2009162,0,True
2009163,8,False
2009164,10,False
2009165,10,False
2009166,10,False
2009167,0,True
2009168,12,False
2009169,0,True
2009170,0,True
2009171,8,False
2009172,12,False
2009173,8,False
2009174,8,False
2009175,0,True
2009176,12,False
2009177,8,False
2009178,6,False
2009179,6,False
2009180,0,True
2009181,0,True
2009182,6,False
2009183,8,False
2009184,0,True
2009185,4,False
2009186,6,False
2009187,0,True
2009188,8,False
2009189,8,False
2009190,0,True
2009191,10,False
2009192,8,False
2009193,8,False
2009194,0,True
2009195,10,False
2009196,8,False
2009197,12,False
2009198,12,False
2009199,8,False
2009200,0,True
2009201,8,False
2009202,6,False
2009203,8,False
2009204,12,False
2009205,12,False
2009206,12,False
2009207,0,True
2009208,14,False
2009209,10,False
2009210,12,False
2009211,0,True
2009212,0,True
2009213,0,True
2009214,0,True
2009215,12,False
2009216,0,True
2009217,9,False
2009218,12,False
2009219,12,False
2009220,7,False
2009221,0,True
2009222,10,False
2009223,0,True
2009224,12,False
2009225,8,False
2009226,8,False
2009227,10,False
2009228,0,True
2009229,7,False
2009230,10,False
2009231,12,False
2009232,8,False
2009233,10,False
2009234,6,False
2009235,12,False
2009236,0,True
2009237,10,False
2009238,8,False
2009239,10,False
2009240,8,False
2009241,12,False
2009242,0,True
2009243,0,True
2009244,10,False
2009245,14,False
2009246,12,False
2009247,8,False
2009248,0,True
2009249,0,True
2009250,12,False
2009251,10,False
2009252,0,True
2009253,10,False
2009254,12,False
2009255,0,True
2009256,8,False
2009257,7,False
2009258,8,False
2009259,8,False
2009260,0,True
2009261,6,False
2009262,10,False
2009263,10,False
2009264,8,False
2009265,12,False
2009266,10,False
2009267,10,False
2009268,10,False
2009269,8,False
2009270,10,False
2009271,0,True
2009272,0,True
2009273,6,False
2009274,8,False
2009275,14,False
2009276,0,True
2009277,0,True
2009278,10,False
2009279,0,True
2009280,0,True
2009281,5,False
2009282,8,False
2009283,9,False
2009284,0,True
2009285,6,False
2009286,10,False
2009287,0,True
2009288,10,False
2009289,10,False
2009290,0,True
2009291,8,False
2009292,8,False
2009293,10,False
2009294,6,False
2009295,6,False
2009296,0,True
2009297,8,False
2009298,9,False
2009299,0,True
2009300,14,False
2009301,10,False
2009302,8,False
2009303,8,False
2009304,8,False
2009305,0,True
2009306,10,False
2009307,0,True
2009308,6,False
2009309,0,True
2009310,10,False
2009311,10,False
2009312,0,True
2009313,0,True
2009314,8,False
2009315,6,False
2009316,4,False
2009317,10,False
2009318,0,True
2009319,10,False
2009320,0,True
2009321,8,False
2009322,0,True
2009323,6,False
2009324,10,False
2009325,8,False
2009326,7,False
2009327,8,False
2009328,0,True
2009329,8,False
2009330,10,False
2009331,8,False
2009332,10,False
2009333,6,False
2009334,7,False
2009335,10,False
2009336,8,False
2009337,8,False
2009338,0,True
2009339,12,False
2009340,8,False
2009341,0,True
2009342,0,True
2009343,6,False
2009344,8,False
2009345,12,False
2009346,8,False
2009347,10,False
2009348,8,False
2009349,6,False
2009350,0,True
2009351,12,False
2009352,10,False
2009353,0,True
2009354,6,False
2009355,9,False
2009356,8,False
2009357,0,True
2009358,10,False
2009359,0,True
2009360,0,True
2009361,8,False
2009362,8,False
2009363,0,True
2009364,6,False
2009365,8,False
2009366,10,False
2009367,0,True
2009368,0,True
2009369,5,False
2009370,8,False
2009371,0,True
2009372,10,False
2009373,6,False
2009374,7,False
2009375,10,False
2009376,6,False
2009377,0,True
2009378,6,False
2009379,0,True
2009380,5,False
2009381,0,True
2009382,10,False
2009383,7,False
2009384,10,False
2009385,8,False
2009386,10,False
2009387,8,False
2009388,10,False
2009389,8,False
2009390,6,False
2009391,8,False
2009392,6,False
2009393,8,False
2009394,10,False
2009395,0,True
2009396,0,True
2009397,10,False
2009398,10,False
2009399,10,False
2009400,8,False
2009401,12,False
2009402,7,False
2009403,12,False
2009404,10,False
2009405,0,True
2009406,0,True
2009407,6,False
2009408,0,True
2009409,8,False
2009410,8,False
2009411,8,False
2009412,0,True
2009413,10,False
2009414,8,False
2009415,12,False
2009416,4,False
2009417,10,False
2009418,6,False
2009419,10,False
2009420,8,False
2009421,10,False
2009422,8,False
2009423,8,False
2009424,0,True
2009425,0,True
2009426,8,False
2009427,8,False
2009428,0,True
2009429,8,False
2009430,10,False
2009431,12,False
2009432,10,False
2009433,10,False
2009434,10,False
2009435,0,True
2009436,10,False
2009437,10,False
2009438,0,True
2009439,10,False
2009440,10,False
2009441,8,False
2009442,0,True
2009443,6,False
2009444,10,False
2009445,5,False
2009446,10,False
2009447,9,False
2009448,12,False
2009449,0,True
2009450,8,False
2009451,0,True
2009452,0,True
2009453,8,False
2009454,12,False
2009455,10,False
2009456,0,True
2009457,8,False
2009458,6,False
2009459,10,False
2009460,6,False
2009461,10,False
2009462,0,True
2009463,12,False
2009464,8,False
2009465,10,False
2009466,0,True
2009467,0,True
2009468,0,True
2009469,12,False
2009470,7,False
2009471,6,False
2009472,6,False
2009473,10,False
2009474,0,True
2009475,8,False
2009476,8,False
2009477,12,False
2009478,0,True
2009479,8,False
2009480,8,False
2009481,8,False
2009482,0,True
2009483,0,True
2009484,10,False
2009485,10,False
2009486,9,False
2009487,10,False
2009488,12,False
2009489,14,False
2009490,6,False
2009491,10,False
2009492,12,False
2009493,6,False
2009494,0,True
2009495,10,False
2009496,8,False
2009497,12,False
2009498,6,False
2009499,0,True
2009500,0,True
2009501,7,False
2009502,6,False
2009503,10,False
2009504,10,False
2009505,10,False
2009506,10,False
2009507,8,False
2009508,6,False
2009509,8,False
2009510,10,False
2009511,8,False
2009512,10,False
2009513,8,False
2009514,4,False
2009515,10,False
2009516,4,False
2009517,0,True
2009518,0,True
2009519,9,False
2009520,10,False
2009521,0,True
2009522,12,False
2009523,8,False
2009524,6,False
2009525,0,True
2009526,0,True
2009527,10,False
2009528,9,False
2009529,8,False
2009530,8,False
2009531,10,False
2009532,10,False
2009533,10,False
2009534,12,False
2009535,6,False
2009536,10,False
2009537,0,True
2009538,6,False
2009539,8,False
2009540,12,False
2009541,6,False
2009542,0,True
2009543,8,False
2009544,6,False
2009545,8,False
2009546,8,False
2009547,8,False
2009548,0,True
2009549,8,False
2009550,0,True
2009551,8,False
2009552,6,False
2009553,7,False
2009554,10,False
2009555,10,False
2009556,7,False
2009557,0,True
2009558,0,True
2009559,14,False
2009560,10,False
2009561,12,False
2009562,8,False
2009563,8,False
2009564,0,True
2009565,8,False
2009566,8,False
2009567,6,False
2009568,0,True
2009569,0,True
2009570,6,False
2009571,8,False
2009572,0,True
2009573,12,False
2009574,6,False
2009575,8,False
2009576,10,False
2009577,6,False
2009578,6,False
2009579,8,False
2009580,10,False
2009581,8,False
2009582,10,False
2009583,0,True
2009584,8,False
2009585,8,False
2009586,0,True
2009587,8,False
2009588,8,False
2009589,12,False
2009590,0,True
2009591,12,False
2009592,0,True
2009593,6,False
2009594,10,False
2009595,8,False
2009596,6,False
2009597,10,False
2009598,7,False
2009599,10,False
2009600,0,True
2009601,12,False
2009602,6,False
2009603,0,True
2009604,6,False
2009605,10,False
2009606,12,False
2009607,6,False
2009608,12,False
2009609,10,False
2009610,10,False
2009611,4,False
2009612,12,False
2009613,0,True
2009614,8,False
2009615,6,False
2009616,0,True
2009617,10,False
2009618,12,False
2009619,8,False
2009620,8,False
2009621,8,False
2009622,8,False
2009623,10,False
2009624,6,False
2009625,8,False
2009626,12,False
2009627,0,True
2009628,8,False
2009629,12,False
2009630,8,False
2009631,0,True
2009632,10,False
2009633,10,False
2009634,10,False
2009635,0,True
2009636,8,False
2009637,6,False
2009638,10,False
2009639,10,False
2009640,10,False
2009641,10,False
2009642,4,False
2009643,12,False
2009644,0,True
2009645,6,False
2009646,6,False
2009647,8,False
2009648,12,False
2009649,10,False
2009650,0,True
2009651,0,True
2009652,12,False
2009653,0,True
2009654,8,False
2009655,0,True
2009656,12,False
2009657,0,True
2009658,8,False
2009659,8,False
2009660,10,False
2009661,10,False
2009662,12,False
2009663,0,True
2009664,10,False
2009665,10,False
2009666,0,True
2009667,0,True
2009668,12,False
2009669,0,True
2009670,8,False
2009671,0,True
2009672,0,True
2009673,8,False
2009674,10,False
2009675,8,False
2009676,10,False
2009677,8,False
2009678,14,False
2009679,8,False
2009680,10,False
2009681,12,False
2009682,9,False
2009683,6,False
2009684,0,True
2009685,0,True
2009686,0,True
2009687,0,True
2009688,10,False
2009689,8,False
2009690,12,False
2009691,9,False
2009692,0,True
2009693,4,False
2009694,10,False
2009695,12,False
2009696,12,False
2009697,0,True
2009698,0,True
2009699,10,False
2009700,10,False
2009701,12,False
2009702,8,False
2009703,8,False
2009704,0,True
2009705,0,True
2009706,14,False
2009707,10,False
2009708,8,False
2009709,10,False
2009710,0,True
2009711,8,False
2009712,10,False
2009713,10,False
2009714,6,False
2009715,10,False
2009716,6,False
2009717,8,False
2009718,0,True
2009719,12,False
2009720,10,False
2009721,8,False
2009722,6,False
2009723,5,False
2009724,0,True
2009725,12,False
2009726,6,False
2009727,10,False
2009728,10,False
2009729,6,False
2009730,0,True
2009731,9,False
2009732,0,True
2009733,8,False
2009734,8,False
2009735,12,False
2009736,0,True
2009737,10,False
2009738,6,False
2009739,6,False
2009740,12,False
2009741,6,False
2009742,8,False
2009743,0,True
2009744,12,False
2009745,12,False
2009746,6,False
2009747,12,False
2009748,4,False
2009749,0,True
2009750,9,False
2009751,0,True
2009752,12,False
2009753,7,False
2009754,8,False
2009755,7,False
2009756,10,False
2009757,0,True
2009758,0,True
2009759,0,True
2009760,10,False
2009761,12,False
2009762,10,False
2009763,0,True
2009764,7,False
2009765,7,False
2009766,10,False
2009767,12,False
2009768,10,False
2009769,10,False
2009770,0,True
2009771,12,False
2009772,0,True
2009773,12,False
2009774,0,True
2009775,10,False
2009776,8,False
2009777,8,False
2009778,0,True
2009779,10,False
2009780,6,False
2009781,0,True
2009782,0,True
2009783,12,False
2009784,0,True
2009785,0,True
2009786,8,False
2009787,10,False
2009788,7,False
2009789,0,True
2009790,9,False
2009791,10,False
2009792,10,False
2009793,8,False
2009794,0,True
2009795,8,False
2009796,12,False
2009797,10,False
2009798,10,False
2009799,6,False
2009800,8,False
2009801,10,False
2009802,8,False
2009803,8,False
2009804,12,False
2009805,0,True
2009806,6,False
2009807,8,False
2009808,8,False
2009809,10,False
2009810,8,False
2009811,8,False
2009812,7,False
2009813,10,False
2009814,0,True
2009815,10,False
2009816,12,False
2009817,7,False
2009818,4,False
2009819,0,True
2009820,8,False
2009821,10,False
2009822,10,False
2009823,0,True
2009824,7,False
2009825,8,False
2009826,0,True
2009827,12,False
2009828,8,False
2009829,8,False
2009830,0,True
2009831,6,False
2009832,7,False
2009833,0,True
2009834,10,False
2009835,10,False
2009836,8,False
2009837,14,False
2009838,0,True
2009839,5,False
2009840,8,False
2009841,0,True
2009842,6,False
2009843,0,True
2009844,0,True
2009845,10,False
2009846,0,True
2009847,9,False
2009848,8,False
2009849,10,False
2009850,12,False
2009851,0,True
2009852,0,True
2009853,6,False
2009854,8,False
2009855,10,False
2009856,0,True
2009857,8,False
2009858,8,False
2009859,3,False
2009860,0,True
2009861,0,True
2009862,8,False
2009863,8,False
2009864,8,False
2009865,8,False
2009866,8,False
2009867,10,False
2009868,0,True
2009869,8,False
2009870,8,False
2009871,0,True
2009872,0,True
2009873,12,False
2009874,0,True
2009875,8,False
2009876,8,False
2009877,12,False
2009878,12,False
2009879,0,True
2009880,9,False
2009881,9,False
2009882,10,False
2009883,10,False
2009884,14,False
2009885,10,False
2009886,12,False
2009887,0,True
2009888,6,False
2009889,6,False
2009890,0,True
2009891,10,False
2009892,0,True
2009893,14,False
2009894,10,False
2009895,0,True
2009896,0,True
2009897,8,False
2009898,8,False
2009899,7,False
2009900,12,False
2009901,0,True
2009902,8,False
2009903,12,False
2009904,4,False
2009905,0,True
2009906,8,False
2009907,10,False
2009908,6,False
2009909,10,False
2009910,8,False
2009911,12,False
2009912,8,False
2009913,12,False
2009914,6,False
2009915,10,False
2009916,0,True
2009917,10,False
2009918,10,False
2009919,0,True
2009920,10,False
2009921,7,False
2009922,8,False
2009923,8,False
2009924,10,False
2009925,0,True
2009926,12,False
2009927,10,False
2009928,6,False
2009929,8,False
2009930,6,False
2009931,12,False
2009932,0,True
2009933,0,True
2009934,0,True
2009935,6,False
2009936,4,False
2009937,0,True
2009938,10,False
2009939,4,False
2009940,10,False
2009941,0,True
2009942,8,False
2009943,0,True
2009944,8,False
2009945,0,True
2009946,9,False
2009947,0,True
2009948,0,True
2009949,8,False
2009950,0,True
2009951,8,False
2009952,0,True
2009953,7,False
2009954,8,False
2009955,0,True
2009956,12,False
2009957,0,True
2009958,12,False
2009959,4,False
2009960,0,True
2009961,5,False
2009962,0,True
2009963,0,True
2009964,8,False
2009965,14,False
2009966,0,True
2009967,6,False
2009968,6,False
2009969,10,False
2009970,6,False
2009971,7,False
2009972,0,True
2009973,12,False
2009974,10,False
2009975,6,False
2009976,7,False
2009977,8,False
2009978,8,False
2009979,12,False
2009980,12,False
2009981,8,False
2009982,10,False
2009983,0,True
2009984,10,False
2009985,8,False
2009986,8,False
2009987,0,True
2009988,0,True
2009989,8,False
2009990,0,True
2009991,8,False
2009992,6,False
2009993,12,False
2009994,8,False
2009995,8,False
2009996,0,True
2009997,8,False
2009998,12,False
2009999,4,False
