seed,score,lost
9000000,10,False
9000001,5,False
9000002,8,False
9000003,10,False
9000004,10,False
9000005,12,False
9000006,8,False
9000007,14,False
9000008,7,False
9000009,10,False
9000010,10,False
9000011,14,False
9000012,6,False
9000013,12,False
9000014,12,False
9000015,14,False
9000016,12,False
9000017,12,False
9000018,12,False
9000019,14,False
9000020,9,False
9000021,12,False
9000022,12,False
9000023,8,False
9000024,12,False
9000025,10,False
9000026,12,False
9000027,14,False
9000028,9,False
9000029,10,False
9000030,10,False
9000031,10,False
9000032,12,False
9000033,12,False
9000034,10,False
9000035,10,False
9000036,9,False
9000037,7,False
9000038,6,False
9000039,10,False
9000040,12,False
9000041,6,False
9000042,14,False
9000043,9,False
9000044,12,False
9000045,6,False
9000046,12,False
9000047,12,False
9000048,14,False
9000049,8,False
9000050,11,False
9000051,10,False
9000052,10,False
9000053,6,False
9000054,12,False
9000055,8,False
9000056,12,False
9000057,9,False
9000058,9,False
9000059,4,False
9000060,10,False
9000061,8,False
9000062,8,False
9000063,9,False
9000064,4,False
9000065,10,False
9000066,14,False
9000067,12,False
9000068,10,False
9000069,9,False
9000070,8,False
9000071,10,False
9000072,8,False
9000073,12,False
9000074,8,False
9000075,10,False
9000076,6,False
9000077,8,False
9000078,12,False
9000079,12,False
9000080,8,False
9000081,12,False
9000082,10,False
9000083,9,False
9000084,12,False
9000085,5,False
9000086,8,False
9000087,8,False
9000088,7,False
9000089,12,False
9000090,7,False
9000091,9,False
9000092,12,False
9000093,9,False
9000094,12,False
9000095,9,False
9000096,9,False
9000097,10,False
9000098,12,False
9000099,6,False
9000100,11,False
9000101,12,False
9000102,12,False
9000103,8,False
9000104,9,False
9000105,6,False
9000106,8,False
9000107,6,False
9000108,6,False
9000109,10,False
9000110,10,False
9000111,12,False
9000112,10,False
9000113,12,False
9000114,12,False
9000115,10,False
9000116,5,False
9000117,12,False
9000118,12,False
9000119,12,False
9000120,8,False
9000121,10,False
9000122,10,False
9000123,10,False
9000124,7,False
9000125,12,False
9000126,4,False
9000127,8,False
9000128,10,False
9000129,8,False
9000130,10,False
9000131,12,False
9000132,8,False
9000133,9,False
9000134,10,False
9000135,10,False
9000136,12,False
9000137,8,False
9000138,10,False
9000139,10,False
9000140,10,False
9000141,12,False
9000142,2,False
9000143,12,False
9000144,10,False
9000145,10,False
9000146,12,False
9000147,9,False
9000148,14,False
9000149,12,False
9000150,8,False
9000151,12,False
9000152,8,False
9000153,8,False
9000154,8,False
9000155,10,False
9000156,8,False
9000157,8,False
9000158,8,False
9000159,12,False
9000160,10,False
9000161,9,False
9000162,6,False
9000163,10,False
9000164,8,False
9000165,10,False
9000166,10,False
9000167,8,False
9000168,12,False
9000169,10,False
9000170,7,False
9000171,3,False
9000172,6,False
9000173,12,False
9000174,12,False
9000175,9,False
9000176,12,False
9000177,12,False
9000178,12,False
9000179,6,False
9000180,8,False
9000181,9,False
9000182,12,False
9000183,8,False
9000184,10,False
9000185,10,False
9000186,8,False
9000187,14,False
9000188,6,False
9000189,12,False
9000190,8,False
9000191,8,False
9000192,9,False
9000193,10,False
9000194,8,False
9000195,12,False
9000196,12,False
9000197,10,False
9000198,9,False
9000199,8,False
9000200,10,False
9000201,7,False
9000202,12,False
9000203,12,False
9000204,8,False
9000205,9,False
9000206,12,False
9000207,12,False
9000208,9,False
9000209,14,False
9000210,12,False
9000211,12,False
9000212,7,False
9000213,10,False
9000214,9,False
9000215,8,False
9000216,14,False
9000217,10,False
9000218,9,False
9000219,9,False
9000220,10,False
9000221,14,False
9000222,12,False
9000223,8,False
9000224,10,False
9000225,6,False
9000226,10,False
9000227,10,False
9000228,12,False
9000229,10,False
9000230,12,False
9000231,3,False
9000232,7,False
9000233,12,False
9000234,6,False
9000235,12,False
9000236,12,False
9000237,12,False
9000238,8,False
9000239,12,False
9000240,12,False
9000241,12,False
9000242,8,False
9000243,10,False
9000244,7,False
9000245,10,False
9000246,9,False
9000247,14,False
9000248,10,False
9000249,8,False
9000250,8,False
9000251,8,False
9000252,12,False
9000253,8,False
9000254,8,False
9000255,10,False
9000256,7,False
9000257,10,False
9000258,8,False
9000259,12,False
9000260,9,False
9000261,12,False
9000262,2,False
9000263,8,False
9000264,10,False
9000265,9,False
9000266,6,False
9000267,8,False
9000268,10,False
9000269,7,False
9000270,9,False
9000271,10,False
9000272,4,False
9000273,9,False
9000274,12,False
9000275,12,False
9000276,12,False
9000277,12,False
9000278,12,False
9000279,9,False
9000280,10,False
9000281,8,False
9000282,8,False
9000283,12,False
9000284,12,False
9000285,8,False
9000286,12,False
9000287,8,False
9000288,12,False
9000289,8,False
9000290,12,False
9000291,10,False
9000292,14,False
9000293,10,False
9000294,12,False
9000295,8,False
9000296,12,False
9000297,16,False
9000298,12,False
9000299,9,False
9000300,12,False
9000301,8,False
9000302,9,False
9000303,10,False
9000304,5,False
9000305,10,False
9000306,12,False
9000307,12,False
9000308,8,False
9000309,9,False
9000310,10,False
9000311,8,False
9000312,10,False
9000313,9,False
9000314,6,False
9000315,10,False
9000316,12,False
9000317,7,False
9000318,10,False
9000319,12,False
9000320,12,False
9000321,7,False
9000322,8,False
9000323,12,False
9000324,8,False
9000325,12,False
9000326,12,False
9000327,14,False
9000328,14,False
9000329,12,False
9000330,7,False
9000331,12,False
9000332,12,False
9000333,12,False
9000334,10,False
9000335,10,False
9000336,8,False
9000337,10,False
9000338,12,False
9000339,12,False
9000340,10,False
9000341,10,False
9000342,9,False
9000343,10,False
9000344,8,False
9000345,8,False
9000346,10,False
9000347,9,False
9000348,7,False
9000349,12,False
9000350,8,False
9000351,12,False
9000352,6,False
9000353,8,False
9000354,11,False
9000355,5,False
9000356,10,False
9000357,8,False
9000358,6,False
9000359,8,False
9000360,8,False
9000361,4,False
9000362,10,False
9000363,8,False
9000364,14,False
9000365,8,False
9000366,14,False
9000367,9,False
9000368,6,False
9000369,12,False
9000370,7,False
9000371,12,False
9000372,10,False
9000373,6,False
9000374,8,False
9000375,8,False
9000376,12,False
9000377,10,False
9000378,14,False
9000379,9,False
9000380,10,False
9000381,12,False
9000382,8,False
9000383,12,False
9000384,9,False
9000385,9,False
9000386,12,False
9000387,5,False
9000388,10,False
9000389,9,False
9000390,10,False
9000391,12,False
9000392,12,False
9000393,12,False
9000394,12,False
9000395,10,False
9000396,12,False
9000397,12,False
9000398,12,False
9000399,8,False
9000400,8,False
9000401,10,False
9000402,7,False
9000403,6,False
9000404,10,False
9000405,6,False
9000406,12,False
9000407,9,False
9000408,10,False
9000409,9,False
9000410,12,False
9000411,12,False
9000412,10,False
9000413,9,False
9000414,11,False
9000415,9,False
9000416,5,False
9000417,10,False
9000418,10,False
9000419,10,False
9000420,10,False
9000421,8,False
9000422,14,False
9000423,10,False
9000424,10,False
9000425,12,False
9000426,14,False
9000427,14,False
9000428,14,False
9000429,6,False
9000430,12,False
9000431,10,False
9000432,9,False
9000433,8,False
9000434,10,False
9000435,10,False
9000436,9,False
9000437,6,False
9000438,8,False
9000439,10,False
9000440,14,False
9000441,12,False
9000442,9,False
9000443,9,False
9000444,12,False
9000445,12,False
9000446,10,False
9000447,10,False
9000448,7,False
9000449,12,False
9000450,7,False
9000451,10,False
9000452,9,False
9000453,8,False
9000454,14,False
9000455,7,False
9000456,7,False
9000457,8,False
9000458,14,False
9000459,8,False
9000460,8,False
9000461,10,False
9000462,12,False
9000463,6,False
9000464,12,False
9000465,10,False
9000466,12,False
9000467,7,False
9000468,12,False
9000469,12,False
9000470,14,False
9000471,10,False
9000472,10,False
9000473,8,False
9000474,12,False
9000475,14,False
9000476,14,False
9000477,12,False
9000478,12,False
9000479,12,False
9000480,8,False
9000481,7,False
9000482,10,False
9000483,7,False
9000484,12,False
9000485,12,False
9000486,12,False
9000487,8,False
9000488,7,False
9000489,8,False
9000490,12,False
9000491,9,False
9000492,10,False
9000493,12,False
9000494,14,False
9000495,12,False
9000496,10,False
9000497,9,False
9000498,10,False
9000499,14,False
9000500,12,False
9000501,16,False
9000502,9,False
9000503,12,False
9000504,10,False
9000505,10,False
9000506,10,False
9000507,10,False
9000508,12,False
9000509,8,False
9000510,10,False
9000511,12,False
9000512,7,False
9000513,12,False
9000514,9,False
9000515,10,False
9000516,7,False
9000517,6,False
9000518,14,False
9000519,12,False
9000520,8,False
9000521,6,False
9000522,12,False
9000523,6,False
9000524,8,False
9000525,9,False
9000526,8,False
9000527,10,False
9000528,6,False
9000529,12,False
9000530,12,False
9000531,10,False
9000532,10,False
9000533,10,False
9000534,12,False
9000535,9,False
9000536,10,False
9000537,12,False
9000538,10,False
9000539,8,False
9000540,8,False
9000541,8,False
9000542,10,False
9000543,8,False
9000544,12,False
9000545,10,False
9000546,10,False
9000547,12,False
9000548,8,False
9000549,14,False
9000550,10,False
9000551,12,False
9000552,8,False
9000553,10,False
9000554,12,False
9000555,6,False
9000556,12,False
9000557,9,False
9000558,12,False
9000559,10,False
9000560,10,False
9000561,12,False
9000562,12,False
9000563,12,False
9000564,12,False
9000565,10,False
9000566,14,False
9000567,12,False
9000568,14,False
9000569,12,False
9000570,12,False
9000571,8,False
9000572,14,False
9000573,12,False
9000574,12,False
9000575,7,False
9000576,10,False
9000577,12,False
9000578,10,False
9000579,10,False
9000580,12,False
9000581,12,False
9000582,10,False
9000583,8,False
9000584,14,False
9000585,9,False
9000586,11,False
9000587,9,False
9000588,8,False
9000589,9,False
9000590,8,False
9000591,10,False
9000592,12,False
9000593,10,False
9000594,12,False
9000595,14,False
9000596,8,False
9000597,12,False
9000598,8,False
9000599,10,False
9000600,4,False
9000601,10,False
9000602,7,False
9000603,12,False
9000604,6,False
9000605,14,False
9000606,7,False
9000607,5,False
9000608,10,False
9000609,5,False
9000610,10,False
9000611,9,False
9000612,8,False
9000613,6,False
9000614,4,False
9000615,12,False
9000616,8,False
9000617,12,False
9000618,8,False
9000619,10,False
9000620,12,False
9000621,14,False
9000622,12,False
9000623,10,False
9000624,7,False
9000625,10,False
9000626,12,False
9000627,8,False
9000628,6,False
9000629,8,False
9000630,10,False
9000631,12,False
9000632,12,False
9000633,10,False
9000634,10,False
9000635,6,False
9000636,10,False
9000637,6,False
9000638,10,False
9000639,9,False
9000640,9,False
9000641,12,False
9000642,5,False
9000643,14,False
9000644,10,False
9000645,10,False
9000646,7,False
9000647,7,False
9000648,10,False
9000649,5,False
9000650,8,False
9000651,8,False
9000652,10,False
9000653,7,False
9000654,8,False
9000655,12,False
9000656,10,False
9000657,12,False
9000658,12,False
9000659,12,False
9000660,14,False
9000661,9,False
9000662,12,False
9000663,11,False
9000664,12,False
9000665,9,False
9000666,12,False
9000667,6,False
9000668,10,False
9000669,6,False
9000670,4,False
9000671,10,False
9000672,12,False
9000673,9,False
9000674,12,False
9000675,8,False
9000676,12,False
9000677,14,False
9000678,8,False
9000679,10,False
9000680,14,False
9000681,12,False
9000682,10,False
9000683,14,False
9000684,8,False
9000685,12,False
9000686,6,False
9000687,12,False
9000688,9,False
9000689,12,False
9000690,12,False
9000691,9,False
9000692,14,False
9000693,14,False
9000694,7,False
9000695,8,False
9000696,5,False
9000697,6,False
9000698,10,False
9000699,6,False
9000700,12,False
9000701,10,False
9000702,8,False
9000703,12,False
9000704,10,False
9000705,8,False
9000706,10,False
9000707,12,False
9000708,12,False
9000709,14,False
9000710,9,False
9000711,10,False
9000712,9,False
9000713,8,False
9000714,9,False
9000715,9,False
9000716,10,False
9000717,9,False
9000718,8,False
9000719,14,False
9000720,12,False
9000721,8,False
9000722,8,False
9000723,6,False
9000724,14,False
9000725,12,False
9000726,10,False
9000727,10,False
9000728,12,False
9000729,9,False
9000730,12,False
9000731,12,False
9000732,14,False
9000733,9,False
9000734,8,False
9000735,12,False
9000736,12,False
9000737,6,False
9000738,9,False
9000739,10,False
9000740,10,False
9000741,10,False
9000742,12,False
9000743,12,False
9000744,10,False
9000745,12,False
9000746,12,False
9000747,10,False
9000748,12,False
9000749,9,False
9000750,10,False
9000751,10,False
9000752,14,False
9000753,12,False
9000754,9,False
9000755,12,False
9000756,12,False
9000757,12,False
9000758,10,False
9000759,10,False
9000760,12,False
9000761,8,False
9000762,7,False
9000763,12,False
9000764,9,False
9000765,12,False
9000766,14,False
9000767,7,False
9000768,9,False
9000769,12,False
9000770,7,False
9000771,2,False
9000772,10,False
9000773,9,False
9000774,12,False
9000775,10,False
9000776,9,False
9000777,12,False
9000778,12,False
9000779,8,False
9000780,9,False
9000781,8,False
9000782,12,False
9000783,12,False
9000784,12,False
9000785,14,False
9000786,12,False
9000787,12,False
9000788,12,False
9000789,8,False
9000790,10,False
9000791,12,False
9000792,8,False
9000793,8,False
9000794,14,False
9000795,10,False
9000796,10,False
9000797,10,False
9000798,6,False
9000799,10,False
9000800,12,False
9000801,7,False
9000802,12,False
9000803,7,False
9000804,6,False
9000805,8,False
9000806,10,False
9000807,10,False
9000808,6,False
9000809,12,False
9000810,12,False
9000811,14,False
9000812,3,False
9000813,9,False
9000814,8,False
9000815,12,False
9000816,9,False
9000817,12,False
9000818,8,False
9000819,14,False
9000820,12,False
9000821,8,False
9000822,12,False
9000823,12,False
9000824,6,False
9000825,9,False
9000826,10,False
9000827,7,False
9000828,12,False
9000829,8,False
9000830,8,False
9000831,8,False
9000832,8,False
9000833,12,False
9000834,12,False
9000835,8,False
9000836,10,False
9000837,5,False
9000838,12,False
9000839,12,False
9000840,6,False
9000841,10,False
9000842,12,False
9000843,12,False
9000844,4,False
9000845,6,False
9000846,10,False
9000847,10,False
9000848,6,False
9000849,6,False
9000850,10,False
9000851,12,False
9000852,6,False
9000853,11,False
9000854,8,False
9000855,10,False
9000856,12,False
9000857,10,False
9000858,12,False
9000859,12,False
9000860,12,False
9000861,6,False
9000862,12,False
9000863,10,False
9000864,10,False
9000865,8,False
9000866,10,False
9000867,9,False
9000868,7,False
9000869,8,False
9000870,12,False
9000871,12,False
9000872,9,False
9000873,12,False
9000874,14,False
9000875,12,False
9000876,12,False
9000877,7,False
9000878,8,False
9000879,8,False
9000880,9,False
9000881,10,False
9000882,10,False
9000883,12,False
9000884,8,False
9000885,9,False
9000886,8,False
9000887,6,False
9000888,12,False
9000889,10,False
9000890,4,False
9000891,8,False
9000892,12,False
9000893,10,False
9000894,10,False
9000895,8,False
9000896,6,False
9000897,12,False
9000898,10,False
9000899,9,False
9000900,9,False
9000901,14,False
9000902,12,False
9000903,12,False
9000904,10,False
9000905,9,False
9000906,10,False
9000907,9,False
9000908,10,False
9000909,9,False
9000910,12,False
9000911,7,False
9000912,7,False
9000913,12,False
9000914,10,False
9000915,6,False
9000916,10,False
9000917,12,False
9000918,8,False
9000919,9,False
9000920,16,False
9000921,14,False
9000922,12,False
9000923,12,False
9000924,9,False
9000925,8,False
9000926,8,False
9000927,8,False
9000928,10,False
9000929,12,False
9000930,10,False
9000931,10,False
9000932,7,False
9000933,8,False
9000934,10,False
9000935,8,False
9000936,14,False
9000937,7,False
9000938,10,False
9000939,12,False
9000940,8,False
9000941,10,False
9000942,12,False
9000943,12,False
9000944,8,False
9000945,10,False
9000946,8,False
9000947,10,False
9000948,12,False
9000949,7,False
9000950,8,False
9000951,10,False
9000952,14,False
9000953,10,False
9000954,12,False
9000955,8,False
9000956,9,False
9000957,11,False
9000958,10,False
9000959,8,False
9000960,8,False
9000961,10,False
9000962,10,False
9000963,9,False
9000964,10,False
9000965,9,False
9000966,12,False
9000967,10,False
9000968,8,False
9000969,10,False
9000970,12,False
9000971,7,False
9000972,10,False
9000973,10,False
9000974,12,False
9000975,10,False
9000976,9,False
9000977,5,False
9000978,10,False
9000979,8,False
9000980,9,False
9000981,8,False
9000982,12,False
9000983,9,False
9000984,10,False
9000985,6,False
9000986,11,False
9000987,10,False
9000988,8,False
9000989,12,False
9000990,10,False
9000991,12,False
9000992,10,False
9000993,10,False
9000994,8,False
9000995,12,False
9000996,10,False
9000997,6,False
9000998,10,False
9000999,10,False
9001000,10,False
9001001,8,False
9001002,8,False
9001003,9,False
9001004,12,False
9001005,10,False
9001006,10,False
9001007,12,False
9001008,12,False
9001009,10,False
9001010,10,False
9001011,12,False
9001012,12,False
9001013,12,False
9001014,12,False
9001015,10,False
9001016,11,False
9001017,10,False
9001018,12,False
9001019,10,False
9001020,8,False
9001021,14,False
9001022,9,False
9001023,10,False
9001024,12,False
9001025,12,False
9001026,12,False
9001027,8,False
9001028,10,False
9001029,8,False
9001030,12,False
9001031,10,False
9001032,8,False
9001033,10,False
9001034,14,False
9001035,9,False
9001036,8,False
9001037,12,False
9001038,9,False
9001039,7,False
9001040,9,False
9001041,9,False
9001042,8,False
9001043,14,False
9001044,4,False
9001045,12,False
9001046,10,False
9001047,8,False
9001048,12,False
9001049,14,False
9001050,10,False
9001051,9,False
9001052,8,False
9001053,7,False
9001054,7,False
9001055,12,False
9001056,8,False
9001057,10,False
9001058,9,False
9001059,12,False
9001060,14,False
9001061,12,False
9001062,10,False
9001063,12,False
9001064,7,False
9001065,12,False
9001066,8,False
9001067,10,False
9001068,8,False
9001069,8,False
9001070,12,False
9001071,12,False
9001072,10,False
9001073,10,False
9001074,14,False
9001075,12,False
9001076,7,False
9001077,9,False
9001078,8,False
9001079,10,False
9001080,12,False
9001081,10,False
9001082,8,False
9001083,4,False
9001084,10,False
9001085,12,False
9001086,10,False
9001087,8,False
9001088,10,False
9001089,12,False
9001090,11,False
9001091,6,False
9001092,10,False
9001093,14,False
9001094,12,False
9001095,8,False
9001096,10,False
9001097,14,False
9001098,12,False
9001099,6,False
9001100,9,False
9001101,10,False
9001102,12,False
9001103,10,False
9001104,10,False
9001105,11,False
9001106,10,False
9001107,10,False
9001108,8,False
9001109,10,False
9001110,12,False
9001111,9,False
9001112,12,False
9001113,7,False
9001114,12,False
9001115,12,False
9001116,10,False
9001117,10,False
9001118,12,False
9001119,12,False
9001120,14,False
9001121,12,False
9001122,10,False
9001123,8,False
9001124,10,False
9001125,12,False
9001126,7,False
9001127,10,False
9001128,8,False
9001129,10,False
9001130,12,False
9001131,4,False
9001132,8,False
9001133,8,False
9001134,9,False
9001135,11,False
9001136,10,False
9001137,10,False
9001138,10,False
9001139,12,False
9001140,12,False
9001141,10,False
9001142,7,False
9001143,10,False
9001144,10,False
9001145,12,False
9001146,8,False
9001147,5,False
9001148,10,False
9001149,12,False
9001150,9,False
9001151,7,False
9001152,8,False
9001153,12,False
9001154,8,False
9001155,12,False
9001156,12,False
9001157,12,False
9001158,12,False
9001159,7,False
9001160,10,False
9001161,7,False
9001162,14,False
9001163,6,False
9001164,7,False
9001165,8,False
9001166,12,False
9001167,10,False
9001168,12,False
9001169,8,False
9001170,10,False
9001171,8,False
9001172,7,False
9001173,14,False
9001174,3,False
9001175,12,False
9001176,7,False
9001177,9,False
9001178,8,False
9001179,10,False
9001180,8,False
9001181,9,False
9001182,8,False
9001183,10,False
9001184,14,False
9001185,12,False
9001186,12,False
9001187,7,False
9001188,8,False
9001189,8,False
9001190,12,False
9001191,12,False
9001192,8,False
9001193,9,False
9001194,8,False
9001195,14,False
9001196,12,False
9001197,12,False
9001198,12,False
9001199,10,False
9001200,10,False
9001201,8,False
9001202,9,False
9001203,12,False
9001204,10,False
9001205,10,False
9001206,3,False
9001207,14,False
9001208,12,False
9001209,12,False
9001210,10,False
9001211,8,False
9001212,12,False
9001213,4,False
9001214,12,False
9001215,12,False
9001216,10,False
9001217,10,False
9001218,10,False
9001219,12,False
9001220,10,False
9001221,9,False
9001222,12,False
9001223,7,False
9001224,12,False
9001225,14,False
9001226,8,False
9001227,10,False
9001228,8,False
9001229,4,False
9001230,12,False
9001231,10,False
9001232,12,False
9001233,5,False
9001234,8,False
9001235,12,False
9001236,10,False
9001237,10,False
9001238,8,False
9001239,10,False
9001240,12,False
9001241,12,False
9001242,14,False
9001243,6,False
9001244,8,False
9001245,12,False
9001246,8,False
9001247,12,False
9001248,8,False
9001249,6,False
9001250,4,False
9001251,10,False
9001252,10,False
9001253,9,False
9001254,12,False
9001255,4,False
9001256,10,False
9001257,10,False
9001258,5,False
9001259,9,False
9001260,12,False
9001261,12,False
9001262,10,False
9001263,7,False
9001264,8,False
9001265,12,False
9001266,8,False
9001267,12,False
9001268,12,False
9001269,12,False
9001270,12,False
9001271,12,False
9001272,12,False
9001273,12,False
9001274,8,False
9001275,12,False
9001276,14,False
9001277,8,False
9001278,8,False
9001279,12,False
9001280,10,False
9001281,12,False
9001282,6,False
9001283,10,False
9001284,7,False
9001285,6,False
9001286,7,False
9001287,6,False
9001288,6,False
9001289,7,False
9001290,14,False
9001291,12,False
9001292,9,False
9001293,12,False
9001294,12,False
9001295,6,False
9001296,12,False
9001297,9,False
9001298,10,False
9001299,9,False
9001300,10,False
9001301,9,False
9001302,12,False
9001303,10,False
9001304,14,False
9001305,10,False
9001306,10,False
9001307,12,False
9001308,12,False
9001309,6,False
9001310,8,False
9001311,7,False
9001312,10,False
9001313,8,False
9001314,12,False
9001315,8,False
9001316,14,False
9001317,12,False
9001318,12,False
9001319,12,False
9001320,12,False
9001321,12,False
9001322,10,False
9001323,12,False
9001324,8,False
9001325,6,False
9001326,12,False
9001327,10,False
9001328,2,False
9001329,6,False
9001330,8,False
9001331,10,False
9001332,12,False
9001333,7,False
9001334,8,False
9001335,10,False
9001336,8,False
9001337,6,False
9001338,12,False
9001339,6,False
9001340,8,False
9001341,12,False
9001342,8,False
9001343,12,False
9001344,10,False
9001345,12,False
9001346,12,False
9001347,10,False
9001348,10,False
9001349,6,False
9001350,10,False
9001351,12,False
9001352,11,False
9001353,12,False
9001354,8,False
9001355,12,False
9001356,8,False
9001357,10,False
9001358,12,False
9001359,14,False
9001360,8,False
9001361,10,False
9001362,10,False
9001363,9,False
9001364,14,False
9001365,7,False
9001366,12,False
9001367,8,False
9001368,7,False
9001369,10,False
9001370,7,False
9001371,12,False
9001372,8,False
9001373,8,False
9001374,8,False
9001375,10,False
9001376,12,False
9001377,7,False
9001378,9,False
9001379,12,False
9001380,8,False
9001381,12,False
9001382,7,False
9001383,10,False
9001384,14,False
9001385,10,False
9001386,9,False
9001387,12,False
9001388,12,False
9001389,10,False
9001390,4,False
9001391,8,False
9001392,12,False
9001393,12,False
9001394,5,False
9001395,10,False
9001396,12,False
9001397,12,False
9001398,12,False
9001399,10,False
9001400,14,False
9001401,10,False
9001402,9,False
9001403,10,False
9001404,8,False
9001405,9,False
9001406,16,False
9001407,8,False
9001408,10,False
9001409,12,False
9001410,4,False
9001411,12,False
9001412,10,False
9001413,9,False
9001414,8,False
9001415,14,False
9001416,12,False
9001417,12,False
9001418,12,False
9001419,12,False
9001420,10,False
9001421,12,False
9001422,7,False
9001423,12,False
9001424,10,False
9001425,8,False
9001426,7,False
9001427,10,False
9001428,12,False
9001429,8,False
9001430,9,False
9001431,14,False
9001432,14,False
9001433,10,False
9001434,12,False
9001435,8,False
9001436,9,False
9001437,8,False
9001438,11,False
9001439,14,False
9001440,6,False
9001441,12,False
9001442,9,False
9001443,12,False
9001444,10,False
9001445,10,False
9001446,8,False
9001447,14,False
9001448,12,False
9001449,8,False
9001450,7,False
9001451,14,False
9001452,12,False
9001453,7,False
9001454,12,False
9001455,10,False
9001456,7,False
9001457,10,False
9001458,10,False
9001459,12,False
9001460,10,False
9001461,12,False
9001462,12,False
9001463,12,False
9001464,9,False
9001465,6,False
9001466,10,False
9001467,4,False
9001468,12,False
9001469,8,False
9001470,12,False
9001471,6,False
9001472,14,False
9001473,10,False
9001474,7,False
9001475,8,False
9001476,8,False
9001477,7,False
9001478,8,False
9001479,10,False
9001480,11,False
9001481,9,False
9001482,8,False
9001483,7,False
9001484,12,False
9001485,14,False
9001486,12,False
9001487,12,False
9001488,12,False
9001489,7,False
9001490,8,False
9001491,12,False
9001492,9,False
9001493,8,False
9001494,10,False
9001495,8,False
9001496,12,False
9001497,7,False
9001498,10,False
9001499,9,False
9001500,4,False
9001501,8,False
9001502,8,False
9001503,8,False
9001504,12,False
9001505,10,False
9001506,12,False
9001507,12,False
9001508,14,False
9001509,7,False
9001510,11,False
9001511,8,False
9001512,12,False
9001513,8,False
9001514,7,False
9001515,11,False
9001516,14,False
9001517,8,False
9001518,6,False
9001519,12,False
9001520,4,False
9001521,10,False
9001522,9,False
9001523,10,False
9001524,6,False
9001525,9,False
9001526,10,False
9001527,9,False
9001528,9,False
9001529,5,False
9001530,12,False
9001531,9,False
9001532,10,False
9001533,14,False
9001534,14,False
9001535,14,False
9001536,12,False
9001537,12,False
9001538,12,False
9001539,6,False
9001540,9,False
9001541,6,False
9001542,10,False
9001543,6,False
9001544,10,False
9001545,12,False
9001546,10,False
9001547,12,False
9001548,12,False
9001549,7,False
9001550,8,False
9001551,8,False
9001552,7,False
9001553,12,False
9001554,4,False
9001555,9,False
9001556,12,False
9001557,10,False
9001558,12,False
9001559,10,False
9001560,7,False
9001561,5,False
9001562,6,False
9001563,12,False
9001564,12,False
9001565,7,False
9001566,7,False
9001567,4,False
9001568,9,False
9001569,12,False
9001570,11,False
9001571,8,False
9001572,9,False
9001573,4,False
9001574,10,False
9001575,10,False
9001576,10,False
9001577,7,False
9001578,14,False
9001579,10,False
9001580,14,False
9001581,14,False
9001582,10,False
9001583,6,False
9001584,12,False
9001585,10,False
9001586,10,False
9001587,9,False
9001588,10,False
9001589,12,False
9001590,12,False
9001591,7,False
9001592,7,False
9001593,14,False
9001594,12,False
9001595,6,False
9001596,10,False
9001597,10,False
9001598,10,False
9001599,9,False
9001600,10,False
9001601,8,False
9001602,10,False
9001603,14,False
9001604,9,False
9001605,12,False
9001606,8,False
9001607,12,False
9001608,7,False
9001609,12,False
9001610,9,False
9001611,8,False
9001612,10,False
9001613,10,False
9001614,9,False
9001615,12,False
9001616,4,False
9001617,9,False
9001618,10,False
9001619,12,False
9001620,4,False
9001621,7,False
9001622,7,False
9001623,9,False
9001624,8,False
9001625,14,False
9001626,12,False
9001627,14,False
9001628,6,False
9001629,8,False
9001630,4,False
9001631,12,False
9001632,9,False
9001633,10,False
9001634,10,False
9001635,8,False
9001636,10,False
9001637,8,False
9001638,12,False
9001639,14,False
9001640,12,False
9001641,14,False
9001642,10,False
9001643,4,False
9001644,8,False
9001645,12,False
9001646,12,False
9001647,9,False
9001648,10,False
9001649,12,False
9001650,14,False
9001651,6,False
9001652,7,False
9001653,10,False
9001654,10,False
9001655,12,False
9001656,10,False
9001657,8,False
9001658,8,False
9001659,14,False
9001660,12,False
9001661,10,False
9001662,14,False
9001663,9,False
9001664,8,False
9001665,12,False
9001666,12,False
9001667,12,False
9001668,11,False
9001669,10,False
9001670,12,False
9001671,12,False
9001672,10,False
9001673,10,False
9001674,8,False
9001675,8,False
9001676,10,False
9001677,14,False
9001678,10,False
9001679,12,False
9001680,7,False
9001681,8,False
9001682,7,False
9001683,6,False
9001684,9,False
9001685,9,False
9001686,12,False
9001687,9,False
9001688,8,False
9001689,8,False
9001690,12,False
9001691,8,False
9001692,10,False
9001693,8,False
9001694,8,False
9001695,10,False
9001696,16,False
9001697,10,False
9001698,12,False
9001699,12,False
9001700,12,False
9001701,12,False
9001702,12,False
9001703,4,False
9001704,9,False
9001705,9,False
9001706,14,False
9001707,12,False
9001708,8,False
9001709,8,False
9001710,12,False
9001711,10,False
9001712,10,False
9001713,10,False
9001714,8,False
9001715,10,False
9001716,10,False
9001717,8,False
9001718,9,False
9001719,12,False
9001720,10,False
9001721,12,False
9001722,8,False
9001723,12,False
9001724,10,False
9001725,12,False
9001726,10,False
9001727,14,False
9001728,7,False
9001729,11,False
9001730,8,False
9001731,12,False
9001732,8,False
9001733,9,False
9001734,8,False
9001735,12,False
9001736,10,False
9001737,12,False
9001738,10,False
9001739,12,False
9001740,8,False
9001741,10,False
9001742,10,False
9001743,8,False
9001744,8,False
9001745,10,False
9001746,10,False
9001747,6,False
9001748,9,False
9001749,14,False
9001750,14,False
9001751,12,False
9001752,12,False
9001753,9,False
9001754,14,False
9001755,7,False
9001756,5,False
9001757,6,False
9001758,10,False
9001759,9,False
9001760,10,False
9001761,8,False
9001762,12,False
9001763,8,False
9001764,7,False
9001765,12,False
9001766,9,False
9001767,10,False
9001768,10,False
9001769,12,False
9001770,12,False
9001771,12,False
9001772,12,False
9001773,10,False
9001774,10,False
9001775,8,False
9001776,10,False
9001777,12,False
9001778,12,False
9001779,8,False
9001780,8,False
9001781,8,False
9001782,9,False
9001783,10,False
9001784,7,False
9001785,10,False
9001786,8,False
9001787,14,False
9001788,10,False
9001789,7,False
9001790,7,False
9001791,12,False
9001792,12,False
9001793,10,False
9001794,7,False
9001795,12,False
9001796,12,False
9001797,8,False
9001798,14,False
9001799,12,False
9001800,10,False
9001801,14,False
9001802,16,False
9001803,8,False
9001804,12,False
9001805,10,False
9001806,10,False
9001807,12,False
9001808,9,False
9001809,12,False
9001810,8,False
9001811,12,False
9001812,8,False
9001813,14,False
9001814,8,False
9001815,10,False
9001816,12,False
9001817,14,False
9001818,7,False
9001819,7,False
9001820,12,False
9001821,9,False
9001822,10,False
9001823,14,False
9001824,14,False
9001825,7,False
9001826,12,False
9001827,10,False
9001828,10,False
9001829,12,False
9001830,6,False
9001831,12,False
9001832,8,False
9001833,9,False
9001834,5,False
9001835,12,False
9001836,14,False
9001837,10,False
9001838,12,False
9001839,10,False
9001840,12,False
9001841,10,False
9001842,10,False
9001843,12,False
9001844,12,False
9001845,6,False
9001846,14,False
9001847,10,False
9001848,10,False
9001849,12,False
9001850,8,False
9001851,10,False
9001852,5,False
9001853,8,False
9001854,10,False
9001855,10,False
9001856,12,False
9001857,10,False
9001858,14,False
9001859,10,False
9001860,10,False
9001861,8,False
9001862,8,False
9001863,7,False
9001864,12,False
9001865,8,False
9001866,10,False
9001867,10,False
9001868,12,False
9001869,9,False
9001870,12,False
9001871,12,False
9001872,12,False
9001873,9,False
9001874,12,False
9001875,6,False
9001876,9,False
9001877,10,False
9001878,12,False
9001879,10,False
9001880,12,False
9001881,8,False
9001882,10,False
9001883,14,False
9001884,10,False
9001885,9,False
9001886,9,False
9001887,12,False
9001888,8,False
9001889,14,False
9001890,16,False
9001891,10,False
9001892,8,False
9001893,12,False
9001894,10,False
9001895,10,False
9001896,10,False
9001897,8,False
9001898,10,False
9001899,10,False
9001900,10,False
9001901,2,False
9001902,11,False
9001903,14,False
9001904,7,False
9001905,12,False
9001906,10,False
9001907,14,False
9001908,6,False
9001909,10,False
9001910,8,False
9001911,10,False
9001912,12,False
9001913,12,False
9001914,7,False
9001915,8,False
9001916,12,False
9001917,10,False
9001918,10,False
9001919,10,False
9001920,10,False
9001921,8,False
9001922,10,False
9001923,7,False
9001924,12,False
9001925,7,False
9001926,12,False
9001927,8,False
9001928,12,False
9001929,14,False
9001930,12,False
9001931,10,False
9001932,10,False
9001933,10,False
9001934,10,False
9001935,9,False
9001936,10,False
9001937,10,False
9001938,5,False
9001939,7,False
9001940,14,False
9001941,10,False
9001942,9,False
9001943,8,False
9001944,12,False
9001945,14,False
9001946,12,False
9001947,10,False
9001948,9,False
9001949,10,False
9001950,9,False
9001951,8,False
9001952,8,False
9001953,14,False
9001954,8,False
9001955,12,False
9001956,12,False
9001957,7,False
9001958,8,False
9001959,12,False
9001960,12,False
9001961,8,False
9001962,8,False
9001963,14,False
9001964,10,False
9001965,6,False
9001966,8,False
9001967,12,False
9001968,12,False
9001969,14,False
9001970,9,False
9001971,12,False
9001972,10,False
9001973,8,False
9001974,8,False
9001975,12,False
9001976,12,False
9001977,8,False
9001978,10,False
9001979,12,False
9001980,12,False
9001981,8,False
9001982,6,False
9001983,12,False
9001984,10,False
9001985,12,False
9001986,10,False
9001987,10,False
9001988,8,False
9001989,12,False
9001990,9,False
9001991,8,False
9001992,10,False
9001993,14,False
9001994,7,False
9001995,12,False
9001996,8,False
9001997,10,False
9001998,12,False
9001999,10,False
9002000,9,False
9002001,10,False
9002002,8,False
9002003,12,False
9002004,8,False
9002005,10,False
9002006,12,False
9002007,7,False
9002008,12,False
9002009,10,False
9002010,9,False
9002011,7,False
9002012,12,False
9002013,7,False
9002014,8,False
9002015,8,False
9002016,10,False
9002017,10,False
9002018,14,False
9002019,12,False
9002020,7,False
9002021,14,False
9002022,10,False
9002023,10,False
9002024,8,False
9002025,12,False
9002026,12,False
9002027,8,False
9002028,12,False
9002029,10,False
9002030,12,False
9002031,12,False
9002032,10,False
9002033,12,False
9002034,6,False
9002035,5,False
9002036,12,False
9002037,9,False
9002038,14,False
9002039,14,False
9002040,14,False
9002041,10,False
9002042,12,False
9002043,10,False
9002044,12,False
9002045,7,False
9002046,8,False
9002047,12,False
9002048,9,False
9002049,6,False
9002050,6,False
9002051,14,False
9002052,7,False
9002053,10,False
9002054,8,False
9002055,10,False
9002056,10,False
9002057,12,False
9002058,14,False
9002059,9,False
9002060,12,False
9002061,8,False
9002062,12,False
9002063,12,False
9002064,14,False
9002065,12,False
9002066,12,False
9002067,8,False
9002068,14,False
9002069,10,False
9002070,3,False
9002071,10,False
9002072,10,False
9002073,9,False
9002074,7,False
9002075,12,False
9002076,12,False
9002077,14,False
9002078,12,False
9002079,12,False
9002080,12,False
9002081,12,False
9002082,9,False
9002083,10,False
9002084,14,False
9002085,10,False
9002086,8,False
9002087,12,False
9002088,12,False
9002089,10,False
9002090,8,False
9002091,5,False
9002092,8,False
9002093,12,False
9002094,5,False
9002095,14,False
9002096,12,False
9002097,8,False
9002098,10,False
9002099,14,False
9002100,10,False
9002101,12,False
9002102,12,False
9002103,7,False
9002104,12,False
9002105,12,False
9002106,10,False
9002107,12,False
9002108,9,False
9002109,10,False
9002110,10,False
9002111,9,False
9002112,14,False
9002113,8,False
9002114,4,False
9002115,14,False
9002116,12,False
9002117,12,False
9002118,10,False
9002119,12,False
9002120,10,False
9002121,12,False
9002122,10,False
9002123,14,False
9002124,12,False
9002125,12,False
9002126,9,False
9002127,12,False
9002128,12,False
9002129,12,False
9002130,9,False
9002131,12,False
9002132,9,False
9002133,8,False
9002134,12,False
9002135,8,False
9002136,8,False
9002137,14,False
9002138,12,False
9002139,4,False
9002140,9,False
9002141,3,False
9002142,12,False
9002143,12,False
9002144,3,False
9002145,12,False
9002146,12,False
9002147,12,False
9002148,9,False
9002149,12,False
9002150,8,False
9002151,8,False
9002152,8,False
9002153,10,False
9002154,9,False
9002155,10,False
9002156,14,False
9002157,11,False
9002158,14,False
9002159,12,False
9002160,12,False
9002161,10,False
9002162,14,False
9002163,12,False
9002164,7,False
9002165,10,False
9002166,3,False
9002167,3,False
9002168,10,False
9002169,10,False
9002170,9,False
9002171,6,False
9002172,7,False
9002173,9,False
9002174,14,False
9002175,10,False
9002176,8,False
9002177,12,False
9002178,10,False
9002179,10,False
9002180,12,False
9002181,12,False
9002182,8,False
9002183,12,False
9002184,8,False
9002185,8,False
9002186,12,False
9002187,6,False
9002188,7,False
9002189,10,False
9002190,8,False
9002191,14,False
9002192,10,False
9002193,14,False
9002194,6,False
9002195,9,False
9002196,6,False
9002197,12,False
9002198,12,False
9002199,7,False
9002200,12,False
9002201,7,False
9002202,12,False
9002203,8,False
9002204,7,False
9002205,14,False
9002206,12,False
9002207,10,False
9002208,6,False
9002209,10,False
9002210,12,False
9002211,5,False
9002212,9,False
9002213,12,False
9002214,12,False
9002215,10,False
9002216,8,False
9002217,14,False
9002218,12,False
9002219,10,False
9002220,7,False
9002221,12,False
9002222,8,False
9002223,10,False
9002224,12,False
9002225,12,False
9002226,4,False
9002227,10,False
9002228,12,False
9002229,9,False
9002230,8,False
9002231,12,False
9002232,12,False
9002233,8,False
9002234,12,False
9002235,12,False
9002236,7,False
9002237,8,False
9002238,9,False
9002239,6,False
9002240,12,False
9002241,10,False
9002242,9,False
9002243,10,False
9002244,10,False
9002245,8,False
9002246,10,False
9002247,12,False
9002248,10,False
9002249,14,False
9002250,7,False
9002251,14,False
9002252,14,False
9002253,12,False
9002254,12,False
9002255,8,False
9002256,5,False
9002257,12,False
9002258,12,False
9002259,12,False
9002260,8,False
9002261,14,False
9002262,14,False
9002263,12,False
9002264,8,False
9002265,14,False
9002266,10,False
9002267,10,False
9002268,12,False
9002269,4,False
9002270,14,False
9002271,5,False
9002272,8,False
9002273,12,False
9002274,12,False
9002275,10,False
9002276,12,False
9002277,10,False
9002278,9,False
9002279,8,False
9002280,10,False
9002281,10,False
9002282,9,False
9002283,8,False
9002284,12,False
9002285,9,False
9002286,9,False
9002287,10,False
9002288,7,False
9002289,8,False
9002290,5,False
9002291,9,False
9002292,6,False
9002293,10,False
9002294,10,False
9002295,9,False
9002296,12,False
9002297,10,False
9002298,9,False
9002299,12,False
9002300,10,False
9002301,10,False
9002302,11,False
9002303,12,False
9002304,12,False
9002305,8,False
9002306,12,False
9002307,10,False
9002308,10,False
9002309,7,False
9002310,8,False
9002311,10,False
9002312,12,False
9002313,10,False
9002314,10,False
9002315,12,False
9002316,6,False
9002317,8,False
9002318,5,False
9002319,8,False
9002320,10,False
9002321,5,False
9002322,4,False
9002323,10,False
9002324,10,False
9002325,10,False
9002326,8,False
9002327,14,False
9002328,10,False
9002329,10,False
9002330,12,False
9002331,14,False
9002332,6,False
9002333,9,False
9002334,10,False
9002335,8,False
9002336,10,False
9002337,10,False
9002338,12,False
9002339,8,False
9002340,8,False
9002341,8,False
9002342,12,False
9002343,8,False
9002344,10,False
9002345,10,False
9002346,8,False
9002347,8,False
9002348,8,False
9002349,14,False
9002350,8,False
9002351,10,False
9002352,12,False
9002353,12,False
9002354,9,False
9002355,12,False
9002356,14,False
9002357,16,False
9002358,12,False
9002359,5,False
9002360,10,False
9002361,12,False
9002362,3,False
9002363,8,False
9002364,10,False
9002365,8,False
9002366,8,False
9002367,7,False
9002368,12,False
9002369,12,False
9002370,8,False
9002371,10,False
9002372,12,False
9002373,12,False
9002374,12,False
9002375,12,False
9002376,12,False
9002377,10,False
9002378,10,False
9002379,7,False
9002380,8,False
9002381,12,False
9002382,10,False
9002383,10,False
9002384,8,False
9002385,10,False
9002386,10,False
9002387,9,False
9002388,7,False
9002389,9,False
9002390,8,False
9002391,10,False
9002392,9,False
9002393,12,False
9002394,12,False
9002395,12,False
9002396,14,False
9002397,14,False
9002398,8,False
9002399,9,False
9002400,9,False
9002401,14,False
9002402,9,False
9002403,14,False
9002404,14,False
9002405,10,False
9002406,14,False
9002407,10,False
9002408,12,False
9002409,9,False
9002410,8,False
9002411,9,False
9002412,10,False
9002413,14,False
9002414,9,False
9002415,12,False
9002416,6,False
9002417,12,False
9002418,10,False
9002419,12,False
9002420,12,False
9002421,8,False
9002422,12,False
9002423,7,False
9002424,10,False
9002425,8,False
9002426,8,False
9002427,12,False
9002428,10,False
9002429,12,False
9002430,8,False
9002431,10,False
9002432,8,False
9002433,12,False
9002434,8,False
9002435,14,False
9002436,10,False
9002437,12,False
9002438,9,False
9002439,12,False
9002440,9,False
9002441,14,False
9002442,8,False
9002443,12,False
9002444,10,False
9002445,12,False
9002446,12,False
9002447,7,False
9002448,10,False
9002449,10,False
9002450,12,False
9002451,10,False
9002452,9,False
9002453,7,False
9002454,8,False
9002455,12,False
9002456,4,False
9002457,8,False
9002458,14,False
9002459,10,False
9002460,7,False
9002461,12,False
9002462,10,False
9002463,8,False
9002464,12,False
9002465,10,False
9002466,12,False
9002467,9,False
9002468,12,False
9002469,6,False
9002470,12,False
9002471,12,False
9002472,12,False
9002473,5,False
9002474,14,False
9002475,10,False
9002476,12,False
9002477,10,False
9002478,14,False
9002479,6,False
9002480,7,False
9002481,6,False
9002482,6,False
9002483,9,False
9002484,10,False
9002485,9,False
9002486,12,False
9002487,14,False
9002488,12,False
9002489,14,False
9002490,12,False
9002491,10,False
9002492,5,False
9002493,11,False
9002494,12,False
9002495,12,False
9002496,10,False
9002497,9,False
9002498,7,False
9002499,8,False
9002500,10,False
9002501,10,False
9002502,11,False
9002503,12,False
9002504,10,False
9002505,12,False
9002506,12,False
9002507,10,False
9002508,12,False
9002509,8,False
9002510,5,False
9002511,12,False
9002512,10,False
9002513,12,False
9002514,8,False
9002515,8,False
9002516,8,False
9002517,12,False
9002518,10,False
9002519,8,False
9002520,12,False
9002521,8,False
9002522,12,False
9002523,4,False
9002524,14,False
9002525,6,False
9002526,10,False
9002527,12,False
9002528,10,False
9002529,6,False
9002530,9,False
9002531,8,False
9002532,9,False
9002533,12,False
9002534,5,False
9002535,8,False
9002536,12,False
9002537,10,False
9002538,12,False
9002539,12,False
9002540,12,False
9002541,12,False
9002542,10,False
9002543,14,False
9002544,4,False
9002545,10,False
9002546,12,False
9002547,6,False
9002548,8,False
9002549,10,False
9002550,14,False
9002551,12,False
9002552,6,False
9002553,8,False
9002554,12,False
9002555,8,False
9002556,8,False
9002557,12,False
9002558,8,False
9002559,9,False
9002560,12,False
9002561,14,False
9002562,8,False
9002563,9,False
9002564,4,False
9002565,9,False
9002566,8,False
9002567,9,False
9002568,9,False
9002569,9,False
9002570,12,False
9002571,12,False
9002572,14,False
9002573,12,False
9002574,10,False
9002575,6,False
9002576,9,False
9002577,7,False
9002578,14,False
9002579,12,False
9002580,10,False
9002581,12,False
9002582,8,False
9002583,10,False
9002584,5,False
9002585,8,False
9002586,12,False
9002587,10,False
9002588,10,False
9002589,7,False
9002590,10,False
9002591,12,False
9002592,12,False
9002593,8,False
9002594,10,False
9002595,10,False
9002596,12,False
9002597,9,False
9002598,9,False
9002599,3,False
9002600,7,False
9002601,10,False
9002602,10,False
9002603,12,False
9002604,12,False
9002605,9,False
9002606,12,False
9002607,10,False
9002608,10,False
9002609,8,False
9002610,9,False
9002611,8,False
9002612,12,False
9002613,8,False
9002614,12,False
9002615,9,False
9002616,8,False
9002617,12,False
9002618,12,False
9002619,14,False
9002620,10,False
9002621,8,False
9002622,10,False
9002623,10,False
9002624,8,False
9002625,12,False
9002626,9,False
9002627,12,False
9002628,8,False
9002629,12,False
9002630,12,False
9002631,12,False
9002632,8,False
9002633,14,False
9002634,6,False
9002635,10,False
9002636,5,False
9002637,6,False
9002638,9,False
9002639,12,False
9002640,12,False
9002641,12,False
9002642,14,False
9002643,12,False
9002644,9,False
9002645,8,False
9002646,4,False
9002647,6,False
9002648,7,False
9002649,6,False
9002650,9,False
9002651,9,False
9002652,8,False
9002653,12,False
9002654,8,False
9002655,9,False
9002656,12,False
9002657,10,False
9002658,7,False
9002659,12,False
9002660,8,False
9002661,11,False
9002662,10,False
9002663,10,False
9002664,9,False
9002665,10,False
9002666,12,False
9002667,12,False
9002668,11,False
9002669,12,False
9002670,12,False
9002671,10,False
9002672,12,False
9002673,10,False
9002674,9,False
9002675,12,False
9002676,12,False
9002677,8,False
9002678,10,False
9002679,4,False
9002680,7,False
9002681,12,False
9002682,8,False
9002683,14,False
9002684,14,False
9002685,8,False
9002686,8,False
9002687,12,False
9002688,12,False
9002689,8,False
9002690,14,False
9002691,8,False
9002692,10,False
9002693,8,False
9002694,10,False
9002695,9,False
9002696,12,False
9002697,8,False
9002698,14,False
9002699,5,False
9002700,10,False
9002701,12,False
9002702,8,False
9002703,12,False
9002704,10,False
9002705,8,False
9002706,7,False
9002707,6,False
9002708,14,False
9002709,12,False
9002710,12,False
9002711,8,False
9002712,12,False
9002713,9,False
9002714,9,False
9002715,10,False
9002716,10,False
9002717,10,False
9002718,12,False
9002719,8,False
9002720,12,False
9002721,9,False
9002722,12,False
9002723,8,False
9002724,12,False
9002725,10,False
9002726,8,False
9002727,10,False
9002728,10,False
9002729,10,False
9002730,12,False
9002731,12,False
9002732,10,False
9002733,10,False
9002734,14,False
9002735,10,False
9002736,7,False
9002737,9,False
9002738,14,False
9002739,10,False
9002740,12,False
9002741,10,False
9002742,9,False
9002743,9,False
9002744,8,False
9002745,7,False
9002746,12,False
9002747,10,False
9002748,7,False
9002749,10,False
9002750,10,False
9002751,12,False
9002752,7,False
9002753,12,False
9002754,9,False
9002755,12,False
9002756,14,False
9002757,7,False
9002758,10,False
9002759,9,False
9002760,12,False
9002761,8,False
9002762,10,False
9002763,12,False
9002764,12,False
9002765,3,False
9002766,8,False
9002767,12,False
9002768,6,False
9002769,16,False
9002770,12,False
9002771,8,False
9002772,8,False
9002773,9,False
9002774,12,False
9002775,14,False
9002776,6,False
9002777,3,False
9002778,14,False
9002779,12,False
9002780,10,False
9002781,12,False
9002782,14,False
9002783,14,False
9002784,7,False
9002785,12,False
9002786,10,False
9002787,6,False
9002788,7,False
9002789,8,False
9002790,12,False
9002791,12,False
9002792,12,False
9002793,12,False
9002794,10,False
9002795,8,False
9002796,12,False
9002797,9,False
9002798,8,False
9002799,14,False
9002800,8,False
9002801,7,False
9002802,9,False
9002803,12,False
9002804,12,False
9002805,8,False
9002806,12,False
9002807,9,False
9002808,12,False
9002809,4,False
9002810,10,False
9002811,12,False
9002812,8,False
9002813,8,False
9002814,9,False
9002815,12,False
9002816,12,False
9002817,9,False
9002818,12,False
9002819,10,False
9002820,12,False
9002821,10,False
9002822,14,False
9002823,12,False
9002824,14,False
9002825,14,False
9002826,10,False
9002827,7,False
9002828,9,False
9002829,5,False
9002830,6,False
9002831,14,False
9002832,12,False
9002833,10,False
9002834,9,False
9002835,12,False
9002836,12,False
9002837,10,False
9002838,2,False
9002839,7,False
9002840,12,False
9002841,8,False
9002842,14,False
9002843,12,False
9002844,7,False
9002845,12,False
9002846,7,False
9002847,10,False
9002848,10,False
9002849,14,False
9002850,12,False
9002851,12,False
9002852,10,False
9002853,12,False
9002854,12,False
9002855,7,False
9002856,10,False
9002857,9,False
9002858,10,False
9002859,12,False
9002860,10,False
9002861,14,False
9002862,7,False
9002863,8,False
9002864,12,False
9002865,12,False
9002866,7,False
9002867,9,False
9002868,6,False
9002869,10,False
9002870,9,False
9002871,12,False
9002872,12,False
9002873,12,False
9002874,10,False
9002875,14,False
9002876,12,False
9002877,14,False
9002878,12,False
9002879,12,False
9002880,12,False
9002881,10,False
9002882,10,False
9002883,12,False
9002884,14,False
9002885,12,False
9002886,12,False
9002887,8,False
9002888,12,False
9002889,8,False
9002890,10,False
9002891,6,False
9002892,8,False
9002893,9,False
9002894,12,False
9002895,12,False
9002896,12,False
9002897,8,False
9002898,9,False
9002899,9,False
9002900,10,False
9002901,10,False
9002902,10,False
9002903,10,False
9002904,10,False
9002905,12,False
9002906,12,False
9002907,12,False
9002908,9,False
9002909,10,False
9002910,14,False
9002911,9,False
9002912,10,False
9002913,12,False
9002914,9,False
9002915,12,False
9002916,9,False
9002917,10,False
9002918,12,False
9002919,12,False
9002920,14,False
9002921,12,False
9002922,9,False
9002923,6,False
9002924,9,False
9002925,9,False
9002926,12,False
9002927,8,False
9002928,12,False
9002929,12,False
9002930,12,False
9002931,11,False
9002932,6,False
9002933,10,False
9002934,12,False
9002935,12,False
9002936,12,False
9002937,8,False
9002938,12,False
9002939,10,False
9002940,8,False
9002941,8,False
9002942,3,False
9002943,9,False
9002944,10,False
9002945,6,False
9002946,4,False
9002947,12,False
9002948,12,False
9002949,12,False
9002950,12,False
9002951,9,False
9002952,7,False
9002953,10,False
9002954,12,False
9002955,6,False
9002956,14,False
9002957,14,False
9002958,12,False
9002959,12,False
9002960,8,False
9002961,10,False
9002962,10,False
9002963,7,False
9002964,12,False
9002965,12,False
9002966,9,False
9002967,8,False
9002968,4,False
9002969,14,False
9002970,10,False
9002971,8,False
9002972,5,False
9002973,8,False
9002974,10,False
9002975,10,False
9002976,12,False
9002977,10,False
9002978,12,False
9002979,8,False
9002980,12,False
9002981,12,False
9002982,8,False
9002983,12,False
9002984,6,False
9002985,8,False
9002986,10,False
9002987,8,False
9002988,10,False
9002989,6,False
9002990,7,False
9002991,8,False
9002992,7,False
9002993,7,False
9002994,8,False
9002995,12,False
9002996,9,False
9002997,14,False
9002998,9,False
9002999,8,False
9003000,10,False
9003001,8,False
9003002,12,False
9003003,8,False
9003004,8,False
9003005,12,False
9003006,4,False
9003007,7,False
9003008,10,False
9003009,6,False
9003010,10,False
9003011,9,False
9003012,8,False
9003013,8,False
9003014,8,False
9003015,10,False
9003016,12,False
9003017,4,False
9003018,12,False
9003019,10,False
9003020,9,False
9003021,7,False
9003022,6,False
9003023,6,False
9003024,9,False
9003025,12,False
9003026,12,False
9003027,7,False
9003028,10,False
9003029,12,False
9003030,12,False
9003031,7,False
9003032,8,False
9003033,10,False
9003034,9,False
9003035,14,False
9003036,12,False
9003037,8,False
9003038,9,False
9003039,10,False
9003040,10,False
9003041,10,False
9003042,9,False
9003043,8,False
9003044,12,False
9003045,8,False
9003046,8,False
9003047,5,False
9003048,14,False
9003049,10,False
9003050,10,False
9003051,12,False
9003052,10,False
9003053,10,False
9003054,14,False
9003055,10,False
9003056,14,False
9003057,10,False
9003058,12,False
9003059,7,False
9003060,10,False
9003061,8,False
9003062,12,False
9003063,10,False
9003064,12,False
9003065,12,False
9003066,10,False
9003067,9,False
9003068,8,False
9003069,7,False
9003070,10,False
9003071,12,False
9003072,9,False
9003073,10,False
9003074,8,False
9003075,7,False
9003076,10,False
9003077,10,False
9003078,9,False
9003079,9,False
9003080,10,False
9003081,12,False
9003082,12,False
9003083,9,False
9003084,10,False
9003085,8,False
9003086,7,False
9003087,6,False
9003088,8,False
9003089,10,False
9003090,9,False
9003091,10,False
9003092,12,False
9003093,14,False
9003094,14,False
9003095,7,False
9003096,9,False
9003097,5,False
9003098,12,False
9003099,8,False
9003100,12,False
9003101,10,False
9003102,10,False
9003103,10,False
9003104,12,False
9003105,12,False
9003106,12,False
9003107,7,False
9003108,7,False
9003109,14,False
9003110,5,False
9003111,9,False
9003112,10,False
9003113,12,False
9003114,7,False
9003115,12,False
9003116,12,False
9003117,6,False
9003118,12,False
9003119,12,False
9003120,7,False
9003121,12,False
9003122,14,False
9003123,12,False
9003124,7,False
9003125,8,False
9003126,8,False
9003127,12,False
9003128,9,False
9003129,8,False
9003130,12,False
9003131,12,False
9003132,8,False
9003133,12,False
9003134,12,False
9003135,8,False
9003136,14,False
9003137,10,False
9003138,12,False
9003139,10,False
9003140,12,False
9003141,14,False
9003142,10,False
9003143,12,False
9003144,9,False
9003145,4,False
9003146,10,False
9003147,6,False
9003148,5,False
9003149,7,False
9003150,12,False
9003151,8,False
9003152,12,False
9003153,10,False
9003154,8,False
9003155,6,False
9003156,7,False
9003157,9,False
9003158,9,False
9003159,10,False
9003160,14,False
9003161,10,False
9003162,6,False
9003163,8,False
9003164,10,False
9003165,10,False
9003166,12,False
9003167,6,False
9003168,12,False
9003169,10,False
9003170,10,False
9003171,5,False
9003172,12,False
9003173,12,False
9003174,10,False
9003175,10,False
9003176,6,False
9003177,10,False
9003178,6,False
9003179,12,False
9003180,8,False
9003181,12,False
9003182,10,False
9003183,12,False
9003184,10,False
9003185,12,False
9003186,10,False
9003187,10,False
9003188,12,False
9003189,4,False
9003190,12,False
9003191,12,False
9003192,8,False
9003193,12,False
9003194,12,False
9003195,12,False
9003196,7,False
9003197,7,False
9003198,10,False
9003199,14,False
9003200,12,False
9003201,7,False
9003202,8,False
9003203,8,False
9003204,12,False
9003205,12,False
9003206,14,False
9003207,10,False
9003208,5,False
9003209,6,False
9003210,12,False
9003211,12,False
9003212,12,False
9003213,12,False
9003214,12,False
9003215,12,False
9003216,6,False
9003217,12,False
9003218,12,False
9003219,10,False
9003220,12,False
9003221,12,False
9003222,8,False
9003223,12,False
9003224,12,False
9003225,12,False
9003226,11,False
9003227,9,False
9003228,10,False
9003229,8,False
9003230,12,False
9003231,6,False
9003232,10,False
9003233,9,False
9003234,10,False
9003235,7,False
9003236,8,False
9003237,7,False
9003238,9,False
9003239,10,False
9003240,9,False
9003241,10,False
9003242,10,False
9003243,10,False
9003244,7,False
9003245,9,False
9003246,14,False
9003247,12,False
9003248,9,False
9003249,7,False
9003250,10,False
9003251,12,False
9003252,10,False
9003253,12,False
9003254,10,False
9003255,7,False
9003256,6,False
9003257,12,False
9003258,14,False
9003259,14,False
9003260,10,False
9003261,10,False
9003262,12,False
9003263,10,False
9003264,8,False
9003265,10,False
9003266,8,False
9003267,8,False
9003268,6,False
9003269,6,False
9003270,10,False
9003271,14,False
9003272,10,False
9003273,10,False
9003274,10,False
9003275,14,False
9003276,12,False
9003277,12,False
9003278,12,False
9003279,8,False
9003280,6,False
9003281,8,False
9003282,10,False
9003283,12,False
9003284,10,False
9003285,8,False
9003286,8,False
9003287,12,False
9003288,12,False
9003289,8,False
9003290,10,False
9003291,10,False
9003292,8,False
9003293,7,False
9003294,10,False
9003295,8,False
9003296,8,False
9003297,12,False
9003298,9,False
9003299,10,False
9003300,10,False
9003301,10,False
9003302,8,False
9003303,12,False
9003304,10,False
9003305,7,False
9003306,12,False
9003307,8,False
9003308,10,False
9003309,16,False
9003310,10,False
9003311,10,False
9003312,12,False
9003313,10,False
9003314,12,False
9003315,8,False
9003316,10,False
9003317,12,False
9003318,9,False
9003319,8,False
9003320,10,False
9003321,6,False
9003322,10,False
9003323,12,False
9003324,12,False
9003325,10,False
9003326,12,False
9003327,14,False
9003328,12,False
9003329,12,False
9003330,6,False
9003331,12,False
9003332,5,False
9003333,5,False
9003334,8,False
9003335,12,False
9003336,12,False
9003337,12,False
9003338,7,False
9003339,14,False
9003340,12,False
9003341,14,False
9003342,10,False
9003343,8,False
9003344,12,False
9003345,14,False
9003346,8,False
9003347,10,False
9003348,12,False
9003349,9,False
9003350,10,False
9003351,10,False
9003352,12,False
9003353,7,False
9003354,10,False
9003355,12,False
9003356,14,False
9003357,8,False
9003358,8,False
9003359,12,False
9003360,14,False
9003361,10,False
9003362,8,False
9003363,8,False
9003364,8,False
9003365,12,False
9003366,10,False
9003367,8,False
9003368,4,False
9003369,8,False
9003370,10,False
9003371,8,False
9003372,10,False
9003373,10,False
9003374,14,False
9003375,10,False
9003376,12,False
9003377,10,False
9003378,6,False
9003379,7,False
9003380,8,False
9003381,10,False
9003382,10,False
9003383,8,False
9003384,10,False
9003385,7,False
9003386,9,False
9003387,10,False
9003388,11,False
9003389,12,False
9003390,12,False
9003391,12,False
9003392,12,False
9003393,12,False
9003394,14,False
9003395,12,False
9003396,6,False
9003397,8,False
9003398,5,False
9003399,9,False
9003400,10,False
9003401,6,False
9003402,12,False
9003403,10,False
9003404,10,False
9003405,12,False
9003406,8,False
9003407,10,False
9003408,6,False
9003409,6,False
9003410,6,False
9003411,8,False
9003412,12,False
9003413,9,False
9003414,10,False
9003415,12,False
9003416,6,False
9003417,8,False
9003418,10,False
9003419,12,False
9003420,12,False
9003421,12,False
9003422,12,False
9003423,10,False
9003424,7,False
9003425,9,False
9003426,14,False
9003427,8,False
9003428,14,False
9003429,8,False
9003430,12,False
9003431,9,False
9003432,12,False
9003433,8,False
9003434,14,False
9003435,6,False
9003436,14,False
9003437,6,False
9003438,16,False
9003439,9,False
9003440,12,False
9003441,12,False
9003442,10,False
9003443,12,False
9003444,10,False
9003445,12,False
9003446,12,False
9003447,11,False
9003448,14,False
9003449,12,False
9003450,7,False
9003451,14,False
9003452,12,False
9003453,14,False
9003454,10,False
9003455,10,False
9003456,10,False
9003457,7,False
9003458,10,False
9003459,10,False
9003460,12,False
9003461,8,False
9003462,12,False
9003463,12,False
9003464,6,False
9003465,12,False
9003466,12,False
9003467,12,False
9003468,9,False
9003469,8,False
9003470,12,False
9003471,10,False
9003472,14,False
9003473,10,False
9003474,12,False
9003475,12,False
9003476,8,False
9003477,10,False
9003478,9,False
9003479,9,False
9003480,12,False
9003481,10,False
9003482,8,False
9003483,12,False
9003484,12,False
9003485,14,False
9003486,12,False
9003487,12,False
9003488,10,False
9003489,7,False
9003490,11,False
9003491,16,False
9003492,12,False
9003493,12,False
9003494,10,False
9003495,10,False
9003496,12,False
9003497,14,False
9003498,8,False
9003499,7,False
9003500,12,False
9003501,8,False
9003502,14,False
9003503,8,False
9003504,10,False
9003505,4,False
9003506,10,False
9003507,12,False
9003508,10,False
9003509,10,False
9003510,4,False
9003511,8,False
9003512,8,False
9003513,12,False
9003514,9,False
9003515,6,False
9003516,7,False
9003517,10,False
9003518,6,False
9003519,10,False
9003520,12,False
9003521,12,False
9003522,7,False
9003523,12,False
9003524,9,False
9003525,12,False
9003526,10,False
9003527,9,False
9003528,12,False
9003529,5,False
9003530,8,False
9003531,14,False
9003532,9,False
9003533,14,False
9003534,9,False
9003535,14,False
9003536,10,False
9003537,10,False
9003538,7,False
9003539,8,False
9003540,8,False
9003541,10,False
9003542,10,False
9003543,8,False
9003544,14,False
9003545,8,False
9003546,12,False
9003547,7,False
9003548,10,False
9003549,12,False
9003550,6,False
9003551,9,False
9003552,9,False
9003553,10,False
9003554,14,False
9003555,12,False
9003556,9,False
9003557,6,False
9003558,9,False
9003559,4,False
9003560,12,False
9003561,8,False
9003562,9,False
9003563,7,False
9003564,8,False
9003565,12,False
9003566,10,False
9003567,14,False
9003568,12,False
9003569,14,False
9003570,8,False
9003571,8,False
9003572,10,False
9003573,11,False
9003574,6,False
9003575,7,False
9003576,9,False
9003577,10,False
9003578,11,False
9003579,12,False
9003580,10,False
9003581,10,False
9003582,12,False
9003583,10,False
9003584,12,False
9003585,12,False
9003586,8,False
9003587,12,False
9003588,12,False
9003589,10,False
9003590,12,False
9003591,12,False
9003592,12,False
9003593,8,False
9003594,8,False
9003595,10,False
9003596,10,False
9003597,6,False
9003598,10,False
9003599,10,False
9003600,7,False
9003601,14,False
9003602,12,False
9003603,8,False
9003604,12,False
9003605,12,False
9003606,12,False
9003607,9,False
9003608,12,False
9003609,14,False
9003610,8,False
9003611,12,False
9003612,12,False
9003613,8,False
9003614,14,False
9003615,10,False
9003616,9,False
9003617,9,False
9003618,12,False
9003619,14,False
9003620,4,False
9003621,7,False
9003622,10,False
9003623,14,False
9003624,10,False
9003625,14,False
9003626,7,False
9003627,10,False
9003628,5,False
9003629,10,False
9003630,3,False
9003631,7,False
9003632,12,False
9003633,12,False
9003634,12,False
9003635,10,False
9003636,7,False
9003637,10,False
9003638,11,False
9003639,7,False
9003640,12,False
9003641,12,False
9003642,9,False
9003643,12,False
9003644,12,False
9003645,8,False
9003646,12,False
9003647,9,False
9003648,11,False
9003649,12,False
9003650,12,False
9003651,10,False
9003652,12,False
9003653,12,False
9003654,6,False
9003655,10,False
9003656,12,False
9003657,9,False
9003658,12,False
9003659,9,False
9003660,10,False
9003661,6,False
9003662,10,False
9003663,8,False
9003664,8,False
9003665,10,False
9003666,12,False
9003667,8,False
9003668,12,False
9003669,8,False
9003670,9,False
9003671,6,False
9003672,10,False
9003673,7,False
9003674,6,False
9003675,9,False
9003676,10,False
9003677,12,False
9003678,12,False
9003679,8,False
9003680,10,False
9003681,12,False
9003682,7,False
9003683,6,False
9003684,8,False
9003685,14,False
9003686,7,False
9003687,14,False
9003688,10,False
9003689,12,False
9003690,12,False
9003691,5,False
9003692,10,False
9003693,10,False
9003694,8,False
9003695,7,False
9003696,12,False
9003697,10,False
9003698,8,False
9003699,10,False
9003700,10,False
9003701,7,False
9003702,9,False
9003703,6,False
9003704,12,False
9003705,7,False
9003706,10,False
9003707,12,False
9003708,14,False
9003709,2,False
9003710,12,False
9003711,12,False
9003712,12,False
9003713,14,False
9003714,14,False
9003715,8,False
9003716,10,False
9003717,8,False
9003718,7,False
9003719,10,False
9003720,10,False
9003721,7,False
9003722,9,False
9003723,10,False
9003724,12,False
9003725,10,False
9003726,12,False
9003727,8,False
9003728,10,False
9003729,10,False
9003730,12,False
9003731,10,False
9003732,10,False
9003733,7,False
9003734,9,False
9003735,10,False
9003736,8,False
9003737,10,False
9003738,12,False
9003739,9,False
9003740,10,False
9003741,8,False
9003742,10,False
9003743,10,False
9003744,14,False
9003745,12,False
9003746,9,False
9003747,4,False
9003748,9,False
9003749,10,False
9003750,1,False
9003751,12,False
9003752,8,False
9003753,10,False
9003754,10,False
9003755,11,False
9003756,10,False
9003757,12,False
9003758,11,False
9003759,11,False
9003760,10,False
9003761,9,False
9003762,12,False
9003763,9,False
9003764,10,False
9003765,12,False
9003766,9,False
9003767,9,False
9003768,8,False
9003769,10,False
9003770,12,False
9003771,12,False
9003772,6,False
9003773,12,False
9003774,12,False
9003775,8,False
9003776,7,False
9003777,12,False
9003778,12,False
9003779,10,False
9003780,12,False
9003781,10,False
9003782,7,False
9003783,9,False
9003784,12,False
9003785,9,False
9003786,10,False
9003787,6,False
9003788,5,False
9003789,8,False
9003790,12,False
9003791,8,False
9003792,10,False
9003793,12,False
9003794,10,False
9003795,9,False
9003796,12,False
9003797,8,False
9003798,12,False
9003799,10,False
9003800,10,False
9003801,12,False
9003802,12,False
9003803,12,False
9003804,8,False
9003805,14,False
9003806,10,False
9003807,9,False
9003808,11,False
9003809,12,False
9003810,8,False
9003811,10,False
9003812,7,False
9003813,12,False
9003814,10,False
9003815,12,False
9003816,12,False
9003817,12,False
9003818,12,False
9003819,12,False
9003820,7,False
9003821,12,False
9003822,10,False
9003823,3,False
9003824,8,False
9003825,12,False
9003826,12,False
9003827,14,False
9003828,10,False
9003829,12,False
9003830,10,False
9003831,14,False
9003832,12,False
9003833,12,False
9003834,12,False
9003835,12,False
9003836,10,False
9003837,12,False
9003838,12,False
9003839,12,False
9003840,10,False
9003841,8,False
9003842,10,False
9003843,12,False
9003844,7,False
9003845,8,False
9003846,12,False
9003847,10,False
9003848,16,False
9003849,10,False
9003850,8,False
9003851,8,False
9003852,12,False
9003853,10,False
9003854,7,False
9003855,6,False
9003856,9,False
9003857,10,False
9003858,8,False
9003859,2,False
9003860,12,False
9003861,8,False
9003862,10,False
9003863,12,False
9003864,9,False
9003865,12,False
9003866,8,False
9003867,8,False
9003868,9,False
9003869,10,False
9003870,10,False
9003871,10,False
9003872,8,False
9003873,14,False
9003874,10,False
9003875,6,False
9003876,8,False
9003877,8,False
9003878,8,False
9003879,11,False
9003880,10,False
9003881,14,False
9003882,12,False
9003883,7,False
9003884,10,False
9003885,10,False
9003886,9,False
9003887,12,False
9003888,10,False
9003889,12,False
9003890,8,False
9003891,12,False
9003892,14,False
9003893,8,False
9003894,12,False
9003895,10,False
9003896,10,False
9003897,10,False
9003898,10,False
9003899,8,False
9003900,8,False
9003901,12,False
9003902,8,False
9003903,8,False
9003904,8,False
9003905,10,False
9003906,8,False
9003907,10,False
9003908,8,False
9003909,5,False
9003910,10,False
9003911,8,False
9003912,14,False
9003913,3,False
9003914,6,False
9003915,10,False
9003916,14,False
9003917,12,False
9003918,12,False
9003919,14,False
9003920,8,False
9003921,10,False
9003922,12,False
9003923,10,False
9003924,12,False
9003925,8,False
9003926,12,False
9003927,9,False
9003928,14,False
9003929,12,False
9003930,12,False
9003931,8,False
9003932,8,False
9003933,8,False
9003934,12,False
9003935,12,False
9003936,10,False
9003937,3,False
9003938,7,False
9003939,12,False
9003940,4,False
9003941,8,False
9003942,10,False
9003943,12,False
9003944,12,False
9003945,9,False
9003946,10,False
9003947,8,False
9003948,12,False
9003949,12,False
9003950,10,False
9003951,10,False
9003952,10,False
9003953,12,False
9003954,10,False
9003955,6,False
9003956,5,False
9003957,10,False
9003958,12,False
9003959,12,False
9003960,10,False
9003961,9,False
9003962,6,False
9003963,12,False
9003964,8,False
9003965,12,False
9003966,12,False
9003967,12,False
9003968,10,False
9003969,5,False
9003970,12,False
9003971,10,False
9003972,12,False
9003973,12,False
9003974,12,False
9003975,10,False
9003976,9,False
9003977,8,False
9003978,6,False
9003979,12,False
9003980,14,False
9003981,10,False
9003982,5,False
9003983,6,False
9003984,8,False
9003985,10,False
9003986,12,False
9003987,12,False
9003988,12,False
9003989,12,False
9003990,9,False
9003991,10,False
9003992,12,False
9003993,12,False
9003994,10,False
9003995,8,False
9003996,8,False
9003997,8,False
9003998,9,False
9003999,8,False
9004000,14,False
9004001,10,False
9004002,12,False
9004003,12,False
9004004,12,False
9004005,7,False
9004006,4,False
9004007,10,False
9004008,14,False
9004009,8,False
9004010,9,False
9004011,6,False
9004012,9,False
9004013,10,False
9004014,10,False
9004015,12,False
9004016,10,False
9004017,10,False
9004018,12,False
9004019,10,False
9004020,8,False
9004021,10,False
9004022,6,False
9004023,12,False
9004024,8,False
9004025,10,False
9004026,12,False
9004027,12,False
9004028,12,False
9004029,9,False
9004030,6,False
9004031,12,False
9004032,10,False
9004033,14,False
9004034,8,False
9004035,8,False
9004036,9,False
9004037,12,False
9004038,9,False
9004039,12,False
9004040,12,False
9004041,14,False
9004042,8,False
9004043,10,False
9004044,9,False
9004045,14,False
9004046,3,False
9004047,9,False
9004048,10,False
9004049,10,False
9004050,5,False
9004051,8,False
9004052,10,False
9004053,8,False
9004054,8,False
9004055,6,False
9004056,12,False
9004057,2,False
9004058,9,False
9004059,9,False
9004060,12,False
9004061,7,False
9004062,8,False
9004063,12,False
9004064,10,False
9004065,9,False
9004066,7,False
9004067,12,False
9004068,12,False
9004069,8,False
9004070,8,False
9004071,12,False
9004072,12,False
9004073,12,False
9004074,12,False
9004075,8,False
9004076,12,False
9004077,12,False
9004078,12,False
9004079,10,False
9004080,8,False
9004081,12,False
9004082,12,False
9004083,7,False
9004084,12,False
9004085,8,False
9004086,12,False
9004087,12,False
9004088,9,False
9004089,8,False
9004090,12,False
9004091,10,False
9004092,12,False
9004093,8,False
9004094,12,False
9004095,12,False
9004096,9,False
9004097,9,False
9004098,7,False
9004099,12,False
9004100,8,False
9004101,12,False
9004102,10,False
9004103,12,False
9004104,10,False
9004105,10,False
9004106,9,False
9004107,12,False
9004108,10,False
9004109,9,False
9004110,10,False
9004111,7,False
9004112,7,False
9004113,12,False
9004114,12,False
9004115,9,False
9004116,11,False
9004117,12,False
9004118,6,False
9004119,8,False
9004120,8,False
9004121,8,False
9004122,6,False
9004123,12,False
9004124,9,False
9004125,4,False
9004126,14,False
9004127,12,False
9004128,7,False
9004129,14,False
9004130,9,False
9004131,12,False
9004132,7,False
9004133,10,False
9004134,10,False
9004135,8,False
9004136,5,False
9004137,10,False
9004138,12,False
9004139,10,False
9004140,8,False
9004141,6,False
9004142,7,False
9004143,7,False
9004144,8,False
9004145,12,False
9004146,10,False
9004147,10,False
9004148,9,False
9004149,10,False
9004150,12,False
9004151,6,False
9004152,8,False
9004153,12,False
9004154,12,False
9004155,12,False
9004156,12,False
9004157,6,False
9004158,10,False
9004159,10,False
9004160,14,False
9004161,8,False
9004162,11,False
9004163,7,False
9004164,12,False
9004165,14,False
9004166,12,False
9004167,10,False
9004168,10,False
9004169,12,False
9004170,6,False
9004171,14,False
9004172,10,False
9004173,12,False
9004174,10,False
9004175,10,False
9004176,10,False
9004177,8,False
9004178,5,False
9004179,9,False
9004180,9,False
9004181,10,False
9004182,4,False
9004183,14,False
9004184,5,False
9004185,4,False
9004186,12,False
9004187,4,False
9004188,8,False
9004189,5,False
9004190,14,False
9004191,10,False
9004192,10,False
9004193,6,False
9004194,14,False
9004195,9,False
9004196,12,False
9004197,8,False
9004198,8,False
9004199,14,False
9004200,9,False
9004201,10,False
9004202,12,False
9004203,9,False
9004204,11,False
9004205,8,False
9004206,7,False
9004207,8,False
9004208,12,False
9004209,10,False
9004210,7,False
9004211,12,False
9004212,10,False
9004213,12,False
9004214,11,False
9004215,9,False
9004216,9,False
9004217,11,False
9004218,14,False
9004219,7,False
9004220,10,False
9004221,9,False
9004222,8,False
9004223,9,False
9004224,10,False
9004225,12,False
9004226,9,False
9004227,8,False
9004228,10,False
9004229,12,False
9004230,8,False
9004231,10,False
9004232,10,False
9004233,7,False
9004234,6,False
9004235,12,False
9004236,14,False
9004237,12,False
9004238,10,False
9004239,9,False
9004240,6,False
9004241,7,False
9004242,10,False
9004243,10,False
9004244,10,False
9004245,10,False
9004246,8,False
9004247,8,False
9004248,6,False
9004249,8,False
9004250,10,False
9004251,12,False
9004252,7,False
9004253,12,False
9004254,6,False
9004255,10,False
9004256,12,False
9004257,10,False
9004258,10,False
9004259,6,False
9004260,10,False
9004261,12,False
9004262,9,False
9004263,8,False
9004264,12,False
9004265,10,False
9004266,14,False
9004267,7,False
9004268,10,False
9004269,14,False
9004270,10,False
9004271,10,False
9004272,14,False
9004273,10,False
9004274,12,False
9004275,10,False
9004276,12,False
9004277,12,False
9004278,5,False
9004279,6,False
9004280,7,False
9004281,8,False
9004282,14,False
9004283,12,False
9004284,10,False
9004285,14,False
9004286,12,False
9004287,14,False
9004288,8,False
9004289,10,False
9004290,12,False
9004291,14,False
9004292,12,False
9004293,7,False
9004294,8,False
9004295,12,False
9004296,12,False
9004297,12,False
9004298,12,False
9004299,10,False
9004300,10,False
9004301,9,False
9004302,9,False
9004303,12,False
9004304,9,False
9004305,6,False
9004306,10,False
9004307,12,False
9004308,10,False
9004309,12,False
9004310,12,False
9004311,12,False
9004312,8,False
9004313,7,False
9004314,14,False
9004315,12,False
9004316,12,False
9004317,10,False
9004318,8,False
9004319,12,False
9004320,10,False
9004321,6,False
9004322,9,False
9004323,6,False
9004324,8,False
9004325,10,False
9004326,10,False
9004327,4,False
9004328,7,False
9004329,12,False
9004330,12,False
9004331,7,False
9004332,6,False
9004333,5,False
9004334,12,False
9004335,12,False
9004336,10,False
9004337,12,False
9004338,12,False
9004339,10,False
9004340,8,False
9004341,11,False
9004342,12,False
9004343,14,False
9004344,6,False
9004345,12,False
9004346,10,False
9004347,7,False
9004348,8,False
9004349,8,False
9004350,12,False
9004351,10,False
9004352,12,False
9004353,10,False
9004354,10,False
9004355,9,False
9004356,9,False
9004357,12,False
9004358,12,False
9004359,7,False
9004360,7,False
9004361,4,False
9004362,12,False
9004363,10,False
9004364,9,False
9004365,6,False
9004366,5,False
9004367,12,False
9004368,12,False
9004369,5,False
9004370,10,False
9004371,10,False
9004372,9,False
9004373,9,False
9004374,6,False
9004375,12,False
9004376,12,False
9004377,9,False
9004378,9,False
9004379,6,False
9004380,8,False
9004381,14,False
9004382,9,False
9004383,10,False
9004384,10,False
9004385,7,False
9004386,12,False
9004387,9,False
9004388,6,False
9004389,7,False
9004390,9,False
9004391,12,False
9004392,12,False
9004393,12,False
9004394,10,False
9004395,12,False
9004396,4,False
9004397,7,False
9004398,12,False
9004399,12,False
9004400,12,False
9004401,12,False
9004402,8,False
9004403,12,False
9004404,8,False
9004405,9,False
9004406,10,False
9004407,5,False
9004408,10,False
9004409,12,False
9004410,7,False
9004411,10,False
9004412,9,False
9004413,6,False
9004414,7,False
9004415,12,False
9004416,10,False
9004417,7,False
9004418,10,False
9004419,10,False
9004420,8,False
9004421,12,False
9004422,10,False
9004423,9,False
9004424,12,False
9004425,14,False
9004426,12,False
9004427,4,False
9004428,10,False
9004429,12,False
9004430,9,False
9004431,11,False
9004432,10,False
9004433,10,False
9004434,10,False
9004435,12,False
9004436,7,False
9004437,8,False
9004438,8,False
9004439,10,False
9004440,10,False
9004441,10,False
9004442,14,False
9004443,6,False
9004444,14,False
9004445,10,False
9004446,10,False
9004447,10,False
9004448,9,False
9004449,6,False
9004450,12,False
9004451,8,False
9004452,12,False
9004453,12,False
9004454,12,False
9004455,8,False
9004456,10,False
9004457,8,False
9004458,7,False
9004459,8,False
9004460,10,False
9004461,6,False
9004462,7,False
9004463,12,False
9004464,10,False
9004465,7,False
9004466,12,False
9004467,10,False
9004468,12,False
9004469,12,False
9004470,10,False
9004471,14,False
9004472,12,False
9004473,10,False
9004474,7,False
9004475,10,False
9004476,8,False
9004477,12,False
9004478,12,False
9004479,8,False
9004480,12,False
9004481,8,False
9004482,12,False
9004483,4,False
9004484,12,False
9004485,4,False
9004486,8,False
9004487,10,False
9004488,9,False
9004489,8,False
9004490,14,False
9004491,12,False
9004492,12,False
9004493,14,False
9004494,8,False
9004495,12,False
9004496,12,False
9004497,6,False
9004498,10,False
9004499,6,False
9004500,12,False
9004501,8,False
9004502,12,False
9004503,10,False
9004504,12,False
9004505,10,False
9004506,10,False
9004507,12,False
9004508,9,False
9004509,12,False
9004510,6,False
9004511,10,False
9004512,12,False
9004513,9,False
9004514,5,False
9004515,8,False
9004516,14,False
9004517,14,False
9004518,8,False
9004519,12,False
9004520,6,False
9004521,10,False
9004522,8,False
9004523,12,False
9004524,9,False
9004525,12,False
9004526,12,False
9004527,9,False
9004528,12,False
9004529,10,False
9004530,14,False
9004531,6,False
9004532,14,False
9004533,10,False
9004534,8,False
9004535,4,False
9004536,12,False
9004537,14,False
9004538,10,False
9004539,8,False
9004540,12,False
9004541,8,False
9004542,9,False
9004543,12,False
9004544,8,False
9004545,8,False
9004546,12,False
9004547,12,False
9004548,12,False
9004549,10,False
9004550,10,False
9004551,12,False
9004552,10,False
9004553,7,False
9004554,3,False
9004555,12,False
9004556,12,False
9004557,4,False
9004558,7,False
9004559,10,False
9004560,14,False
9004561,12,False
9004562,12,False
9004563,12,False
9004564,8,False
9004565,14,False
9004566,10,False
9004567,7,False
9004568,8,False
9004569,14,False
9004570,12,False
9004571,14,False
9004572,12,False
9004573,12,False
9004574,10,False
9004575,12,False
9004576,14,False
9004577,6,False
9004578,5,False
9004579,8,False
9004580,10,False
9004581,12,False
9004582,12,False
9004583,8,False
9004584,14,False
9004585,4,False
9004586,10,False
9004587,12,False
9004588,12,False
9004589,12,False
9004590,10,False
9004591,14,False
9004592,10,False
9004593,10,False
9004594,6,False
9004595,9,False
9004596,6,False
9004597,9,False
9004598,12,False
9004599,10,False
9004600,5,False
9004601,12,False
9004602,5,False
9004603,12,False
9004604,16,False
9004605,14,False
9004606,6,False
9004607,12,False
9004608,9,False
9004609,9,False
9004610,10,False
9004611,12,False
9004612,12,False
9004613,12,False
9004614,14,False
9004615,12,False
9004616,12,False
9004617,12,False
9004618,12,False
9004619,12,False
9004620,10,False
9004621,10,False
9004622,9,False
9004623,9,False
9004624,12,False
9004625,14,False
9004626,10,False
9004627,7,False
9004628,4,False
9004629,7,False
9004630,14,False
9004631,10,False
9004632,9,False
9004633,8,False
9004634,9,False
9004635,6,False
9004636,6,False
9004637,8,False
9004638,9,False
9004639,5,False
9004640,12,False
9004641,6,False
9004642,10,False
9004643,10,False
9004644,8,False
9004645,14,False
9004646,6,False
9004647,9,False
9004648,10,False
9004649,6,False
9004650,10,False
9004651,9,False
9004652,10,False
9004653,12,False
9004654,10,False
9004655,10,False
9004656,10,False
9004657,10,False
9004658,11,False
9004659,12,False
9004660,10,False
9004661,12,False
9004662,10,False
9004663,10,False
9004664,9,False
9004665,14,False
9004666,12,False
9004667,6,False
9004668,10,False
9004669,14,False
9004670,4,False
9004671,8,False
9004672,12,False
9004673,6,False
9004674,12,False
9004675,12,False
9004676,14,False
9004677,12,False
9004678,6,False
9004679,8,False
9004680,12,False
9004681,10,False
9004682,10,False
9004683,14,False
9004684,10,False
9004685,6,False
9004686,12,False
9004687,12,False
9004688,10,False
9004689,12,False
9004690,12,False
9004691,10,False
9004692,12,False
9004693,12,False
9004694,10,False
9004695,10,False
9004696,7,False
9004697,6,False
9004698,12,False
9004699,9,False
9004700,14,False
9004701,12,False
9004702,12,False
9004703,9,False
9004704,10,False
9004705,10,False
9004706,8,False
9004707,12,False
9004708,8,False
9004709,6,False
9004710,7,False
9004711,9,False
9004712,8,False
9004713,12,False
9004714,10,False
9004715,8,False
9004716,7,False
9004717,7,False
9004718,12,False
9004719,10,False
9004720,9,False
9004721,7,False
9004722,14,False
9004723,6,False
9004724,14,False
9004725,8,False
9004726,8,False
9004727,14,False
9004728,8,False
9004729,7,False
9004730,12,False
9004731,10,False
9004732,12,False
9004733,14,False
9004734,10,False
9004735,12,False
9004736,14,False
9004737,8,False
9004738,10,False
9004739,14,False
9004740,14,False
9004741,12,False
9004742,8,False
9004743,12,False
9004744,14,False
9004745,12,False
9004746,8,False
9004747,7,False
9004748,9,False
9004749,10,False
9004750,9,False
9004751,12,False
9004752,9,False
9004753,12,False
9004754,12,False
9004755,6,False
9004756,8,False
9004757,12,False
9004758,8,False
9004759,12,False
9004760,14,False
9004761,8,False
9004762,10,False
9004763,12,False
9004764,14,False
9004765,12,False
9004766,10,False
9004767,8,False
9004768,12,False
9004769,9,False
9004770,8,False
9004771,10,False
9004772,10,False
9004773,8,False
9004774,10,False
9004775,12,False
9004776,12,False
9004777,10,False
9004778,8,False
9004779,10,False
9004780,12,False
9004781,10,False
9004782,12,False
9004783,10,False
9004784,12,False
9004785,9,False
9004786,12,False
9004787,12,False
9004788,12,False
9004789,10,False
9004790,14,False
9004791,9,False
9004792,12,False
9004793,10,False
9004794,12,False
9004795,8,False
9004796,6,False
9004797,8,False
9004798,10,False
9004799,12,False
9004800,8,False
9004801,6,False
9004802,10,False
9004803,9,False
9004804,6,False
9004805,10,False
9004806,6,False
9004807,10,False
9004808,9,False
9004809,3,False
9004810,12,False
9004811,8,False
9004812,8,False
9004813,10,False
9004814,6,False
9004815,12,False
9004816,9,False
9004817,8,False
9004818,9,False
9004819,9,False
9004820,8,False
9004821,4,False
9004822,10,False
9004823,8,False
9004824,14,False
9004825,14,False
9004826,6,False
9004827,10,False
9004828,12,False
9004829,8,False
9004830,12,False
9004831,7,False
9004832,12,False
9004833,7,False
9004834,6,False
9004835,8,False
9004836,12,False
9004837,12,False
9004838,10,False
9004839,10,False
9004840,6,False
9004841,12,False
9004842,10,False
9004843,9,False
9004844,14,False
9004845,8,False
9004846,7,False
9004847,10,False
9004848,10,False
9004849,9,False
9004850,12,False
9004851,10,False
9004852,7,False
9004853,9,False
9004854,8,False
9004855,10,False
9004856,7,False
9004857,8,False
9004858,6,False
9004859,10,False
9004860,7,False
9004861,7,False
9004862,10,False
9004863,10,False
9004864,14,False
9004865,14,False
9004866,8,False
9004867,12,False
9004868,8,False
9004869,8,False
9004870,8,False
9004871,14,False
9004872,12,False
9004873,10,False
9004874,12,False
9004875,10,False
9004876,12,False
9004877,12,False
9004878,8,False
9004879,10,False
9004880,9,False
9004881,9,False
9004882,12,False
9004883,12,False
9004884,12,False
9004885,8,False
9004886,12,False
9004887,12,False
9004888,14,False
9004889,10,False
9004890,10,False
9004891,12,False
9004892,9,False
9004893,7,False
9004894,6,False
9004895,12,False
9004896,6,False
9004897,12,False
9004898,8,False
9004899,10,False
9004900,8,False
9004901,12,False
9004902,14,False
9004903,10,False
9004904,9,False
9004905,9,False
9004906,14,False
9004907,10,False
9004908,8,False
9004909,10,False
9004910,8,False
9004911,8,False
9004912,11,False
9004913,6,False
9004914,10,False
9004915,12,False
9004916,12,False
9004917,10,False
9004918,12,False
9004919,14,False
9004920,10,False
9004921,10,False
9004922,9,False
9004923,14,False
9004924,10,False
9004925,10,False
9004926,7,False
9004927,12,False
9004928,9,False
9004929,6,False
9004930,12,False
9004931,10,False
9004932,12,False
9004933,12,False
9004934,14,False
9004935,10,False
9004936,12,False
9004937,10,False
9004938,14,False
9004939,10,False
9004940,14,False
9004941,9,False
9004942,7,False
9004943,10,False
9004944,14,False
9004945,12,False
9004946,8,False
9004947,10,False
9004948,8,False
9004949,12,False
9004950,12,False
9004951,12,False
9004952,12,False
9004953,14,False
9004954,12,False
9004955,12,False
9004956,12,False
9004957,14,False
9004958,6,False
9004959,10,False
9004960,10,False
9004961,12,False
9004962,12,False
9004963,10,False
9004964,8,False
9004965,7,False
9004966,11,False
9004967,9,False
9004968,14,False
9004969,10,False
9004970,14,False
9004971,12,False
9004972,7,False
9004973,14,False
9004974,8,False
9004975,10,False
9004976,6,False
9004977,8,False
9004978,12,False
9004979,10,False
9004980,8,False
9004981,8,False
9004982,8,False
9004983,10,False
9004984,9,False
9004985,14,False
9004986,12,False
9004987,8,False
9004988,10,False
9004989,14,False
9004990,8,False
9004991,8,False
9004992,10,False
9004993,10,False
9004994,9,False
9004995,7,False
9004996,5,False
9004997,12,False
9004998,10,False
9004999,10,False
9005000,6,False
9005001,10,False
9005002,10,False
9005003,8,False
9005004,6,False
9005005,9,False
9005006,10,False
9005007,6,False
9005008,12,False
9005009,12,False
9005010,12,False
9005011,10,False
9005012,14,False
9005013,12,False
9005014,10,False
9005015,12,False
9005016,12,False
9005017,12,False
9005018,10,False
9005019,14,False
9005020,12,False
9005021,8,False
9005022,8,False
9005023,12,False
9005024,10,False
9005025,12,False
9005026,9,False
9005027,10,False
9005028,8,False
9005029,4,False
9005030,11,False
9005031,12,False
9005032,7,False
9005033,8,False
9005034,14,False
9005035,12,False
9005036,12,False
9005037,10,False
9005038,4,False
9005039,8,False
9005040,6,False
9005041,14,False
9005042,8,False
9005043,10,False
9005044,7,False
9005045,12,False
9005046,10,False
9005047,12,False
9005048,8,False
9005049,8,False
9005050,9,False
9005051,10,False
9005052,8,False
9005053,10,False
9005054,12,False
9005055,12,False
9005056,2,False
9005057,4,False
9005058,12,False
9005059,12,False
9005060,6,False
9005061,8,False
9005062,12,False
9005063,10,False
9005064,12,False
9005065,12,False
9005066,12,False
9005067,4,False
9005068,6,False
9005069,6,False
9005070,12,False
9005071,12,False
9005072,10,False
9005073,14,False
9005074,12,False
9005075,10,False
9005076,12,False
9005077,10,False
9005078,10,False
9005079,10,False
9005080,10,False
9005081,12,False
9005082,10,False
9005083,12,False
9005084,8,False
9005085,6,False
9005086,9,False
9005087,9,False
9005088,16,False
9005089,8,False
9005090,11,False
9005091,10,False
9005092,9,False
9005093,10,False
9005094,12,False
9005095,14,False
9005096,9,False
9005097,12,False
9005098,10,False
9005099,7,False
9005100,14,False
9005101,12,False
9005102,12,False
9005103,6,False
9005104,10,False
9005105,7,False
9005106,12,False
9005107,10,False
9005108,12,False
9005109,8,False
9005110,12,False
9005111,10,False
9005112,12,False
9005113,14,False
9005114,14,False
9005115,12,False
9005116,10,False
9005117,12,False
9005118,7,False
9005119,4,False
9005120,6,False
9005121,9,False
9005122,11,False
9005123,12,False
9005124,12,False
9005125,8,False
9005126,8,False
9005127,8,False
9005128,10,False
9005129,7,False
9005130,8,False
9005131,12,False
9005132,9,False
9005133,10,False
9005134,10,False
9005135,10,False
9005136,10,False
9005137,9,False
9005138,14,False
9005139,6,False
9005140,11,False
9005141,12,False
9005142,12,False
9005143,12,False
9005144,12,False
9005145,8,False
9005146,12,False
9005147,12,False
9005148,8,False
9005149,10,False
9005150,12,False
9005151,12,False
9005152,8,False
9005153,10,False
9005154,12,False
9005155,12,False
9005156,9,False
9005157,12,False
9005158,12,False
9005159,9,False
9005160,4,False
9005161,9,False
9005162,14,False
9005163,10,False
9005164,10,False
9005165,7,False
9005166,8,False
9005167,10,False
9005168,9,False
9005169,10,False
9005170,12,False
9005171,6,False
9005172,14,False
9005173,8,False
9005174,10,False
9005175,8,False
9005176,12,False
9005177,12,False
9005178,10,False
9005179,8,False
9005180,12,False
9005181,12,False
9005182,10,False
9005183,12,False
9005184,10,False
9005185,8,False
9005186,14,False
9005187,12,False
9005188,4,False
9005189,12,False
9005190,5,False
9005191,12,False
9005192,12,False
9005193,12,False
9005194,12,False
9005195,12,False
9005196,8,False
9005197,10,False
9005198,10,False
9005199,10,False
9005200,10,False
9005201,14,False
9005202,10,False
9005203,4,False
9005204,9,False
9005205,10,False
9005206,12,False
9005207,10,False
9005208,10,False
9005209,12,False
9005210,8,False
9005211,8,False
9005212,7,False
9005213,10,False
9005214,12,False
9005215,12,False
9005216,9,False
9005217,6,False
9005218,14,False
9005219,10,False
9005220,12,False
9005221,7,False
9005222,10,False
9005223,8,False
9005224,10,False
9005225,8,False
9005226,10,False
9005227,8,False
9005228,10,False
9005229,14,False
9005230,5,False
9005231,8,False
9005232,8,False
9005233,12,False
9005234,6,False
9005235,12,False
9005236,8,False
9005237,8,False
9005238,10,False
9005239,14,False
9005240,14,False
9005241,10,False
9005242,14,False
9005243,10,False
9005244,10,False
9005245,8,False
9005246,14,False
9005247,10,False
9005248,6,False
9005249,12,False
9005250,12,False
9005251,7,False
9005252,12,False
9005253,12,False
9005254,12,False
9005255,10,False
9005256,9,False
9005257,4,False
9005258,12,False
9005259,14,False
9005260,10,False
9005261,14,False
9005262,10,False
9005263,5,False
9005264,12,False
9005265,12,False
9005266,9,False
9005267,10,False
9005268,12,False
9005269,12,False
9005270,8,False
9005271,10,False
9005272,14,False
9005273,7,False
9005274,6,False
9005275,8,False
9005276,6,False
9005277,12,False
9005278,10,False
9005279,12,False
9005280,12,False
9005281,10,False
9005282,10,False
9005283,12,False
9005284,12,False
9005285,12,False
9005286,10,False
9005287,8,False
9005288,12,False
9005289,6,False
9005290,9,False
9005291,10,False
9005292,7,False
9005293,7,False
9005294,12,False
9005295,14,False
9005296,10,False
9005297,7,False
9005298,7,False
9005299,6,False
9005300,10,False
9005301,8,False
9005302,12,False
9005303,12,False
9005304,9,False
9005305,7,False
9005306,10,False
9005307,12,False
9005308,10,False
9005309,8,False
9005310,9,False
9005311,12,False
9005312,12,False
9005313,7,False
9005314,9,False
9005315,10,False
9005316,8,False
9005317,12,False
9005318,10,False
9005319,12,False
9005320,10,False
9005321,6,False
9005322,12,False
9005323,6,False
9005324,6,False
9005325,6,False
9005326,14,False
9005327,14,False
9005328,12,False
9005329,10,False
9005330,14,False
9005331,3,False
9005332,10,False
9005333,9,False
9005334,10,False
9005335,14,False
9005336,7,False
9005337,8,False
9005338,8,False
9005339,7,False
9005340,12,False
9005341,12,False
9005342,10,False
9005343,9,False
9005344,12,False
9005345,7,False
9005346,10,False
9005347,12,False
9005348,16,False
9005349,10,False
9005350,12,False
9005351,9,False
9005352,10,False
9005353,10,False
9005354,14,False
9005355,9,False
9005356,10,False
9005357,14,False
9005358,10,False
9005359,16,False
9005360,12,False
9005361,10,False
9005362,5,False
9005363,10,False
9005364,12,False
9005365,8,False
9005366,10,False
9005367,12,False
9005368,9,False
9005369,14,False
9005370,12,False
9005371,10,False
9005372,12,False
9005373,14,False
9005374,9,False
9005375,12,False
9005376,10,False
9005377,12,False
9005378,10,False
9005379,2,False
9005380,10,False
9005381,10,False
9005382,8,False
9005383,8,False
9005384,8,False
9005385,12,False
9005386,6,False
9005387,10,False
9005388,9,False
9005389,7,False
9005390,8,False
9005391,12,False
9005392,14,False
9005393,12,False
9005394,9,False
9005395,12,False
9005396,10,False
9005397,12,False
9005398,10,False
9005399,12,False
9005400,8,False
9005401,8,False
9005402,8,False
9005403,12,False
9005404,12,False
9005405,12,False
9005406,10,False
9005407,7,False
9005408,10,False
9005409,10,False
9005410,8,False
9005411,6,False
9005412,6,False
9005413,12,False
9005414,12,False
9005415,6,False
9005416,8,False
9005417,8,False
9005418,12,False
9005419,12,False
9005420,12,False
9005421,4,False
9005422,8,False
9005423,3,False
9005424,10,False
9005425,12,False
9005426,10,False
9005427,14,False
9005428,12,False
9005429,10,False
9005430,12,False
9005431,8,False
9005432,10,False
9005433,10,False
9005434,8,False
9005435,12,False
9005436,8,False
9005437,12,False
9005438,4,False
9005439,12,False
9005440,12,False
9005441,10,False
9005442,9,False
9005443,10,False
9005444,9,False
9005445,7,False
9005446,8,False
9005447,6,False
9005448,14,False
9005449,14,False
9005450,12,False
9005451,12,False
9005452,9,False
9005453,14,False
9005454,14,False
9005455,8,False
9005456,12,False
9005457,12,False
9005458,12,False
9005459,8,False
9005460,12,False
9005461,9,False
9005462,8,False
9005463,10,False
9005464,12,False
9005465,6,False
9005466,10,False
9005467,8,False
9005468,6,False
9005469,8,False
9005470,10,False
9005471,9,False
9005472,14,False
9005473,7,False
9005474,10,False
9005475,9,False
9005476,12,False
9005477,10,False
9005478,8,False
9005479,14,False
9005480,9,False
9005481,12,False
9005482,8,False
9005483,10,False
9005484,14,False
9005485,7,False
9005486,9,False
9005487,12,False
9005488,10,False
9005489,12,False
9005490,12,False
9005491,9,False
9005492,14,False
9005493,6,False
9005494,6,False
9005495,10,False
9005496,14,False
9005497,10,False
9005498,12,False
9005499,10,False
9005500,12,False
9005501,9,False
9005502,7,False
9005503,8,False
9005504,8,False
9005505,6,False
9005506,8,False
9005507,9,False
9005508,8,False
9005509,7,False
9005510,9,False
9005511,9,False
9005512,10,False
9005513,10,False
9005514,14,False
9005515,12,False
9005516,12,False
9005517,10,False
9005518,14,False
9005519,12,False
9005520,12,False
9005521,12,False
9005522,10,False
9005523,14,False
9005524,12,False
9005525,12,False
9005526,7,False
9005527,8,False
9005528,10,False
9005529,9,False
9005530,12,False
9005531,6,False
9005532,12,False
9005533,12,False
9005534,10,False
9005535,4,False
9005536,6,False
9005537,10,False
9005538,12,False
9005539,8,False
9005540,10,False
9005541,8,False
9005542,12,False
9005543,12,False
9005544,8,False
9005545,12,False
9005546,8,False
9005547,6,False
9005548,14,False
9005549,10,False
9005550,10,False
9005551,6,False
9005552,7,False
9005553,12,False
9005554,8,False
9005555,11,False
9005556,12,False
9005557,9,False
9005558,8,False
9005559,12,False
9005560,12,False
9005561,10,False
9005562,8,False
9005563,10,False
9005564,12,False
9005565,8,False
9005566,8,False
9005567,14,False
9005568,8,False
9005569,8,False
9005570,7,False
9005571,10,False
9005572,8,False
9005573,10,False
9005574,12,False
9005575,10,False
9005576,6,False
9005577,12,False
9005578,14,False
9005579,10,False
9005580,10,False
9005581,8,False
9005582,8,False
9005583,10,False
9005584,14,False
9005585,8,False
9005586,10,False
9005587,8,False
9005588,14,False
9005589,6,False
9005590,10,False
9005591,8,False
9005592,12,False
9005593,9,False
9005594,14,False
9005595,12,False
9005596,12,False
9005597,10,False
9005598,7,False
9005599,12,False
9005600,12,False
9005601,10,False
9005602,6,False
9005603,12,False
9005604,8,False
9005605,10,False
9005606,8,False
9005607,8,False
9005608,10,False
9005609,8,False
9005610,10,False
9005611,12,False
9005612,10,False
9005613,12,False
9005614,8,False
9005615,12,False
9005616,10,False
9005617,8,False
9005618,12,False
9005619,10,False
9005620,12,False
9005621,14,False
9005622,8,False
9005623,9,False
9005624,12,False
9005625,10,False
9005626,7,False
9005627,10,False
9005628,8,False
9005629,10,False
9005630,8,False
9005631,14,False
9005632,12,False
9005633,8,False
9005634,6,False
9005635,10,False
9005636,14,False
9005637,16,False
9005638,3,False
9005639,8,False
9005640,7,False
9005641,14,False
9005642,12,False
9005643,8,False
9005644,12,False
9005645,10,False
9005646,10,False
9005647,10,False
9005648,10,False
9005649,4,False
9005650,10,False
9005651,6,False
9005652,8,False
9005653,12,False
9005654,9,False
9005655,9,False
9005656,12,False
9005657,9,False
9005658,10,False
9005659,7,False
9005660,10,False
9005661,10,False
9005662,10,False
9005663,12,False
9005664,12,False
9005665,8,False
9005666,8,False
9005667,10,False
9005668,9,False
9005669,8,False
9005670,8,False
9005671,12,False
9005672,10,False
9005673,8,False
9005674,10,False
9005675,10,False
9005676,12,False
9005677,3,False
9005678,12,False
9005679,12,False
9005680,10,False
9005681,12,False
9005682,11,False
9005683,10,False
9005684,14,False
9005685,12,False
9005686,10,False
9005687,12,False
9005688,9,False
9005689,8,False
9005690,14,False
9005691,10,False
9005692,3,False
9005693,10,False
9005694,12,False
9005695,10,False
9005696,8,False
9005697,8,False
9005698,10,False
9005699,12,False
9005700,8,False
9005701,10,False
9005702,10,False
9005703,14,False
9005704,10,False
9005705,8,False
9005706,9,False
9005707,12,False
9005708,10,False
9005709,10,False
9005710,14,False
9005711,6,False
9005712,10,False
9005713,4,False
9005714,10,False
9005715,14,False
9005716,8,False
9005717,10,False
9005718,7,False
9005719,12,False
9005720,10,False
9005721,14,False
9005722,9,False
9005723,8,False
9005724,12,False
9005725,12,False
9005726,12,False
9005727,10,False
9005728,12,False
9005729,12,False
9005730,12,False
9005731,9,False
9005732,10,False
9005733,12,False
9005734,11,False
9005735,12,False
9005736,6,False
9005737,6,False
9005738,14,False
9005739,8,False
9005740,10,False
9005741,12,False
9005742,7,False
9005743,10,False
9005744,12,False
9005745,12,False
9005746,12,False
9005747,12,False
9005748,14,False
9005749,8,False
9005750,8,False
9005751,7,False
9005752,12,False
9005753,12,False
9005754,6,False
9005755,10,False
9005756,12,False
9005757,12,False
9005758,12,False
9005759,12,False
9005760,8,False
9005761,7,False
9005762,12,False
9005763,14,False
9005764,9,False
9005765,12,False
9005766,12,False
9005767,9,False
9005768,10,False
9005769,10,False
9005770,10,False
9005771,12,False
9005772,12,False
9005773,7,False
9005774,14,False
9005775,9,False
9005776,9,False
9005777,16,False
9005778,8,False
9005779,10,False
9005780,10,False
9005781,10,False
9005782,12,False
9005783,10,False
9005784,10,False
9005785,10,False
9005786,8,False
9005787,14,False
9005788,10,False
9005789,9,False
9005790,8,False
9005791,10,False
9005792,7,False
9005793,14,False
9005794,10,False
9005795,12,False
9005796,12,False
9005797,12,False
9005798,10,False
9005799,10,False
9005800,10,False
9005801,8,False
9005802,12,False
9005803,14,False
9005804,8,False
9005805,10,False
9005806,8,False
9005807,10,False
9005808,12,False
9005809,12,False
9005810,12,False
9005811,12,False
9005812,12,False
9005813,10,False
9005814,12,False
9005815,12,False
9005816,8,False
9005817,14,False
9005818,10,False
9005819,10,False
9005820,6,False
9005821,10,False
9005822,8,False
9005823,14,False
9005824,8,False
9005825,12,False
9005826,10,False
9005827,12,False
9005828,6,False
9005829,10,False
9005830,14,False
9005831,10,False
9005832,6,False
9005833,10,False
9005834,10,False
9005835,12,False
9005836,8,False
9005837,12,False
9005838,10,False
9005839,10,False
9005840,8,False
9005841,11,False
9005842,9,False
9005843,12,False
9005844,10,False
9005845,8,False
9005846,14,False
9005847,6,False
9005848,10,False
9005849,10,False
9005850,8,False
9005851,14,False
9005852,10,False
9005853,9,False
9005854,7,False
9005855,10,False
9005856,10,False
9005857,6,False
9005858,8,False
9005859,8,False
9005860,12,False
9005861,10,False
9005862,12,False
9005863,9,False
9005864,10,False
9005865,10,False
9005866,12,False
9005867,10,False
9005868,10,False
9005869,10,False
9005870,7,False
9005871,10,False
9005872,6,False
9005873,14,False
9005874,12,False
9005875,12,False
9005876,12,False
9005877,12,False
9005878,14,False
9005879,9,False
9005880,9,False
9005881,14,False
9005882,9,False
9005883,10,False
9005884,12,False
9005885,8,False
9005886,9,False
9005887,12,False
9005888,10,False
9005889,10,False
9005890,9,False
9005891,12,False
9005892,12,False
9005893,12,False
9005894,10,False
9005895,10,False
9005896,7,False
9005897,10,False
9005898,10,False
9005899,12,False
9005900,8,False
9005901,12,False
9005902,8,False
9005903,10,False
9005904,12,False
9005905,8,False
9005906,12,False
9005907,10,False
9005908,7,False
9005909,7,False
9005910,12,False
9005911,10,False
9005912,9,False
9005913,8,False
9005914,10,False
9005915,14,False
9005916,8,False
9005917,5,False
9005918,10,False
9005919,8,False
9005920,10,False
9005921,9,False
9005922,12,False
9005923,9,False
9005924,10,False
9005925,8,False
9005926,6,False
9005927,12,False
9005928,12,False
9005929,12,False
9005930,12,False
9005931,8,False
9005932,4,False
9005933,10,False
9005934,6,False
9005935,12,False
9005936,10,False
9005937,8,False
9005938,14,False
9005939,10,False
9005940,8,False
9005941,8,False
9005942,8,False
9005943,10,False
9005944,12,False
9005945,12,False
9005946,10,False
9005947,2,False
9005948,14,False
9005949,10,False
9005950,12,False
9005951,10,False
9005952,7,False
9005953,12,False
9005954,12,False
9005955,14,False
9005956,8,False
9005957,12,False
9005958,9,False
9005959,10,False
9005960,12,False
9005961,5,False
9005962,12,False
9005963,12,False
9005964,12,False
9005965,10,False
9005966,9,False
9005967,10,False
9005968,7,False
9005969,12,False
9005970,12,False
9005971,14,False
9005972,14,False
9005973,9,False
9005974,10,False
9005975,14,False
9005976,14,False
9005977,12,False
9005978,12,False
9005979,10,False
9005980,12,False
9005981,5,False
9005982,8,False
9005983,10,False
9005984,10,False
9005985,5,False
9005986,12,False
9005987,10,False
9005988,14,False
9005989,10,False
9005990,16,False
9005991,12,False
9005992,10,False
9005993,10,False
9005994,14,False
9005995,8,False
9005996,10,False
9005997,12,False
9005998,12,False
9005999,6,False
9006000,7,False
9006001,12,False
9006002,12,False
9006003,8,False
9006004,9,False
9006005,6,False
9006006,4,False
9006007,12,False
9006008,14,False
9006009,6,False
9006010,9,False
9006011,12,False
9006012,12,False
9006013,12,False
9006014,8,False
9006015,12,False
9006016,14,False
9006017,9,False
9006018,8,False
9006019,14,False
9006020,10,False
9006021,7,False
9006022,7,False
9006023,12,False
9006024,7,False
9006025,10,False
9006026,8,False
9006027,12,False
9006028,6,False
9006029,10,False
9006030,8,False
9006031,8,False
9006032,2,False
9006033,10,False
9006034,12,False
9006035,14,False
9006036,9,False
9006037,12,False
9006038,14,False
9006039,12,False
9006040,12,False
9006041,12,False
9006042,10,False
9006043,8,False
9006044,12,False
9006045,9,False
9006046,7,False
9006047,8,False
9006048,8,False
9006049,12,False
9006050,12,False
9006051,7,False
9006052,14,False
9006053,5,False
9006054,12,False
9006055,12,False
9006056,8,False
9006057,10,False
9006058,8,False
9006059,7,False
9006060,14,False
9006061,12,False
9006062,8,False
9006063,12,False
9006064,10,False
9006065,10,False
9006066,10,False
9006067,12,False
9006068,12,False
9006069,10,False
9006070,10,False
9006071,12,False
9006072,12,False
9006073,12,False
9006074,6,False
9006075,8,False
9006076,10,False
9006077,10,False
9006078,9,False
9006079,9,False
9006080,6,False
9006081,12,False
9006082,8,False
9006083,8,False
9006084,12,False
9006085,12,False
9006086,12,False
9006087,6,False
9006088,10,False
9006089,4,False
9006090,12,False
9006091,10,False
9006092,12,False
9006093,10,False
9006094,8,False
9006095,12,False
9006096,8,False
9006097,12,False
9006098,8,False
9006099,12,False
9006100,14,False
9006101,10,False
9006102,6,False
9006103,12,False
9006104,10,False
9006105,7,False
9006106,12,False
9006107,12,False
9006108,14,False
9006109,8,False
9006110,12,False
9006111,10,False
9006112,8,False
9006113,14,False
9006114,12,False
9006115,10,False
9006116,7,False
9006117,12,False
9006118,14,False
9006119,12,False
9006120,6,False
9006121,10,False
9006122,8,False
9006123,14,False
9006124,12,False
9006125,10,False
9006126,12,False
9006127,14,False
9006128,12,False
9006129,10,False
9006130,9,False
9006131,12,False
9006132,10,False
9006133,10,False
9006134,8,False
9006135,8,False
9006136,10,False
9006137,12,False
9006138,9,False
9006139,6,False
9006140,7,False
9006141,8,False
9006142,9,False
9006143,12,False
9006144,10,False
9006145,8,False
9006146,10,False
9006147,14,False
9006148,7,False
9006149,9,False
9006150,14,False
9006151,7,False
9006152,14,False
9006153,8,False
9006154,8,False
9006155,7,False
9006156,8,False
9006157,7,False
9006158,12,False
9006159,8,False
9006160,11,False
9006161,6,False
9006162,10,False
9006163,5,False
9006164,10,False
9006165,4,False
9006166,12,False
9006167,12,False
9006168,12,False
9006169,12,False
9006170,12,False
9006171,14,False
9006172,9,False
9006173,10,False
9006174,8,False
9006175,14,False
9006176,10,False
9006177,9,False
9006178,10,False
9006179,12,False
9006180,14,False
9006181,10,False
9006182,4,False
9006183,12,False
9006184,12,False
9006185,10,False
9006186,12,False
9006187,10,False
9006188,8,False
9006189,14,False
9006190,14,False
9006191,9,False
9006192,12,False
9006193,9,False
9006194,10,False
9006195,14,False
9006196,10,False
9006197,14,False
9006198,10,False
9006199,8,False
9006200,10,False
9006201,12,False
9006202,9,False
9006203,6,False
9006204,10,False
9006205,12,False
9006206,10,False
9006207,10,False
9006208,12,False
9006209,14,False
9006210,9,False
9006211,10,False
9006212,10,False
9006213,7,False
9006214,12,False
9006215,10,False
9006216,8,False
9006217,5,False
9006218,7,False
9006219,12,False
9006220,14,False
9006221,11,False
9006222,12,False
9006223,14,False
9006224,14,False
9006225,6,False
9006226,10,False
9006227,6,False
9006228,12,False
9006229,10,False
9006230,7,False
9006231,9,False
9006232,14,False
9006233,14,False
9006234,12,False
9006235,7,False
9006236,12,False
9006237,12,False
9006238,8,False
9006239,12,False
9006240,8,False
9006241,12,False
9006242,6,False
9006243,10,False
9006244,9,False
9006245,11,False
9006246,8,False
9006247,9,False
9006248,8,False
9006249,8,False
9006250,9,False
9006251,10,False
9006252,12,False
9006253,10,False
9006254,12,False
9006255,12,False
9006256,12,False
9006257,2,False
9006258,12,False
9006259,10,False
9006260,4,False
9006261,14,False
9006262,8,False
9006263,12,False
9006264,10,False
9006265,9,False
9006266,10,False
9006267,6,False
9006268,9,False
9006269,9,False
9006270,12,False
9006271,10,False
9006272,12,False
9006273,12,False
9006274,10,False
9006275,9,False
9006276,14,False
9006277,8,False
9006278,12,False
9006279,10,False
9006280,12,False
9006281,10,False
9006282,10,False
9006283,8,False
9006284,9,False
9006285,10,False
9006286,9,False
9006287,10,False
9006288,8,False
9006289,10,False
9006290,10,False
9006291,12,False
9006292,12,False
9006293,12,False
9006294,10,False
9006295,12,False
9006296,12,False
9006297,10,False
9006298,8,False
9006299,12,False
9006300,12,False
9006301,5,False
9006302,7,False
9006303,12,False
9006304,16,False
9006305,12,False
9006306,12,False
9006307,7,False
9006308,12,False
9006309,14,False
9006310,10,False
9006311,8,False
9006312,14,False
9006313,12,False
9006314,14,False
9006315,12,False
9006316,10,False
9006317,9,False
9006318,7,False
9006319,7,False
9006320,8,False
9006321,10,False
9006322,12,False
9006323,12,False
9006324,14,False
9006325,10,False
9006326,10,False
9006327,12,False
9006328,14,False
9006329,8,False
9006330,5,False
9006331,14,False
9006332,2,False
9006333,10,False
9006334,8,False
9006335,10,False
9006336,14,False
9006337,8,False
9006338,10,False
9006339,12,False
9006340,10,False
9006341,12,False
9006342,12,False
9006343,14,False
9006344,12,False
9006345,12,False
9006346,9,False
9006347,12,False
9006348,8,False
9006349,9,False
9006350,12,False
9006351,8,False
9006352,12,False
9006353,12,False
9006354,12,False
9006355,10,False
9006356,10,False
9006357,14,False
9006358,12,False
9006359,10,False
9006360,7,False
9006361,12,False
9006362,12,False
9006363,10,False
9006364,12,False
9006365,7,False
9006366,10,False
9006367,12,False
9006368,10,False
9006369,12,False
9006370,12,False
9006371,10,False
9006372,12,False
9006373,6,False
9006374,12,False
9006375,9,False
9006376,12,False
9006377,9,False
9006378,12,False
9006379,12,False
9006380,8,False
9006381,7,False
9006382,10,False
9006383,7,False
9006384,10,False
9006385,10,False
9006386,10,False
9006387,12,False
9006388,6,False
9006389,8,False
9006390,9,False
9006391,8,False
9006392,6,False
9006393,12,False
9006394,8,False
9006395,14,False
9006396,10,False
9006397,10,False
9006398,10,False
9006399,12,False
9006400,10,False
9006401,14,False
9006402,9,False
9006403,7,False
9006404,12,False
9006405,10,False
9006406,14,False
9006407,10,False
9006408,7,False
9006409,10,False
9006410,9,False
9006411,10,False
9006412,12,False
9006413,10,False
9006414,14,False
9006415,14,False
9006416,6,False
9006417,14,False
9006418,10,False
9006419,12,False
9006420,10,False
9006421,10,False
9006422,7,False
9006423,7,False
9006424,10,False
9006425,10,False
9006426,14,False
9006427,10,False
9006428,10,False
9006429,12,False
9006430,11,False
9006431,10,False
9006432,12,False
9006433,10,False
9006434,8,False
9006435,7,False
9006436,7,False
9006437,9,False
9006438,12,False
9006439,10,False
9006440,10,False
9006441,10,False
9006442,10,False
9006443,9,False
9006444,12,False
9006445,8,False
9006446,12,False
9006447,10,False
9006448,12,False
9006449,12,False
9006450,7,False
9006451,14,False
9006452,12,False
9006453,10,False
9006454,12,False
9006455,8,False
9006456,10,False
9006457,12,False
9006458,10,False
9006459,10,False
9006460,12,False
9006461,14,False
9006462,10,False
9006463,10,False
9006464,9,False
9006465,9,False
9006466,10,False
9006467,12,False
9006468,6,False
9006469,10,False
9006470,5,False
9006471,12,False
9006472,12,False
9006473,10,False
9006474,10,False
9006475,8,False
9006476,7,False
9006477,10,False
9006478,8,False
9006479,8,False
9006480,10,False
9006481,12,False
9006482,14,False
9006483,8,False
9006484,10,False
9006485,16,False
9006486,12,False
9006487,12,False
9006488,10,False
9006489,12,False
9006490,10,False
9006491,10,False
9006492,8,False
9006493,8,False
9006494,8,False
9006495,4,False
9006496,6,False
9006497,7,False
9006498,12,False
9006499,12,False
9006500,8,False
9006501,8,False
9006502,4,False
9006503,14,False
9006504,8,False
9006505,9,False
9006506,10,False
9006507,12,False
9006508,7,False
9006509,14,False
9006510,12,False
9006511,5,False
9006512,5,False
9006513,14,False
9006514,14,False
9006515,12,False
9006516,8,False
9006517,7,False
9006518,12,False
9006519,10,False
9006520,10,False
9006521,8,False
9006522,8,False
9006523,7,False
9006524,10,False
9006525,14,False
9006526,10,False
9006527,8,False
9006528,12,False
9006529,10,False
9006530,8,False
9006531,12,False
9006532,12,False
9006533,8,False
9006534,14,False
9006535,14,False
9006536,14,False
9006537,7,False
9006538,7,False
9006539,10,False
9006540,9,False
9006541,7,False
9006542,7,False
9006543,12,False
9006544,12,False
9006545,10,False
9006546,12,False
9006547,12,False
9006548,14,False
9006549,8,False
9006550,10,False
9006551,8,False
9006552,8,False
9006553,9,False
9006554,8,False
9006555,12,False
9006556,9,False
9006557,12,False
9006558,10,False
9006559,6,False
9006560,12,False
9006561,12,False
9006562,12,False
9006563,12,False
9006564,10,False
9006565,7,False
9006566,11,False
9006567,8,False
9006568,6,False
9006569,10,False
9006570,9,False
9006571,8,False
9006572,8,False
9006573,10,False
9006574,14,False
9006575,10,False
9006576,10,False
9006577,12,False
9006578,10,False
9006579,12,False
9006580,10,False
9006581,11,False
9006582,10,False
9006583,8,False
9006584,8,False
9006585,8,False
9006586,9,False
9006587,8,False
9006588,10,False
9006589,6,False
9006590,10,False
9006591,12,False
9006592,12,False
9006593,9,False
9006594,10,False
9006595,10,False
9006596,7,False
9006597,7,False
9006598,12,False
9006599,6,False
9006600,10,False
9006601,14,False
9006602,12,False
9006603,12,False
9006604,12,False
9006605,12,False
9006606,12,False
9006607,10,False
9006608,7,False
9006609,12,False
9006610,12,False
9006611,8,False
9006612,8,False
9006613,6,False
9006614,12,False
9006615,8,False
9006616,12,False
9006617,9,False
9006618,10,False
9006619,14,False
9006620,9,False
9006621,10,False
9006622,12,False
9006623,4,False
9006624,8,False
9006625,8,False
9006626,8,False
9006627,10,False
9006628,10,False
9006629,10,False
9006630,12,False
9006631,6,False
9006632,10,False
9006633,14,False
9006634,10,False
9006635,8,False
9006636,12,False
9006637,12,False
9006638,14,False
9006639,5,False
9006640,10,False
9006641,10,False
9006642,12,False
9006643,12,False
9006644,8,False
9006645,12,False
9006646,10,False
9006647,6,False
9006648,12,False
9006649,8,False
9006650,8,False
9006651,9,False
9006652,6,False
9006653,10,False
9006654,12,False
9006655,10,False
9006656,7,False
9006657,8,False
9006658,10,False
9006659,12,False
9006660,10,False
9006661,14,False
9006662,10,False
9006663,8,False
9006664,10,False
9006665,9,False
9006666,10,False
9006667,14,False
9006668,12,False
9006669,14,False
9006670,10,False
9006671,10,False
9006672,9,False
9006673,10,False
9006674,12,False
9006675,14,False
9006676,8,False
9006677,14,False
9006678,12,False
9006679,10,False
9006680,9,False
9006681,10,False
9006682,12,False
9006683,12,False
9006684,7,False
9006685,7,False
9006686,12,False
9006687,8,False
9006688,6,False
9006689,7,False
9006690,12,False
9006691,9,False
9006692,10,False
9006693,8,False
9006694,14,False
9006695,14,False
9006696,16,False
9006697,10,False
9006698,10,False
9006699,12,False
9006700,12,False
9006701,14,False
9006702,12,False
9006703,12,False
9006704,14,False
9006705,8,False
9006706,10,False
9006707,8,False
9006708,8,False
9006709,12,False
9006710,10,False
9006711,4,False
9006712,10,False
9006713,10,False
9006714,10,False
9006715,14,False
9006716,9,False
9006717,8,False
9006718,8,False
9006719,10,False
9006720,12,False
9006721,12,False
9006722,8,False
9006723,10,False
9006724,12,False
9006725,10,False
9006726,10,False
9006727,10,False
9006728,8,False
9006729,14,False
9006730,9,False
9006731,7,False
9006732,14,False
9006733,12,False
9006734,14,False
9006735,12,False
9006736,10,False
9006737,9,False
9006738,4,False
9006739,12,False
9006740,7,False
9006741,14,False
9006742,16,False
9006743,10,False
9006744,14,False
9006745,10,False
9006746,14,False
9006747,7,False
9006748,12,False
9006749,8,False
9006750,12,False
9006751,10,False
9006752,6,False
9006753,10,False
9006754,12,False
9006755,6,False
9006756,8,False
9006757,10,False
9006758,8,False
9006759,4,False
9006760,14,False
9006761,7,False
9006762,10,False
9006763,9,False
9006764,10,False
9006765,14,False
9006766,14,False
9006767,9,False
9006768,12,False
9006769,9,False
9006770,11,False
9006771,12,False
9006772,10,False
9006773,14,False
9006774,7,False
9006775,6,False
9006776,10,False
9006777,10,False
9006778,4,False
9006779,8,False
9006780,10,False
9006781,12,False
9006782,2,False
9006783,12,False
9006784,9,False
9006785,12,False
9006786,11,False
9006787,5,False
9006788,5,False
9006789,8,False
9006790,14,False
9006791,8,False
9006792,10,False
9006793,7,False
9006794,12,False
9006795,10,False
9006796,12,False
9006797,10,False
9006798,12,False
9006799,12,False
9006800,10,False
9006801,9,False
9006802,11,False
9006803,8,False
9006804,11,False
9006805,12,False
9006806,10,False
9006807,14,False
9006808,9,False
9006809,12,False
9006810,10,False
9006811,8,False
9006812,10,False
9006813,9,False
9006814,9,False
9006815,10,False
9006816,10,False
9006817,8,False
9006818,12,False
9006819,6,False
9006820,10,False
9006821,12,False
9006822,9,False
9006823,7,False
9006824,11,False
9006825,8,False
9006826,14,False
9006827,10,False
9006828,12,False
9006829,14,False
9006830,4,False
9006831,7,False
9006832,10,False
9006833,12,False
9006834,11,False
9006835,12,False
9006836,7,False
9006837,12,False
9006838,10,False
9006839,10,False
9006840,10,False
9006841,12,False
9006842,10,False
9006843,7,False
9006844,12,False
9006845,14,False
9006846,8,False
9006847,8,False
9006848,8,False
9006849,10,False
9006850,10,False
9006851,10,False
9006852,14,False
9006853,8,False
9006854,7,False
9006855,12,False
9006856,7,False
9006857,9,False
9006858,14,False
9006859,10,False
9006860,9,False
9006861,10,False
9006862,8,False
9006863,10,False
9006864,10,False
9006865,12,False
9006866,12,False
9006867,10,False
9006868,6,False
9006869,9,False
9006870,9,False
9006871,12,False
9006872,9,False
9006873,9,False
9006874,12,False
9006875,9,False
9006876,12,False
9006877,12,False
9006878,12,False
9006879,10,False
9006880,7,False
9006881,10,False
9006882,7,False
9006883,12,False
9006884,12,False
9006885,8,False
9006886,8,False
9006887,12,False
9006888,6,False
9006889,10,False
9006890,9,False
9006891,14,False
9006892,12,False
9006893,12,False
9006894,8,False
9006895,9,False
9006896,12,False
9006897,12,False
9006898,8,False
9006899,10,False
9006900,8,False
9006901,9,False
9006902,6,False
9006903,12,False
9006904,8,False
9006905,10,False
9006906,10,False
9006907,10,False
9006908,10,False
9006909,12,False
9006910,9,False
9006911,9,False
9006912,12,False
9006913,12,False
9006914,8,False
9006915,8,False
9006916,10,False
9006917,12,False
9006918,14,False
9006919,12,False
9006920,12,False
9006921,9,False
9006922,6,False
9006923,12,False
9006924,9,False
9006925,8,False
9006926,12,False
9006927,3,False
9006928,2,False
9006929,8,False
9006930,12,False
9006931,14,False
9006932,12,False
9006933,12,False
9006934,7,False
9006935,10,False
9006936,8,False
9006937,14,False
9006938,9,False
9006939,12,False
9006940,12,False
9006941,12,False
9006942,14,False
9006943,9,False
9006944,9,False
9006945,8,False
9006946,10,False
9006947,12,False
9006948,9,False
9006949,8,False
9006950,14,False
9006951,10,False
9006952,10,False
9006953,9,False
9006954,10,False
9006955,8,False
9006956,10,False
9006957,14,False
9006958,9,False
9006959,6,False
9006960,12,False
9006961,8,False
9006962,12,False
9006963,6,False
9006964,8,False
9006965,12,False
9006966,8,False
9006967,14,False
9006968,9,False
9006969,12,False
9006970,8,False
9006971,12,False
9006972,12,False
9006973,12,False
9006974,8,False
9006975,9,False
9006976,10,False
9006977,7,False
9006978,10,False
9006979,10,False
9006980,14,False
9006981,12,False
9006982,9,False
9006983,6,False
9006984,6,False
9006985,6,False
9006986,12,False
9006987,14,False
9006988,9,False
9006989,7,False
9006990,8,False
9006991,14,False
9006992,8,False
9006993,10,False
9006994,6,False
9006995,12,False
9006996,7,False
9006997,8,False
9006998,12,False
9006999,9,False
9007000,9,False
9007001,12,False
9007002,10,False
9007003,8,False
9007004,12,False
9007005,6,False
9007006,14,False
9007007,12,False
9007008,14,False
9007009,8,False
9007010,8,False
9007011,10,False
9007012,10,False
9007013,12,False
9007014,3,False
9007015,14,False
9007016,6,False
9007017,9,False
9007018,8,False
9007019,10,False
9007020,12,False
9007021,12,False
9007022,9,False
9007023,7,False
9007024,9,False
9007025,9,False
9007026,10,False
9007027,8,False
9007028,12,False
9007029,12,False
9007030,12,False
9007031,7,False
9007032,14,False
9007033,9,False
9007034,10,False
9007035,7,False
9007036,9,False
9007037,7,False
9007038,8,False
9007039,8,False
9007040,7,False
9007041,10,False
9007042,10,False
9007043,6,False
9007044,12,False
9007045,9,False
9007046,10,False
9007047,10,False
9007048,10,False
9007049,12,False
9007050,9,False
9007051,12,False
9007052,10,False
9007053,10,False
9007054,12,False
9007055,9,False
9007056,10,False
9007057,10,False
9007058,12,False
9007059,9,False
9007060,12,False
9007061,12,False
9007062,9,False
9007063,7,False
9007064,10,False
9007065,16,False
9007066,8,False
9007067,12,False
9007068,10,False
9007069,7,False
9007070,7,False
9007071,9,False
9007072,8,False
9007073,7,False
9007074,7,False
9007075,10,False
9007076,8,False
9007077,9,False
9007078,4,False
9007079,12,False
9007080,12,False
9007081,12,False
9007082,7,False
9007083,10,False
9007084,2,False
9007085,12,False
9007086,14,False
9007087,14,False
9007088,7,False
9007089,8,False
9007090,9,False
9007091,10,False
9007092,12,False
9007093,10,False
9007094,10,False
9007095,14,False
9007096,12,False
9007097,6,False
9007098,12,False
9007099,12,False
9007100,4,False
9007101,12,False
9007102,10,False
9007103,12,False
9007104,12,False
9007105,7,False
9007106,6,False
9007107,12,False
9007108,12,False
9007109,10,False
9007110,9,False
9007111,8,False
9007112,12,False
9007113,8,False
9007114,10,False
9007115,14,False
9007116,8,False
9007117,12,False
9007118,8,False
9007119,10,False
9007120,10,False
9007121,10,False
9007122,14,False
9007123,6,False
9007124,8,False
9007125,9,False
9007126,12,False
9007127,10,False
9007128,12,False
9007129,12,False
9007130,12,False
9007131,8,False
9007132,7,False
9007133,10,False
9007134,5,False
9007135,12,False
9007136,10,False
9007137,12,False
9007138,8,False
9007139,12,False
9007140,8,False
9007141,7,False
9007142,10,False
9007143,12,False
9007144,10,False
9007145,8,False
9007146,10,False
9007147,14,False
9007148,9,False
9007149,9,False
9007150,12,False
9007151,10,False
9007152,10,False
9007153,10,False
9007154,6,False
9007155,10,False
9007156,10,False
9007157,10,False
9007158,10,False
9007159,11,False
9007160,3,False
9007161,12,False
9007162,10,False
9007163,9,False
9007164,9,False
9007165,9,False
9007166,14,False
9007167,14,False
9007168,8,False
9007169,8,False
9007170,10,False
9007171,12,False
9007172,12,False
9007173,7,False
9007174,8,False
9007175,12,False
9007176,7,False
9007177,12,False
9007178,5,False
9007179,8,False
9007180,10,False
9007181,8,False
9007182,5,False
9007183,12,False
9007184,8,False
9007185,12,False
9007186,14,False
9007187,8,False
9007188,6,False
9007189,4,False
9007190,8,False
9007191,5,False
9007192,9,False
9007193,16,False
9007194,10,False
9007195,5,False
9007196,14,False
9007197,10,False
9007198,12,False
9007199,10,False
9007200,9,False
9007201,10,False
9007202,5,False
9007203,7,False
9007204,10,False
9007205,10,False
9007206,6,False
9007207,9,False
9007208,10,False
9007209,12,False
9007210,9,False
9007211,7,False
9007212,12,False
9007213,12,False
9007214,10,False
9007215,12,False
9007216,9,False
9007217,10,False
9007218,9,False
9007219,12,False
9007220,10,False
9007221,8,False
9007222,10,False
9007223,10,False
9007224,7,False
9007225,10,False
9007226,9,False
9007227,12,False
9007228,10,False
9007229,9,False
9007230,6,False
9007231,10,False
9007232,10,False
9007233,8,False
9007234,11,False
9007235,10,False
9007236,10,False
9007237,7,False
9007238,12,False
9007239,4,False
9007240,10,False
9007241,9,False
9007242,10,False
9007243,7,False
9007244,10,False
9007245,8,False
9007246,10,False
9007247,10,False
9007248,7,False
9007249,12,False
9007250,8,False
9007251,14,False
9007252,14,False
9007253,8,False
9007254,12,False
9007255,11,False
9007256,8,False
9007257,14,False
9007258,12,False
9007259,9,False
9007260,10,False
9007261,9,False
9007262,9,False
9007263,5,False
9007264,9,False
9007265,12,False
9007266,7,False
9007267,7,False
9007268,8,False
9007269,8,False
9007270,12,False
9007271,10,False
9007272,12,False
9007273,9,False
9007274,12,False
9007275,7,False
9007276,12,False
9007277,10,False
9007278,12,False
9007279,12,False
9007280,14,False
9007281,12,False
9007282,12,False
9007283,12,False
9007284,14,False
9007285,12,False
9007286,12,False
9007287,10,False
9007288,9,False
9007289,12,False
9007290,12,False
9007291,10,False
9007292,12,False
9007293,7,False
9007294,10,False
9007295,10,False
9007296,12,False
9007297,7,False
9007298,10,False
9007299,12,False
9007300,12,False
9007301,10,False
9007302,10,False
9007303,12,False
9007304,12,False
9007305,9,False
9007306,9,False
9007307,11,False
9007308,14,False
9007309,12,False
9007310,10,False
9007311,8,False
9007312,9,False
9007313,12,False
9007314,10,False
9007315,8,False
9007316,14,False
9007317,10,False
9007318,8,False
9007319,10,False
9007320,10,False
9007321,8,False
9007322,10,False
9007323,12,False
9007324,6,False
9007325,12,False
9007326,8,False
9007327,9,False
9007328,8,False
9007329,5,False
9007330,10,False
9007331,14,False
9007332,12,False
9007333,10,False
9007334,12,False
9007335,12,False
9007336,10,False
9007337,12,False
9007338,12,False
9007339,6,False
9007340,7,False
9007341,10,False
9007342,10,False
9007343,12,False
9007344,14,False
9007345,10,False
9007346,8,False
9007347,10,False
9007348,10,False
9007349,10,False
9007350,12,False
9007351,12,False
9007352,7,False
9007353,10,False
9007354,12,False
9007355,8,False
9007356,4,False
9007357,10,False
9007358,12,False
9007359,9,False
9007360,4,False
9007361,10,False
9007362,9,False
9007363,6,False
9007364,6,False
9007365,4,False
9007366,12,False
9007367,14,False
9007368,12,False
9007369,10,False
9007370,7,False
9007371,9,False
9007372,14,False
9007373,6,False
9007374,10,False
9007375,7,False
9007376,6,False
9007377,6,False
9007378,12,False
9007379,10,False
9007380,12,False
9007381,12,False
9007382,12,False
9007383,7,False
9007384,9,False
9007385,10,False
9007386,12,False
9007387,10,False
9007388,10,False
9007389,7,False
9007390,4,False
9007391,10,False
9007392,10,False
9007393,10,False
9007394,8,False
9007395,10,False
9007396,8,False
9007397,10,False
9007398,12,False
9007399,10,False
9007400,10,False
9007401,10,False
9007402,7,False
9007403,9,False
9007404,12,False
9007405,12,False
9007406,10,False
9007407,10,False
9007408,12,False
9007409,14,False
9007410,14,False
9007411,14,False
9007412,0,True
9007413,10,False
9007414,10,False
9007415,10,False
9007416,10,False
9007417,12,False
9007418,16,False
9007419,10,False
9007420,10,False
9007421,14,False
9007422,8,False
9007423,12,False
9007424,12,False
9007425,10,False
9007426,12,False
9007427,6,False
9007428,8,False
9007429,14,False
9007430,14,False
9007431,16,False
9007432,12,False
9007433,12,False
9007434,12,False
9007435,12,False
9007436,10,False
9007437,6,False
9007438,10,False
9007439,12,False
9007440,12,False
9007441,14,False
9007442,12,False
9007443,14,False
9007444,4,False
9007445,10,False
9007446,12,False
9007447,12,False
9007448,10,False
9007449,4,False
9007450,12,False
9007451,9,False
9007452,10,False
9007453,9,False
9007454,14,False
9007455,12,False
9007456,12,False
9007457,12,False
9007458,12,False
9007459,11,False
9007460,10,False
9007461,12,False
9007462,7,False
9007463,8,False
9007464,8,False
9007465,12,False
9007466,8,False
9007467,12,False
9007468,8,False
9007469,14,False
9007470,14,False
9007471,8,False
9007472,14,False
9007473,8,False
9007474,14,False
9007475,8,False
9007476,10,False
9007477,7,False
9007478,10,False
9007479,6,False
9007480,12,False
9007481,12,False
9007482,9,False
9007483,10,False
9007484,12,False
9007485,10,False
9007486,4,False
9007487,14,False
9007488,12,False
9007489,12,False
9007490,10,False
9007491,8,False
9007492,8,False
9007493,10,False
9007494,12,False
9007495,9,False
9007496,10,False
9007497,8,False
9007498,14,False
9007499,4,False
9007500,8,False
9007501,10,False
9007502,7,False
9007503,12,False
9007504,10,False
9007505,10,False
9007506,14,False
9007507,10,False
9007508,12,False
9007509,5,False
9007510,9,False
9007511,10,False
9007512,14,False
9007513,10,False
9007514,8,False
9007515,9,False
9007516,8,False
9007517,9,False
9007518,8,False
9007519,12,False
9007520,10,False
9007521,9,False
9007522,10,False
9007523,10,False
9007524,12,False
9007525,9,False
9007526,9,False
9007527,12,False
9007528,12,False
9007529,12,False
9007530,10,False
9007531,9,False
9007532,9,False
9007533,12,False
9007534,9,False
9007535,7,False
9007536,12,False
9007537,10,False
9007538,9,False
9007539,12,False
9007540,6,False
9007541,14,False
9007542,6,False
9007543,12,False
9007544,12,False
9007545,6,False
9007546,10,False
9007547,10,False
9007548,8,False
9007549,12,False
9007550,9,False
9007551,9,False
9007552,12,False
9007553,12,False
9007554,10,False
9007555,8,False
9007556,12,False
9007557,8,False
9007558,12,False
9007559,8,False
9007560,10,False
9007561,9,False
9007562,10,False
9007563,12,False
9007564,10,False
9007565,16,False
9007566,12,False
9007567,10,False
9007568,8,False
9007569,14,False
9007570,8,False
9007571,10,False
9007572,10,False
9007573,8,False
9007574,10,False
9007575,12,False
9007576,9,False
9007577,12,False
9007578,10,False
9007579,10,False
9007580,14,False
9007581,12,False
9007582,12,False
9007583,12,False
9007584,5,False
9007585,12,False
9007586,9,False
9007587,12,False
9007588,12,False
9007589,10,False
9007590,10,False
9007591,12,False
9007592,14,False
9007593,14,False
9007594,10,False
9007595,8,False
9007596,14,False
9007597,12,False
9007598,14,False
9007599,8,False
9007600,11,False
9007601,12,False
9007602,8,False
9007603,12,False
9007604,6,False
9007605,5,False
9007606,12,False
9007607,14,False
9007608,14,False
9007609,10,False
9007610,10,False
9007611,12,False
9007612,12,False
9007613,14,False
9007614,6,False
9007615,12,False
9007616,8,False
9007617,12,False
9007618,12,False
9007619,7,False
9007620,12,False
9007621,9,False
9007622,7,False
9007623,12,False
9007624,9,False
9007625,8,False
9007626,10,False
9007627,10,False
9007628,8,False
9007629,10,False
9007630,10,False
9007631,8,False
9007632,12,False
9007633,6,False
9007634,9,False
9007635,9,False
9007636,8,False
9007637,12,False
9007638,6,False
9007639,8,False
9007640,10,False
9007641,10,False
9007642,12,False
9007643,8,False
9007644,14,False
9007645,8,False
9007646,10,False
9007647,12,False
9007648,12,False
9007649,8,False
9007650,6,False
9007651,14,False
9007652,12,False
9007653,12,False
9007654,12,False
9007655,14,False
9007656,10,False
9007657,10,False
9007658,12,False
9007659,6,False
9007660,12,False
9007661,8,False
9007662,12,False
9007663,14,False
9007664,7,False
9007665,9,False
9007666,8,False
9007667,12,False
9007668,10,False
9007669,10,False
9007670,10,False
9007671,12,False
9007672,10,False
9007673,10,False
9007674,8,False
9007675,8,False
9007676,10,False
9007677,9,False
9007678,12,False
9007679,12,False
9007680,9,False
9007681,14,False
9007682,14,False
9007683,12,False
9007684,12,False
9007685,10,False
9007686,14,False
9007687,12,False
9007688,8,False
9007689,8,False
9007690,11,False
9007691,12,False
9007692,10,False
9007693,10,False
9007694,12,False
9007695,14,False
9007696,12,False
9007697,10,False
9007698,14,False
9007699,10,False
9007700,10,False
9007701,9,False
9007702,7,False
9007703,10,False
9007704,6,False
9007705,12,False
9007706,12,False
9007707,9,False
9007708,10,False
9007709,10,False
9007710,7,False
9007711,12,False
9007712,8,False
9007713,10,False
9007714,8,False
9007715,12,False
9007716,14,False
9007717,12,False
9007718,9,False
9007719,12,False
9007720,12,False
9007721,10,False
9007722,16,False
9007723,14,False
9007724,10,False
9007725,8,False
9007726,9,False
9007727,12,False
9007728,14,False
9007729,8,False
9007730,10,False
9007731,10,False
9007732,10,False
9007733,10,False
9007734,12,False
9007735,12,False
9007736,10,False
9007737,7,False
9007738,12,False
9007739,7,False
9007740,12,False
9007741,12,False
9007742,10,False
9007743,14,False
9007744,8,False
9007745,14,False
9007746,8,False
9007747,12,False
9007748,12,False
9007749,14,False
9007750,12,False
9007751,8,False
9007752,10,False
9007753,12,False
9007754,8,False
9007755,12,False
9007756,10,False
9007757,9,False
9007758,12,False
9007759,7,False
9007760,10,False
9007761,8,False
9007762,9,False
9007763,4,False
9007764,10,False
9007765,7,False
9007766,8,False
9007767,8,False
9007768,10,False
9007769,12,False
9007770,12,False
9007771,12,False
9007772,14,False
9007773,12,False
9007774,6,False
9007775,8,False
9007776,10,False
9007777,12,False
9007778,12,False
9007779,12,False
9007780,8,False
9007781,12,False
9007782,12,False
9007783,9,False
9007784,10,False
9007785,8,False
9007786,12,False
9007787,9,False
9007788,12,False
9007789,12,False
9007790,12,False
9007791,12,False
9007792,12,False
9007793,6,False
9007794,10,False
9007795,8,False
9007796,8,False
9007797,7,False
9007798,10,False
9007799,10,False
9007800,12,False
9007801,10,False
9007802,12,False
9007803,14,False
9007804,10,False
9007805,10,False
9007806,12,False
9007807,10,False
9007808,14,False
9007809,10,False
9007810,14,False
9007811,7,False
9007812,10,False
9007813,10,False
9007814,12,False
9007815,14,False
9007816,6,False
9007817,12,False
9007818,10,False
9007819,12,False
9007820,8,False
9007821,4,False
9007822,12,False
9007823,5,False
9007824,12,False
9007825,14,False
9007826,12,False
9007827,10,False
9007828,12,False
9007829,10,False
9007830,12,False
9007831,12,False
9007832,6,False
9007833,0,True
9007834,8,False
9007835,10,False
9007836,8,False
9007837,10,False
9007838,12,False
9007839,12,False
9007840,10,False
9007841,12,False
9007842,9,False
9007843,12,False
9007844,12,False
9007845,8,False
9007846,7,False
9007847,8,False
9007848,12,False
9007849,9,False
9007850,7,False
9007851,9,False
9007852,14,False
9007853,10,False
9007854,12,False
9007855,12,False
9007856,10,False
9007857,9,False
9007858,9,False
9007859,10,False
9007860,12,False
9007861,9,False
9007862,8,False
9007863,7,False
9007864,9,False
9007865,12,False
9007866,10,False
9007867,8,False
9007868,10,False
9007869,10,False
9007870,4,False
9007871,8,False
9007872,10,False
9007873,10,False
9007874,8,False
9007875,8,False
9007876,12,False
9007877,4,False
9007878,12,False
9007879,12,False
9007880,12,False
9007881,7,False
9007882,12,False
9007883,12,False
9007884,9,False
9007885,6,False
9007886,10,False
9007887,12,False
9007888,12,False
9007889,12,False
9007890,4,False
9007891,10,False
9007892,4,False
9007893,10,False
9007894,6,False
9007895,8,False
9007896,8,False
9007897,12,False
9007898,4,False
9007899,12,False
9007900,4,False
9007901,3,False
9007902,8,False
9007903,8,False
9007904,14,False
9007905,10,False
9007906,12,False
9007907,7,False
9007908,12,False
9007909,8,False
9007910,10,False
9007911,8,False
9007912,14,False
9007913,8,False
9007914,12,False
9007915,4,False
9007916,10,False
9007917,7,False
9007918,10,False
9007919,4,False
9007920,12,False
9007921,10,False
9007922,12,False
9007923,5,False
9007924,14,False
9007925,10,False
9007926,10,False
9007927,10,False
9007928,8,False
9007929,9,False
9007930,12,False
9007931,14,False
9007932,10,False
9007933,10,False
9007934,7,False
9007935,10,False
9007936,5,False
9007937,7,False
9007938,10,False
9007939,9,False
9007940,12,False
9007941,14,False
9007942,9,False
9007943,10,False
9007944,10,False
9007945,10,False
9007946,10,False
9007947,12,False
9007948,12,False
9007949,9,False
9007950,10,False
9007951,12,False
9007952,10,False
9007953,14,False
9007954,10,False
9007955,12,False
9007956,14,False
9007957,9,False
9007958,10,False
9007959,12,False
9007960,12,False
9007961,10,False
9007962,10,False
9007963,10,False
9007964,10,False
9007965,9,False
9007966,8,False
9007967,10,False
9007968,12,False
9007969,12,False
9007970,9,False
9007971,7,False
9007972,6,False
9007973,12,False
9007974,12,False
9007975,14,False
9007976,9,False
9007977,10,False
9007978,10,False
9007979,9,False
9007980,12,False
9007981,5,False
9007982,8,False
9007983,6,False
9007984,8,False
9007985,10,False
9007986,14,False
9007987,12,False
9007988,8,False
9007989,8,False
9007990,12,False
9007991,10,False
9007992,12,False
9007993,10,False
9007994,9,False
9007995,9,False
9007996,7,False
9007997,7,False
9007998,12,False
9007999,2,False
9008000,8,False
9008001,9,False
9008002,10,False
9008003,10,False
9008004,10,False
9008005,12,False
9008006,8,False
9008007,12,False
9008008,10,False
9008009,10,False
9008010,12,False
9008011,12,False
9008012,8,False
9008013,12,False
9008014,14,False
9008015,12,False
9008016,12,False
9008017,10,False
9008018,9,False
9008019,12,False
9008020,10,False
9008021,8,False
9008022,9,False
9008023,9,False
9008024,8,False
9008025,8,False
9008026,12,False
9008027,10,False
9008028,9,False
9008029,10,False
9008030,6,False
9008031,10,False
9008032,12,False
9008033,6,False
9008034,8,False
9008035,10,False
9008036,7,False
9008037,7,False
9008038,8,False
9008039,10,False
9008040,9,False
9008041,12,False
9008042,12,False
9008043,12,False
9008044,9,False
9008045,12,False
9008046,6,False
9008047,14,False
9008048,10,False
9008049,9,False
9008050,6,False
9008051,12,False
9008052,8,False
9008053,10,False
9008054,6,False
9008055,12,False
9008056,10,False
9008057,12,False
9008058,14,False
9008059,12,False
9008060,9,False
9008061,10,False
9008062,12,False
9008063,12,False
9008064,12,False
9008065,8,False
9008066,9,False
9008067,12,False
9008068,14,False
9008069,12,False
9008070,12,False
9008071,14,False
9008072,12,False
9008073,12,False
9008074,12,False
9008075,12,False
9008076,12,False
9008077,10,False
9008078,10,False
9008079,12,False
9008080,12,False
9008081,12,False
9008082,8,False
9008083,10,False
9008084,14,False
9008085,12,False
9008086,7,False
9008087,12,False
9008088,6,False
9008089,12,False
9008090,14,False
9008091,12,False
9008092,12,False
9008093,12,False
9008094,6,False
9008095,7,False
9008096,4,False
9008097,7,False
9008098,11,False
9008099,11,False
9008100,12,False
9008101,12,False
9008102,12,False
9008103,8,False
9008104,8,False
9008105,12,False
9008106,12,False
9008107,9,False
9008108,12,False
9008109,10,False
9008110,12,False
9008111,10,False
9008112,12,False
9008113,4,False
9008114,10,False
9008115,10,False
9008116,12,False
9008117,10,False
9008118,12,False
9008119,10,False
9008120,10,False
9008121,10,False
9008122,9,False
9008123,6,False
9008124,12,False
9008125,12,False
9008126,10,False
9008127,12,False
9008128,12,False
9008129,14,False
9008130,10,False
9008131,6,False
9008132,8,False
9008133,7,False
9008134,3,False
9008135,9,False
9008136,6,False
9008137,8,False
9008138,12,False
9008139,12,False
9008140,10,False
9008141,12,False
9008142,10,False
9008143,9,False
9008144,8,False
9008145,12,False
9008146,9,False
9008147,10,False
9008148,12,False
9008149,10,False
9008150,14,False
9008151,10,False
9008152,10,False
9008153,14,False
9008154,10,False
9008155,6,False
9008156,10,False
9008157,8,False
9008158,8,False
9008159,8,False
9008160,10,False
9008161,10,False
9008162,10,False
9008163,8,False
9008164,10,False
9008165,4,False
9008166,9,False
9008167,12,False
9008168,8,False
9008169,10,False
9008170,9,False
9008171,6,False
9008172,12,False
9008173,12,False
9008174,12,False
9008175,11,False
9008176,8,False
9008177,8,False
9008178,12,False
9008179,9,False
9008180,12,False
9008181,12,False
9008182,8,False
9008183,10,False
9008184,12,False
9008185,6,False
9008186,14,False
9008187,10,False
9008188,12,False
9008189,8,False
9008190,12,False
9008191,8,False
9008192,16,False
9008193,10,False
9008194,6,False
9008195,10,False
9008196,10,False
9008197,9,False
9008198,10,False
9008199,10,False
9008200,12,False
9008201,12,False
9008202,12,False
9008203,8,False
9008204,8,False
9008205,10,False
9008206,12,False
9008207,9,False
9008208,8,False
9008209,12,False
9008210,14,False
9008211,8,False
9008212,12,False
9008213,16,False
9008214,9,False
9008215,10,False
9008216,12,False
9008217,12,False
9008218,12,False
9008219,10,False
9008220,14,False
9008221,7,False
9008222,12,False
9008223,14,False
9008224,6,False
9008225,14,False
9008226,12,False
9008227,10,False
9008228,12,False
9008229,6,False
9008230,12,False
9008231,8,False
9008232,9,False
9008233,7,False
9008234,5,False
9008235,10,False
9008236,14,False
9008237,12,False
9008238,10,False
9008239,8,False
9008240,10,False
9008241,10,False
9008242,8,False
9008243,12,False
9008244,10,False
9008245,10,False
9008246,8,False
9008247,8,False
9008248,8,False
9008249,10,False
9008250,8,False
9008251,10,False
9008252,12,False
9008253,8,False
9008254,12,False
9008255,4,False
9008256,14,False
9008257,12,False
9008258,10,False
9008259,8,False
9008260,10,False
9008261,9,False
9008262,14,False
9008263,7,False
9008264,11,False
9008265,8,False
9008266,8,False
9008267,10,False
9008268,9,False
9008269,8,False
9008270,6,False
9008271,5,False
9008272,8,False
9008273,10,False
9008274,14,False
9008275,10,False
9008276,7,False
9008277,3,False
9008278,10,False
9008279,9,False
9008280,10,False
9008281,9,False
9008282,14,False
9008283,9,False
9008284,10,False
9008285,10,False
9008286,12,False
9008287,12,False
9008288,8,False
9008289,14,False
9008290,6,False
9008291,10,False
9008292,7,False
9008293,10,False
9008294,12,False
9008295,10,False
9008296,10,False
9008297,6,False
9008298,10,False
9008299,12,False
9008300,14,False
9008301,10,False
9008302,10,False
9008303,10,False
9008304,12,False
9008305,8,False
9008306,8,False
9008307,2,False
9008308,14,False
9008309,10,False
9008310,7,False
9008311,12,False
9008312,7,False
9008313,7,False
9008314,6,False
9008315,14,False
9008316,12,False
9008317,10,False
9008318,12,False
9008319,12,False
9008320,8,False
9008321,8,False
9008322,12,False
9008323,12,False
9008324,8,False
9008325,12,False
9008326,5,False
9008327,8,False
9008328,12,False
9008329,9,False
9008330,12,False
9008331,10,False
9008332,12,False
9008333,10,False
9008334,10,False
9008335,6,False
9008336,10,False
9008337,7,False
9008338,9,False
9008339,8,False
9008340,9,False
9008341,14,False
9008342,9,False
9008343,14,False
9008344,12,False
9008345,10,False
9008346,12,False
9008347,12,False
9008348,9,False
9008349,12,False
9008350,10,False
9008351,14,False
9008352,9,False
9008353,16,False
9008354,6,False
9008355,14,False
9008356,8,False
9008357,6,False
9008358,12,False
9008359,5,False
9008360,8,False
9008361,8,False
9008362,12,False
9008363,7,False
9008364,8,False
9008365,9,False
9008366,14,False
9008367,12,False
9008368,9,False
9008369,12,False
9008370,10,False
9008371,8,False
9008372,14,False
9008373,8,False
9008374,10,False
9008375,7,False
9008376,8,False
9008377,10,False
9008378,10,False
9008379,8,False
9008380,10,False
9008381,8,False
9008382,9,False
9008383,10,False
9008384,10,False
9008385,10,False
9008386,7,False
9008387,11,False
9008388,8,False
9008389,12,False
9008390,12,False
9008391,9,False
9008392,12,False
9008393,12,False
9008394,9,False
9008395,8,False
9008396,7,False
9008397,14,False
9008398,9,False
9008399,9,False
9008400,12,False
9008401,12,False
9008402,8,False
9008403,7,False
9008404,12,False
9008405,10,False
9008406,12,False
9008407,14,False
9008408,12,False
9008409,6,False
9008410,6,False
9008411,14,False
9008412,12,False
9008413,4,False
9008414,12,False
9008415,12,False
9008416,10,False
9008417,10,False
9008418,14,False
9008419,10,False
9008420,6,False
9008421,7,False
9008422,12,False
9008423,8,False
9008424,6,False
9008425,10,False
9008426,12,False
9008427,10,False
9008428,12,False
9008429,7,False
9008430,12,False
9008431,14,False
9008432,6,False
9008433,14,False
9008434,12,False
9008435,12,False
9008436,10,False
9008437,14,False
9008438,12,False
9008439,12,False
9008440,10,False
9008441,8,False
9008442,8,False
9008443,3,False
9008444,8,False
9008445,8,False
9008446,10,False
9008447,14,False
9008448,12,False
9008449,6,False
9008450,8,False
9008451,7,False
9008452,6,False
9008453,8,False
9008454,12,False
9008455,14,False
9008456,10,False
9008457,10,False
9008458,7,False
9008459,12,False
9008460,12,False
9008461,10,False
9008462,14,False
9008463,6,False
9008464,10,False
9008465,12,False
9008466,7,False
9008467,12,False
9008468,9,False
9008469,12,False
9008470,10,False
9008471,10,False
9008472,9,False
9008473,12,False
9008474,8,False
9008475,12,False
9008476,9,False
9008477,10,False
9008478,6,False
9008479,12,False
9008480,10,False
9008481,12,False
9008482,10,False
9008483,12,False
9008484,5,False
9008485,10,False
9008486,8,False
9008487,8,False
9008488,10,False
9008489,12,False
9008490,7,False
9008491,12,False
9008492,14,False
9008493,12,False
9008494,5,False
9008495,8,False
9008496,9,False
9008497,7,False
9008498,6,False
9008499,10,False
9008500,10,False
9008501,12,False
9008502,10,False
9008503,6,False
9008504,12,False
9008505,12,False
9008506,10,False
9008507,8,False
9008508,11,False
9008509,10,False
9008510,14,False
9008511,12,False
9008512,12,False
9008513,11,False
9008514,12,False
9008515,12,False
9008516,10,False
9008517,12,False
9008518,8,False
9008519,7,False
9008520,12,False
9008521,12,False
9008522,8,False
9008523,10,False
9008524,12,False
9008525,9,False
9008526,12,False
9008527,7,False
9008528,10,False
9008529,6,False
9008530,16,False
9008531,12,False
9008532,9,False
9008533,14,False
9008534,6,False
9008535,12,False
9008536,12,False
9008537,7,False
9008538,8,False
9008539,10,False
9008540,9,False
9008541,9,False
9008542,12,False
9008543,12,False
9008544,10,False
9008545,8,False
9008546,10,False
9008547,6,False
9008548,12,False
9008549,12,False
9008550,14,False
9008551,12,False
9008552,8,False
9008553,14,False
9008554,12,False
9008555,10,False
9008556,4,False
9008557,16,False
9008558,5,False
9008559,10,False
9008560,8,False
9008561,6,False
9008562,10,False
9008563,10,False
9008564,10,False
9008565,8,False
9008566,10,False
9008567,7,False
9008568,12,False
9008569,8,False
9008570,7,False
9008571,8,False
9008572,10,False
9008573,9,False
9008574,10,False
9008575,10,False
9008576,6,False
9008577,12,False
9008578,10,False
9008579,6,False
9008580,9,False
9008581,8,False
9008582,10,False
9008583,10,False
9008584,12,False
9008585,9,False
9008586,5,False
9008587,12,False
9008588,7,False
9008589,8,False
9008590,3,False
9008591,14,False
9008592,10,False
9008593,9,False
9008594,12,False
9008595,10,False
9008596,12,False
9008597,9,False
9008598,9,False
9008599,10,False
9008600,8,False
9008601,12,False
9008602,10,False
9008603,10,False
9008604,8,False
9008605,11,False
9008606,9,False
9008607,12,False
9008608,12,False
9008609,12,False
9008610,6,False
9008611,6,False
9008612,10,False
9008613,14,False
9008614,9,False
9008615,10,False
9008616,10,False
9008617,10,False
9008618,7,False
9008619,8,False
9008620,4,False
9008621,9,False
9008622,9,False
9008623,12,False
9008624,7,False
9008625,10,False
9008626,9,False
9008627,10,False
9008628,10,False
9008629,14,False
9008630,9,False
9008631,12,False
9008632,10,False
9008633,8,False
9008634,10,False
9008635,8,False
9008636,12,False
9008637,12,False
9008638,9,False
9008639,10,False
9008640,14,False
9008641,8,False
9008642,10,False
9008643,10,False
9008644,8,False
9008645,10,False
9008646,8,False
9008647,12,False
9008648,8,False
9008649,10,False
9008650,12,False
9008651,5,False
9008652,12,False
9008653,12,False
9008654,8,False
9008655,10,False
9008656,12,False
9008657,12,False
9008658,8,False
9008659,8,False
9008660,10,False
9008661,14,False
9008662,12,False
9008663,10,False
9008664,10,False
9008665,6,False
9008666,7,False
9008667,8,False
9008668,14,False
9008669,12,False
9008670,10,False
9008671,7,False
9008672,2,False
9008673,12,False
9008674,8,False
9008675,8,False
9008676,8,False
9008677,12,False
9008678,12,False
9008679,12,False
9008680,10,False
9008681,9,False
9008682,12,False
9008683,14,False
9008684,10,False
9008685,12,False
9008686,6,False
9008687,14,False
9008688,12,False
9008689,9,False
9008690,12,False
9008691,14,False
9008692,8,False
9008693,10,False
9008694,12,False
9008695,12,False
9008696,6,False
9008697,9,False
9008698,14,False
9008699,8,False
9008700,12,False
9008701,8,False
9008702,10,False
9008703,7,False
9008704,12,False
9008705,7,False
9008706,12,False
9008707,12,False
9008708,12,False
9008709,7,False
9008710,8,False
9008711,12,False
9008712,14,False
9008713,8,False
9008714,9,False
9008715,9,False
9008716,10,False
9008717,10,False
9008718,8,False
9008719,7,False
9008720,12,False
9008721,12,False
9008722,12,False
9008723,6,False
9008724,12,False
9008725,10,False
9008726,10,False
9008727,10,False
9008728,10,False
9008729,7,False
9008730,10,False
9008731,12,False
9008732,8,False
9008733,10,False
9008734,12,False
9008735,10,False
9008736,10,False
9008737,10,False
9008738,10,False
9008739,12,False
9008740,9,False
9008741,12,False
9008742,8,False
9008743,9,False
9008744,10,False
9008745,7,False
9008746,12,False
9008747,12,False
9008748,9,False
9008749,7,False
9008750,12,False
9008751,5,False
9008752,8,False
9008753,12,False
9008754,6,False
9008755,12,False
9008756,10,False
9008757,8,False
9008758,9,False
9008759,12,False
9008760,12,False
9008761,8,False
9008762,10,False
9008763,10,False
9008764,10,False
9008765,6,False
9008766,8,False
9008767,10,False
9008768,12,False
9008769,12,False
9008770,12,False
9008771,7,False
9008772,8,False
9008773,10,False
9008774,8,False
9008775,9,False
9008776,11,False
9008777,14,False
9008778,8,False
9008779,7,False
9008780,6,False
9008781,7,False
9008782,9,False
9008783,8,False
9008784,12,False
9008785,12,False
9008786,10,False
9008787,10,False
9008788,5,False
9008789,12,False
9008790,12,False
9008791,5,False
9008792,8,False
9008793,10,False
9008794,12,False
9008795,10,False
9008796,10,False
9008797,8,False
9008798,8,False
9008799,10,False
9008800,12,False
9008801,14,False
9008802,14,False
9008803,6,False
9008804,8,False
9008805,12,False
9008806,12,False
9008807,9,False
9008808,7,False
9008809,12,False
9008810,9,False
9008811,14,False
9008812,12,False
9008813,12,False
9008814,10,False
9008815,8,False
9008816,5,False
9008817,14,False
9008818,8,False
9008819,10,False
9008820,8,False
9008821,12,False
9008822,4,False
9008823,8,False
9008824,12,False
9008825,12,False
9008826,10,False
9008827,11,False
9008828,10,False
9008829,10,False
9008830,14,False
9008831,10,False
9008832,10,False
9008833,6,False
9008834,2,False
9008835,12,False
9008836,10,False
9008837,9,False
9008838,9,False
9008839,9,False
9008840,12,False
9008841,12,False
9008842,14,False
9008843,10,False
9008844,12,False
9008845,8,False
9008846,7,False
9008847,10,False
9008848,7,False
9008849,10,False
9008850,8,False
9008851,9,False
9008852,12,False
9008853,8,False
9008854,12,False
9008855,6,False
9008856,10,False
9008857,10,False
9008858,10,False
9008859,14,False
9008860,14,False
9008861,10,False
9008862,8,False
9008863,8,False
9008864,12,False
9008865,9,False
9008866,12,False
9008867,10,False
9008868,12,False
9008869,12,False
9008870,12,False
9008871,7,False
9008872,12,False
9008873,12,False
9008874,8,False
9008875,12,False
9008876,12,False
9008877,11,False
9008878,10,False
9008879,10,False
9008880,8,False
9008881,10,False
9008882,9,False
9008883,10,False
9008884,10,False
9008885,12,False
9008886,8,False
9008887,12,False
9008888,8,False
9008889,8,False
9008890,8,False
9008891,12,False
9008892,10,False
9008893,8,False
9008894,14,False
9008895,8,False
9008896,12,False
9008897,10,False
9008898,12,False
9008899,12,False
9008900,12,False
9008901,8,False
9008902,10,False
9008903,12,False
9008904,10,False
9008905,14,False
9008906,12,False
9008907,10,False
9008908,8,False
9008909,9,False
9008910,3,False
9008911,12,False
9008912,14,False
9008913,9,False
9008914,9,False
9008915,6,False
9008916,12,False
9008917,12,False
9008918,10,False
9008919,10,False
9008920,9,False
9008921,7,False
9008922,14,False
9008923,8,False
9008924,10,False
9008925,12,False
9008926,12,False
9008927,8,False
9008928,12,False
9008929,8,False
9008930,7,False
9008931,8,False
9008932,10,False
9008933,12,False
9008934,6,False
9008935,6,False
9008936,10,False
9008937,8,False
9008938,7,False
9008939,12,False
9008940,8,False
9008941,14,False
9008942,10,False
9008943,12,False
9008944,8,False
9008945,12,False
9008946,6,False
9008947,14,False
9008948,5,False
9008949,14,False
9008950,10,False
9008951,10,False
9008952,10,False
9008953,14,False
9008954,12,False
9008955,8,False
9008956,12,False
9008957,12,False
9008958,7,False
9008959,10,False
9008960,12,False
9008961,10,False
9008962,12,False
9008963,12,False
9008964,10,False
9008965,12,False
9008966,7,False
9008967,6,False
9008968,7,False
9008969,14,False
9008970,12,False
9008971,10,False
9008972,12,False
9008973,14,False
9008974,7,False
9008975,10,False
9008976,10,False
9008977,8,False
9008978,7,False
9008979,8,False
9008980,8,False
9008981,7,False
9008982,16,False
9008983,10,False
9008984,12,False
9008985,8,False
9008986,6,False
9008987,7,False
9008988,12,False
9008989,12,False
9008990,8,False
9008991,14,False
9008992,8,False
9008993,12,False
9008994,12,False
9008995,9,False
9008996,12,False
9008997,8,False
9008998,10,False
9008999,14,False
9009000,9,False
9009001,12,False
9009002,7,False
9009003,9,False
9009004,12,False
9009005,10,False
9009006,10,False
9009007,6,False
9009008,10,False
9009009,8,False
9009010,12,False
9009011,10,False
9009012,12,False
9009013,10,False
9009014,10,False
9009015,12,False
9009016,12,False
9009017,10,False
9009018,8,False
9009019,12,False
9009020,9,False
9009021,6,False
9009022,5,False
9009023,6,False
9009024,12,False
9009025,9,False
9009026,8,False
9009027,10,False
9009028,3,False
9009029,9,False
9009030,8,False
9009031,10,False
9009032,12,False
9009033,7,False
9009034,10,False
9009035,14,False
9009036,12,False
9009037,10,False
9009038,12,False
9009039,12,False
9009040,14,False
9009041,12,False
9009042,12,False
9009043,7,False
9009044,7,False
9009045,10,False
9009046,10,False
9009047,8,False
9009048,6,False
9009049,12,False
9009050,9,False
9009051,8,False
9009052,12,False
9009053,12,False
9009054,10,False
9009055,8,False
9009056,8,False
9009057,6,False
9009058,12,False
9009059,5,False
9009060,8,False
9009061,10,False
9009062,12,False
9009063,12,False
9009064,5,False
9009065,12,False
9009066,10,False
9009067,6,False
9009068,10,False
9009069,10,False
9009070,10,False
9009071,9,False
9009072,10,False
9009073,8,False
9009074,12,False
9009075,10,False
9009076,12,False
9009077,9,False
9009078,7,False
9009079,10,False
9009080,10,False
9009081,8,False
9009082,14,False
9009083,6,False
9009084,8,False
9009085,8,False
9009086,10,False
9009087,10,False
9009088,12,False
9009089,4,False
9009090,12,False
9009091,10,False
9009092,7,False
9009093,10,False
9009094,9,False
9009095,7,False
9009096,5,False
9009097,8,False
9009098,12,False
9009099,8,False
9009100,4,False
9009101,12,False
9009102,14,False
9009103,14,False
9009104,12,False
9009105,12,False
9009106,12,False
9009107,14,False
9009108,8,False
9009109,7,False
9009110,12,False
9009111,12,False
9009112,9,False
9009113,8,False
9009114,12,False
9009115,8,False
9009116,8,False
9009117,12,False
9009118,12,False
9009119,12,False
9009120,10,False
9009121,8,False
9009122,12,False
9009123,8,False
9009124,9,False
9009125,14,False
9009126,12,False
9009127,10,False
9009128,9,False
9009129,8,False
9009130,12,False
9009131,9,False
9009132,10,False
9009133,8,False
9009134,10,False
9009135,8,False
9009136,10,False
9009137,8,False
9009138,14,False
9009139,8,False
9009140,10,False
9009141,14,False
9009142,12,False
9009143,14,False
9009144,7,False
9009145,10,False
9009146,10,False
9009147,7,False
9009148,10,False
9009149,12,False
9009150,14,False
9009151,9,False
9009152,7,False
9009153,12,False
9009154,9,False
9009155,8,False
9009156,6,False
9009157,12,False
9009158,12,False
9009159,6,False
9009160,9,False
9009161,12,False
9009162,10,False
9009163,10,False
9009164,10,False
9009165,4,False
9009166,14,False
9009167,10,False
9009168,6,False
9009169,12,False
9009170,10,False
9009171,12,False
9009172,10,False
9009173,10,False
9009174,0,True
9009175,12,False
9009176,9,False
9009177,10,False
9009178,9,False
9009179,12,False
9009180,6,False
9009181,12,False
9009182,12,False
9009183,12,False
9009184,7,False
9009185,10,False
9009186,12,False
9009187,10,False
9009188,10,False
9009189,12,False
9009190,10,False
9009191,9,False
9009192,8,False
9009193,14,False
9009194,7,False
9009195,12,False
9009196,5,False
9009197,12,False
9009198,10,False
9009199,12,False
9009200,10,False
9009201,8,False
9009202,7,False
9009203,10,False
9009204,14,False
9009205,14,False
9009206,8,False
9009207,8,False
9009208,7,False
9009209,10,False
9009210,14,False
9009211,12,False
9009212,12,False
9009213,7,False
9009214,10,False
9009215,14,False
9009216,7,False
9009217,10,False
9009218,14,False
9009219,12,False
9009220,4,False
9009221,10,False
9009222,12,False
9009223,12,False
9009224,14,False
9009225,14,False
9009226,8,False
9009227,10,False
9009228,10,False
9009229,6,False
9009230,9,False
9009231,9,False
9009232,9,False
9009233,7,False
9009234,10,False
9009235,8,False
9009236,14,False
9009237,12,False
9009238,12,False
9009239,12,False
9009240,10,False
9009241,12,False
9009242,2,False
9009243,8,False
9009244,12,False
9009245,10,False
9009246,12,False
9009247,12,False
9009248,10,False
9009249,7,False
9009250,9,False
9009251,12,False
9009252,12,False
9009253,14,False
9009254,10,False
9009255,12,False
9009256,10,False
9009257,8,False
9009258,8,False
9009259,10,False
9009260,8,False
9009261,12,False
9009262,9,False
9009263,9,False
9009264,14,False
9009265,10,False
9009266,12,False
9009267,9,False
9009268,12,False
9009269,10,False
9009270,14,False
9009271,14,False
9009272,12,False
9009273,8,False
9009274,12,False
9009275,10,False
9009276,12,False
9009277,12,False
9009278,10,False
9009279,8,False
9009280,10,False
9009281,12,False
9009282,8,False
9009283,10,False
9009284,12,False
9009285,10,False
9009286,6,False
9009287,10,False
9009288,9,False
9009289,12,False
9009290,10,False
9009291,10,False
9009292,12,False
9009293,6,False
9009294,14,False
9009295,16,False
9009296,8,False
9009297,8,False
9009298,8,False
9009299,12,False
9009300,12,False
9009301,8,False
9009302,8,False
9009303,12,False
9009304,14,False
9009305,8,False
9009306,12,False
9009307,8,False
9009308,8,False
9009309,12,False
9009310,12,False
9009311,6,False
9009312,12,False
9009313,12,False
9009314,8,False
9009315,10,False
9009316,14,False
9009317,12,False
9009318,10,False
9009319,9,False
9009320,12,False
9009321,12,False
9009322,12,False
9009323,14,False
9009324,12,False
9009325,8,False
9009326,10,False
9009327,10,False
9009328,5,False
9009329,8,False
9009330,12,False
9009331,8,False
9009332,12,False
9009333,8,False
9009334,12,False
9009335,10,False
9009336,14,False
9009337,12,False
9009338,12,False
9009339,14,False
9009340,12,False
9009341,8,False
9009342,14,False
9009343,10,False
9009344,4,False
9009345,12,False
9009346,5,False
9009347,12,False
9009348,8,False
9009349,7,False
9009350,6,False
9009351,10,False
9009352,10,False
9009353,10,False
9009354,12,False
9009355,12,False
9009356,11,False
9009357,8,False
9009358,10,False
9009359,7,False
9009360,12,False
9009361,10,False
9009362,10,False
9009363,7,False
9009364,8,False
9009365,10,False
9009366,8,False
9009367,12,False
9009368,5,False
9009369,6,False
9009370,9,False
9009371,14,False
9009372,10,False
9009373,10,False
9009374,12,False
9009375,6,False
9009376,12,False
9009377,6,False
9009378,10,False
9009379,8,False
9009380,6,False
9009381,8,False
9009382,10,False
9009383,12,False
9009384,12,False
9009385,14,False
9009386,16,False
9009387,7,False
9009388,6,False
9009389,10,False
9009390,6,False
9009391,7,False
9009392,11,False
9009393,12,False
9009394,10,False
9009395,12,False
9009396,10,False
9009397,9,False
9009398,11,False
9009399,10,False
9009400,12,False
9009401,10,False
9009402,7,False
9009403,8,False
9009404,10,False
9009405,12,False
9009406,7,False
9009407,14,False
9009408,10,False
9009409,16,False
9009410,9,False
9009411,7,False
9009412,8,False
9009413,12,False
9009414,10,False
9009415,8,False
9009416,12,False
9009417,10,False
9009418,6,False
9009419,6,False
9009420,12,False
9009421,9,False
9009422,12,False
9009423,6,False
9009424,8,False
9009425,12,False
9009426,14,False
9009427,8,False
9009428,12,False
9009429,10,False
9009430,9,False
9009431,14,False
9009432,8,False
9009433,10,False
9009434,12,False
9009435,5,False
9009436,10,False
9009437,8,False
9009438,12,False
9009439,5,False
9009440,9,False
9009441,10,False
9009442,10,False
9009443,9,False
9009444,10,False
9009445,12,False
9009446,10,False
9009447,10,False
9009448,8,False
9009449,7,False
9009450,9,False
9009451,12,False
9009452,9,False
9009453,10,False
9009454,10,False
9009455,7,False
9009456,10,False
9009457,10,False
9009458,12,False
9009459,7,False
9009460,12,False
9009461,10,False
9009462,6,False
9009463,4,False
9009464,7,False
9009465,10,False
9009466,12,False
9009467,9,False
9009468,10,False
9009469,14,False
9009470,10,False
9009471,9,False
9009472,8,False
9009473,7,False
9009474,14,False
9009475,10,False
9009476,14,False
9009477,10,False
9009478,10,False
9009479,8,False
9009480,12,False
9009481,12,False
9009482,12,False
9009483,10,False
9009484,12,False
9009485,10,False
9009486,8,False
9009487,12,False
9009488,9,False
9009489,8,False
9009490,14,False
9009491,14,False
9009492,10,False
9009493,10,False
9009494,5,False
9009495,14,False
9009496,10,False
9009497,10,False
9009498,12,False
9009499,12,False
9009500,9,False
9009501,8,False
9009502,7,False
9009503,10,False
9009504,10,False
9009505,9,False
9009506,14,False
9009507,8,False
9009508,12,False
9009509,10,False
9009510,11,False
9009511,10,False
9009512,14,False
9009513,12,False
9009514,3,False
9009515,12,False
9009516,7,False
9009517,9,False
9009518,10,False
9009519,9,False
9009520,12,False
9009521,9,False
9009522,10,False
9009523,9,False
9009524,6,False
9009525,8,False
9009526,12,False
9009527,14,False
9009528,6,False
9009529,12,False
9009530,8,False
9009531,9,False
9009532,12,False
9009533,8,False
9009534,12,False
9009535,12,False
9009536,9,False
9009537,14,False
9009538,12,False
9009539,12,False
9009540,6,False
9009541,6,False
9009542,12,False
9009543,14,False
9009544,10,False
9009545,10,False
9009546,12,False
9009547,10,False
9009548,12,False
9009549,12,False
9009550,9,False
9009551,8,False
9009552,12,False
9009553,8,False
9009554,12,False
9009555,10,False
9009556,8,False
9009557,12,False
9009558,10,False
9009559,8,False
9009560,12,False
9009561,14,False
9009562,9,False
9009563,10,False
9009564,12,False
9009565,8,False
9009566,8,False
9009567,10,False
9009568,7,False
9009569,12,False
9009570,5,False
9009571,9,False
9009572,9,False
9009573,9,False
9009574,10,False
9009575,9,False
9009576,12,False
9009577,9,False
9009578,12,False
9009579,12,False
9009580,12,False
9009581,9,False
9009582,9,False
9009583,8,False
9009584,12,False
9009585,8,False
9009586,9,False
9009587,8,False
9009588,8,False
9009589,9,False
9009590,14,False
9009591,6,False
9009592,12,False
9009593,7,False
9009594,10,False
9009595,8,False
9009596,10,False
9009597,10,False
9009598,10,False
9009599,10,False
9009600,10,False
9009601,14,False
9009602,10,False
9009603,12,False
9009604,8,False
9009605,12,False
9009606,12,False
9009607,10,False
9009608,12,False
9009609,9,False
9009610,9,False
9009611,10,False
9009612,10,False
9009613,9,False
9009614,12,False
9009615,16,False
9009616,10,False
9009617,10,False
9009618,10,False
9009619,12,False
9009620,6,False
9009621,9,False
9009622,12,False
9009623,10,False
9009624,10,False
9009625,10,False
9009626,10,False
9009627,6,False
9009628,10,False
9009629,4,False
9009630,12,False
9009631,7,False
9009632,10,False
9009633,14,False
9009634,12,False
9009635,10,False
9009636,10,False
9009637,10,False
9009638,12,False
9009639,12,False
9009640,9,False
9009641,4,False
9009642,14,False
9009643,8,False
9009644,6,False
9009645,14,False
9009646,12,False
9009647,4,False
9009648,11,False
9009649,6,False
9009650,9,False
9009651,4,False
9009652,10,False
9009653,12,False
9009654,6,False
9009655,10,False
9009656,12,False
9009657,14,False
9009658,16,False
9009659,7,False
9009660,10,False
9009661,11,False
9009662,12,False
9009663,10,False
9009664,12,False
9009665,8,False
9009666,12,False
9009667,12,False
9009668,14,False
9009669,6,False
9009670,12,False
9009671,9,False
9009672,12,False
9009673,7,False
9009674,10,False
9009675,10,False
9009676,12,False
9009677,12,False
9009678,12,False
9009679,12,False
9009680,10,False
9009681,12,False
9009682,10,False
9009683,8,False
9009684,10,False
9009685,12,False
9009686,12,False
9009687,12,False
9009688,8,False
9009689,7,False
9009690,10,False
9009691,10,False
9009692,14,False
9009693,10,False
9009694,11,False
9009695,8,False
9009696,10,False
9009697,10,False
9009698,10,False
9009699,7,False
9009700,10,False
9009701,14,False
9009702,7,False
9009703,9,False
9009704,12,False
9009705,9,False
9009706,5,False
9009707,12,False
9009708,10,False
9009709,12,False
9009710,8,False
9009711,12,False
9009712,11,False
9009713,12,False
9009714,12,False
9009715,10,False
9009716,7,False
9009717,14,False
9009718,8,False
9009719,11,False
9009720,8,False
9009721,12,False
9009722,7,False
9009723,10,False
9009724,12,False
9009725,4,False
9009726,12,False
9009727,10,False
9009728,12,False
9009729,8,False
9009730,10,False
9009731,8,False
9009732,9,False
9009733,10,False
9009734,12,False
9009735,14,False
9009736,12,False
9009737,6,False
9009738,12,False
9009739,6,False
9009740,9,False
9009741,12,False
9009742,12,False
9009743,12,False
9009744,12,False
9009745,10,False
9009746,6,False
9009747,12,False
9009748,8,False
9009749,8,False
9009750,10,False
9009751,12,False
9009752,8,False
9009753,7,False
9009754,12,False
9009755,12,False
9009756,8,False
9009757,5,False
9009758,14,False
9009759,10,False
9009760,4,False
9009761,12,False
9009762,5,False
9009763,10,False
9009764,6,False
9009765,8,False
9009766,12,False
9009767,12,False
9009768,10,False
9009769,9,False
9009770,8,False
9009771,8,False
9009772,10,False
9009773,8,False
9009774,7,False
9009775,9,False
9009776,10,False
9009777,7,False
9009778,10,False
9009779,10,False
9009780,12,False
9009781,14,False
9009782,8,False
9009783,12,False
9009784,12,False
9009785,12,False
9009786,10,False
9009787,12,False
9009788,14,False
9009789,6,False
9009790,10,False
9009791,10,False
9009792,10,False
9009793,8,False
9009794,10,False
9009795,10,False
9009796,2,False
9009797,10,False
9009798,9,False
9009799,12,False
9009800,7,False
9009801,12,False
9009802,10,False
9009803,9,False
9009804,10,False
9009805,12,False
9009806,8,False
9009807,10,False
9009808,12,False
9009809,10,False
9009810,10,False
9009811,8,False
9009812,6,False
9009813,12,False
9009814,14,False
9009815,8,False
9009816,10,False
9009817,10,False
9009818,14,False
9009819,12,False
9009820,9,False
9009821,12,False
9009822,8,False
9009823,10,False
9009824,10,False
9009825,6,False
9009826,10,False
9009827,8,False
9009828,8,False
9009829,12,False
9009830,12,False
9009831,8,False
9009832,12,False
9009833,12,False
9009834,10,False
9009835,7,False
9009836,7,False
9009837,8,False
9009838,10,False
9009839,6,False
9009840,12,False
9009841,8,False
9009842,10,False
9009843,9,False
9009844,6,False
9009845,8,False
9009846,10,False
9009847,12,False
9009848,6,False
9009849,14,False
9009850,8,False
9009851,10,False
9009852,12,False
9009853,10,False
9009854,10,False
9009855,14,False
9009856,7,False
9009857,12,False
9009858,8,False
9009859,10,False
9009860,8,False
9009861,12,False
9009862,14,False
9009863,10,False
9009864,10,False
9009865,10,False
9009866,10,False
9009867,10,False
9009868,8,False
9009869,9,False
9009870,12,False
9009871,8,False
9009872,8,False
9009873,14,False
9009874,6,False
9009875,10,False
9009876,10,False
9009877,12,False
9009878,12,False
9009879,12,False
9009880,10,False
9009881,10,False
9009882,10,False
9009883,12,False
9009884,10,False
9009885,12,False
9009886,10,False
9009887,12,False
9009888,2,False
9009889,8,False
9009890,12,False
9009891,7,False
9009892,10,False
9009893,12,False
9009894,12,False
9009895,8,False
9009896,9,False
9009897,7,False
9009898,14,False
9009899,10,False
9009900,8,False
9009901,9,False
9009902,10,False
9009903,10,False
9009904,9,False
9009905,8,False
9009906,12,False
9009907,9,False
9009908,9,False
9009909,8,False
9009910,14,False
9009911,12,False
9009912,8,False
9009913,7,False
9009914,12,False
9009915,12,False
9009916,10,False
9009917,6,False
9009918,12,False
9009919,10,False
9009920,12,False
9009921,7,False
9009922,12,False
9009923,10,False
9009924,7,False
9009925,10,False
9009926,12,False
9009927,12,False
9009928,12,False
9009929,12,False
9009930,8,False
9009931,10,False
9009932,12,False
9009933,9,False
9009934,6,False
9009935,10,False
9009936,12,False
9009937,12,False
9009938,12,False
9009939,10,False
9009940,10,False
9009941,12,False
9009942,12,False
9009943,12,False
9009944,9,False
9009945,9,False
9009946,5,False
9009947,6,False
9009948,12,False
9009949,12,False
9009950,10,False
9009951,10,False
9009952,14,False
9009953,12,False
9009954,10,False
9009955,12,False
9009956,8,False
9009957,14,False
9009958,8,False
9009959,10,False
9009960,12,False
9009961,10,False
9009962,2,False
9009963,12,False
9009964,8,False
9009965,10,False
9009966,12,False
9009967,14,False
9009968,7,False
9009969,12,False
9009970,12,False
9009971,14,False
9009972,8,False
9009973,14,False
9009974,12,False
9009975,9,False
9009976,12,False
9009977,10,False
9009978,10,False
9009979,8,False
9009980,12,False
9009981,11,False
9009982,12,False
9009983,12,False
9009984,12,False
9009985,12,False
9009986,12,False
9009987,10,False
9009988,14,False
9009989,9,False
9009990,9,False
9009991,8,False
9009992,2,False
9009993,9,False
9009994,12,False
9009995,9,False
9009996,12,False
9009997,10,False
9009998,8,False
9009999,10,False
