策略,是否失败,总分,回合数,seed,达到12+,达到14+
neural_ai,True,0,14,1200000,0,0
neural_ai,True,0,7,1200001,0,0
neural_ai,True,0,7,1200002,0,0
neural_ai,True,0,14,1200003,0,0
neural_ai,True,0,7,1200004,0,0
neural_ai,False,8,21,1200005,0,0
neural_ai,True,0,14,1200006,0,0
neural_ai,False,9,21,1200007,0,0
neural_ai,False,4,21,1200008,0,0
neural_ai,True,0,7,1200009,0,0
neural_ai,True,0,7,1200010,0,0
neural_ai,True,0,21,1200011,0,0
neural_ai,True,0,14,1200012,0,0
neural_ai,True,0,7,1200013,0,0
neural_ai,True,0,7,1200014,0,0
neural_ai,True,0,14,1200015,0,0
neural_ai,True,0,14,1200016,0,0
neural_ai,True,0,14,1200017,0,0
neural_ai,True,0,7,1200018,0,0
neural_ai,True,0,7,1200019,0,0
neural_ai,True,0,7,1200020,0,0
neural_ai,True,0,7,1200021,0,0
neural_ai,True,0,14,1200022,0,0
neural_ai,True,0,14,1200023,0,0
neural_ai,True,0,7,1200024,0,0
neural_ai,True,0,14,1200025,0,0
neural_ai,True,0,7,1200026,0,0
neural_ai,True,0,7,1200027,0,0
neural_ai,True,0,7,1200028,0,0
neural_ai,True,0,7,1200029,0,0
neural_ai,True,0,7,1200030,0,0
neural_ai,False,6,21,1200031,0,0
neural_ai,True,0,7,1200032,0,0
neural_ai,True,0,7,1200033,0,0
neural_ai,False,7,21,1200034,0,0
neural_ai,True,0,7,1200035,0,0
neural_ai,True,0,7,1200036,0,0
neural_ai,False,6,21,1200037,0,0
neural_ai,True,0,7,1200038,0,0
neural_ai,True,0,7,1200039,0,0
neural_ai,True,0,7,1200040,0,0
neural_ai,True,0,7,1200041,0,0
neural_ai,True,0,14,1200042,0,0
neural_ai,True,0,7,1200043,0,0
neural_ai,True,0,7,1200044,0,0
neural_ai,True,0,14,1200045,0,0
neural_ai,True,0,14,1200046,0,0
neural_ai,True,0,7,1200047,0,0
neural_ai,False,9,21,1200048,0,0
neural_ai,False,9,21,1200049,0,0
neural_ai,True,0,14,1200050,0,0
neural_ai,False,7,21,1200051,0,0
neural_ai,True,0,14,1200052,0,0
neural_ai,True,0,7,1200053,0,0
neural_ai,True,0,14,1200054,0,0
neural_ai,True,0,7,1200055,0,0
neural_ai,False,7,21,1200056,0,0
neural_ai,True,0,14,1200057,0,0
neural_ai,True,0,7,1200058,0,0
neural_ai,True,0,14,1200059,0,0
neural_ai,True,0,7,1200060,0,0
neural_ai,True,0,14,1200061,0,0
neural_ai,True,0,7,1200062,0,0
neural_ai,True,0,7,1200063,0,0
neural_ai,True,0,7,1200064,0,0
neural_ai,True,0,14,1200065,0,0
neural_ai,True,0,14,1200066,0,0
neural_ai,True,0,7,1200067,0,0
neural_ai,True,0,21,1200068,0,0
neural_ai,True,0,14,1200069,0,0
neural_ai,True,0,14,1200070,0,0
neural_ai,True,0,7,1200071,0,0
neural_ai,True,0,14,1200072,0,0
neural_ai,True,0,7,1200073,0,0
neural_ai,True,0,14,1200074,0,0
neural_ai,True,0,7,1200075,0,0
neural_ai,True,0,7,1200076,0,0
neural_ai,True,0,21,1200077,0,0
neural_ai,False,7,21,1200078,0,0
neural_ai,True,0,7,1200079,0,0
neural_ai,True,0,21,1200080,0,0
neural_ai,True,0,14,1200081,0,0
neural_ai,True,0,14,1200082,0,0
neural_ai,True,0,7,1200083,0,0
neural_ai,True,0,7,1200084,0,0
neural_ai,False,9,21,1200085,0,0
neural_ai,True,0,14,1200086,0,0
neural_ai,True,0,7,1200087,0,0
neural_ai,True,0,7,1200088,0,0
neural_ai,True,0,7,1200089,0,0
neural_ai,True,0,7,1200090,0,0
neural_ai,True,0,14,1200091,0,0
neural_ai,True,0,7,1200092,0,0
neural_ai,False,9,21,1200093,0,0
neural_ai,True,0,14,1200094,0,0
neural_ai,True,0,7,1200095,0,0
neural_ai,True,0,7,1200096,0,0
neural_ai,True,0,7,1200097,0,0
neural_ai,True,0,7,1200098,0,0
neural_ai,True,0,14,1200099,0,0
neural_ai,False,4,21,1200100,0,0
neural_ai,True,0,14,1200101,0,0
neural_ai,True,0,14,1200102,0,0
neural_ai,True,0,7,1200103,0,0
neural_ai,True,0,7,1200104,0,0
neural_ai,True,0,14,1200105,0,0
neural_ai,True,0,7,1200106,0,0
neural_ai,True,0,7,1200107,0,0
neural_ai,True,0,14,1200108,0,0
neural_ai,True,0,7,1200109,0,0
neural_ai,True,0,7,1200110,0,0
neural_ai,False,9,21,1200111,0,0
neural_ai,True,0,7,1200112,0,0
neural_ai,True,0,14,1200113,0,0
neural_ai,True,0,7,1200114,0,0
neural_ai,False,6,21,1200115,0,0
neural_ai,True,0,7,1200116,0,0
neural_ai,True,0,14,1200117,0,0
neural_ai,False,8,21,1200118,0,0
neural_ai,True,0,7,1200119,0,0
neural_ai,True,0,7,1200120,0,0
neural_ai,True,0,7,1200121,0,0
neural_ai,False,6,21,1200122,0,0
neural_ai,True,0,7,1200123,0,0
neural_ai,True,0,7,1200124,0,0
neural_ai,True,0,14,1200125,0,0
neural_ai,True,0,7,1200126,0,0
neural_ai,True,0,7,1200127,0,0
neural_ai,True,0,7,1200128,0,0
neural_ai,True,0,7,1200129,0,0
neural_ai,True,0,14,1200130,0,0
neural_ai,True,0,7,1200131,0,0
neural_ai,True,0,7,1200132,0,0
neural_ai,True,0,7,1200133,0,0
neural_ai,True,0,7,1200134,0,0
neural_ai,True,0,7,1200135,0,0
neural_ai,True,0,7,1200136,0,0
neural_ai,True,0,7,1200137,0,0
neural_ai,True,0,14,1200138,0,0
neural_ai,True,0,14,1200139,0,0
neural_ai,True,0,7,1200140,0,0
neural_ai,False,6,21,1200141,0,0
neural_ai,True,0,7,1200142,0,0
neural_ai,False,8,21,1200143,0,0
neural_ai,True,0,7,1200144,0,0
neural_ai,True,0,7,1200145,0,0
neural_ai,True,0,14,1200146,0,0
neural_ai,True,0,7,1200147,0,0
neural_ai,True,0,7,1200148,0,0
neural_ai,True,0,7,1200149,0,0
neural_ai,False,6,21,1200150,0,0
neural_ai,True,0,14,1200151,0,0
neural_ai,True,0,7,1200152,0,0
neural_ai,True,0,7,1200153,0,0
neural_ai,True,0,7,1200154,0,0
neural_ai,True,0,14,1200155,0,0
neural_ai,True,0,21,1200156,0,0
neural_ai,True,0,7,1200157,0,0
neural_ai,False,6,21,1200158,0,0
neural_ai,True,0,7,1200159,0,0
neural_ai,True,0,7,1200160,0,0
neural_ai,True,0,14,1200161,0,0
neural_ai,True,0,7,1200162,0,0
neural_ai,True,0,14,1200163,0,0
neural_ai,True,0,7,1200164,0,0
neural_ai,True,0,14,1200165,0,0
neural_ai,True,0,14,1200166,0,0
neural_ai,False,8,21,1200167,0,0
neural_ai,True,0,21,1200168,0,0
neural_ai,True,0,7,1200169,0,0
neural_ai,True,0,7,1200170,0,0
neural_ai,True,0,7,1200171,0,0
neural_ai,True,0,14,1200172,0,0
neural_ai,True,0,14,1200173,0,0
neural_ai,True,0,14,1200174,0,0
neural_ai,True,0,14,1200175,0,0
neural_ai,True,0,14,1200176,0,0
neural_ai,True,0,7,1200177,0,0
neural_ai,True,0,14,1200178,0,0
neural_ai,True,0,7,1200179,0,0
neural_ai,False,6,21,1200180,0,0
neural_ai,True,0,7,1200181,0,0
neural_ai,True,0,14,1200182,0,0
neural_ai,True,0,14,1200183,0,0
neural_ai,True,0,7,1200184,0,0
neural_ai,True,0,7,1200185,0,0
neural_ai,True,0,14,1200186,0,0
neural_ai,True,0,7,1200187,0,0
neural_ai,True,0,7,1200188,0,0
neural_ai,True,0,14,1200189,0,0
neural_ai,True,0,7,1200190,0,0
neural_ai,True,0,14,1200191,0,0
neural_ai,True,0,7,1200192,0,0
neural_ai,True,0,7,1200193,0,0
neural_ai,True,0,7,1200194,0,0
neural_ai,True,0,7,1200195,0,0
neural_ai,True,0,7,1200196,0,0
neural_ai,True,0,7,1200197,0,0
neural_ai,True,0,7,1200198,0,0
neural_ai,True,0,14,1200199,0,0
neural_ai,True,0,7,1200200,0,0
neural_ai,False,9,21,1200201,0,0
neural_ai,True,0,7,1200202,0,0
neural_ai,True,0,14,1200203,0,0
neural_ai,True,0,14,1200204,0,0
neural_ai,True,0,7,1200205,0,0
neural_ai,False,7,21,1200206,0,0
neural_ai,True,0,7,1200207,0,0
neural_ai,True,0,7,1200208,0,0
neural_ai,True,0,14,1200209,0,0
neural_ai,True,0,7,1200210,0,0
neural_ai,True,0,14,1200211,0,0
neural_ai,True,0,14,1200212,0,0
neural_ai,True,0,7,1200213,0,0
neural_ai,False,6,21,1200214,0,0
neural_ai,True,0,7,1200215,0,0
neural_ai,True,0,14,1200216,0,0
neural_ai,True,0,7,1200217,0,0
neural_ai,True,0,7,1200218,0,0
neural_ai,False,7,21,1200219,0,0
neural_ai,True,0,7,1200220,0,0
neural_ai,True,0,7,1200221,0,0
neural_ai,True,0,7,1200222,0,0
neural_ai,True,0,7,1200223,0,0
neural_ai,True,0,14,1200224,0,0
neural_ai,True,0,7,1200225,0,0
neural_ai,True,0,14,1200226,0,0
neural_ai,True,0,14,1200227,0,0
neural_ai,True,0,14,1200228,0,0
neural_ai,True,0,14,1200229,0,0
neural_ai,True,0,7,1200230,0,0
neural_ai,False,9,21,1200231,0,0
neural_ai,True,0,7,1200232,0,0
neural_ai,True,0,14,1200233,0,0
neural_ai,True,0,14,1200234,0,0
neural_ai,True,0,7,1200235,0,0
neural_ai,True,0,7,1200236,0,0
neural_ai,True,0,7,1200237,0,0
neural_ai,True,0,14,1200238,0,0
neural_ai,True,0,7,1200239,0,0
neural_ai,True,0,7,1200240,0,0
neural_ai,True,0,7,1200241,0,0
neural_ai,True,0,7,1200242,0,0
neural_ai,True,0,7,1200243,0,0
neural_ai,True,0,14,1200244,0,0
neural_ai,True,0,7,1200245,0,0
neural_ai,True,0,7,1200246,0,0
neural_ai,True,0,7,1200247,0,0
neural_ai,True,0,7,1200248,0,0
neural_ai,True,0,14,1200249,0,0
neural_ai,True,0,7,1200250,0,0
neural_ai,True,0,7,1200251,0,0
neural_ai,True,0,7,1200252,0,0
neural_ai,True,0,7,1200253,0,0
neural_ai,True,0,7,1200254,0,0
neural_ai,True,0,14,1200255,0,0
neural_ai,True,0,14,1200256,0,0
neural_ai,True,0,7,1200257,0,0
neural_ai,False,8,21,1200258,0,0
neural_ai,True,0,7,1200259,0,0
neural_ai,True,0,14,1200260,0,0
neural_ai,False,8,21,1200261,0,0
neural_ai,True,0,7,1200262,0,0
neural_ai,False,6,21,1200263,0,0
neural_ai,False,6,21,1200264,0,0
neural_ai,True,0,7,1200265,0,0
neural_ai,False,6,21,1200266,0,0
neural_ai,True,0,7,1200267,0,0
neural_ai,True,0,14,1200268,0,0
neural_ai,True,0,7,1200269,0,0
neural_ai,True,0,7,1200270,0,0
neural_ai,True,0,7,1200271,0,0
neural_ai,True,0,14,1200272,0,0
neural_ai,False,9,21,1200273,0,0
neural_ai,True,0,7,1200274,0,0
neural_ai,True,0,14,1200275,0,0
neural_ai,True,0,7,1200276,0,0
neural_ai,True,0,7,1200277,0,0
neural_ai,True,0,7,1200278,0,0
neural_ai,True,0,14,1200279,0,0
neural_ai,True,0,14,1200280,0,0
neural_ai,True,0,7,1200281,0,0
neural_ai,True,0,14,1200282,0,0
neural_ai,True,0,7,1200283,0,0
neural_ai,True,0,7,1200284,0,0
neural_ai,True,0,14,1200285,0,0
neural_ai,True,0,7,1200286,0,0
neural_ai,True,0,14,1200287,0,0
neural_ai,False,7,21,1200288,0,0
neural_ai,True,0,7,1200289,0,0
neural_ai,True,0,7,1200290,0,0
neural_ai,True,0,14,1200291,0,0
neural_ai,True,0,14,1200292,0,0
neural_ai,True,0,14,1200293,0,0
neural_ai,True,0,7,1200294,0,0
neural_ai,False,9,21,1200295,0,0
neural_ai,True,0,7,1200296,0,0
neural_ai,False,7,21,1200297,0,0
neural_ai,True,0,7,1200298,0,0
neural_ai,True,0,14,1200299,0,0
neural_ai,True,0,7,1200300,0,0
neural_ai,True,0,14,1200301,0,0
neural_ai,True,0,14,1200302,0,0
neural_ai,True,0,7,1200303,0,0
neural_ai,True,0,7,1200304,0,0
neural_ai,True,0,7,1200305,0,0
neural_ai,True,0,7,1200306,0,0
neural_ai,False,9,21,1200307,0,0
neural_ai,True,0,7,1200308,0,0
neural_ai,False,3,21,1200309,0,0
neural_ai,True,0,7,1200310,0,0
neural_ai,True,0,7,1200311,0,0
neural_ai,True,0,7,1200312,0,0
neural_ai,True,0,7,1200313,0,0
neural_ai,True,0,7,1200314,0,0
neural_ai,True,0,7,1200315,0,0
neural_ai,True,0,7,1200316,0,0
neural_ai,True,0,7,1200317,0,0
neural_ai,True,0,14,1200318,0,0
neural_ai,True,0,14,1200319,0,0
neural_ai,True,0,7,1200320,0,0
neural_ai,True,0,7,1200321,0,0
neural_ai,True,0,7,1200322,0,0
neural_ai,True,0,7,1200323,0,0
neural_ai,True,0,7,1200324,0,0
neural_ai,True,0,14,1200325,0,0
neural_ai,True,0,14,1200326,0,0
neural_ai,True,0,7,1200327,0,0
neural_ai,True,0,14,1200328,0,0
neural_ai,True,0,14,1200329,0,0
neural_ai,True,0,7,1200330,0,0
neural_ai,True,0,7,1200331,0,0
neural_ai,True,0,7,1200332,0,0
neural_ai,True,0,14,1200333,0,0
neural_ai,True,0,14,1200334,0,0
neural_ai,True,0,7,1200335,0,0
neural_ai,True,0,14,1200336,0,0
neural_ai,True,0,7,1200337,0,0
neural_ai,True,0,14,1200338,0,0
neural_ai,True,0,14,1200339,0,0
neural_ai,True,0,7,1200340,0,0
neural_ai,True,0,14,1200341,0,0
neural_ai,True,0,7,1200342,0,0
neural_ai,True,0,7,1200343,0,0
neural_ai,True,0,7,1200344,0,0
neural_ai,True,0,14,1200345,0,0
neural_ai,True,0,14,1200346,0,0
neural_ai,True,0,7,1200347,0,0
neural_ai,False,9,21,1200348,0,0
neural_ai,False,6,21,1200349,0,0
neural_ai,True,0,14,1200350,0,0
neural_ai,True,0,7,1200351,0,0
neural_ai,True,0,7,1200352,0,0
neural_ai,False,6,21,1200353,0,0
neural_ai,True,0,7,1200354,0,0
neural_ai,True,0,7,1200355,0,0
neural_ai,False,8,21,1200356,0,0
neural_ai,True,0,14,1200357,0,0
neural_ai,True,0,7,1200358,0,0
neural_ai,True,0,14,1200359,0,0
neural_ai,True,0,7,1200360,0,0
neural_ai,True,0,14,1200361,0,0
neural_ai,True,0,14,1200362,0,0
neural_ai,True,0,7,1200363,0,0
neural_ai,True,0,7,1200364,0,0
neural_ai,True,0,7,1200365,0,0
neural_ai,True,0,7,1200366,0,0
neural_ai,True,0,7,1200367,0,0
neural_ai,True,0,7,1200368,0,0
neural_ai,True,0,14,1200369,0,0
neural_ai,True,0,14,1200370,0,0
neural_ai,True,0,14,1200371,0,0
neural_ai,True,0,7,1200372,0,0
neural_ai,True,0,7,1200373,0,0
neural_ai,True,0,14,1200374,0,0
neural_ai,True,0,7,1200375,0,0
neural_ai,True,0,14,1200376,0,0
neural_ai,False,6,21,1200377,0,0
neural_ai,True,0,7,1200378,0,0
neural_ai,True,0,14,1200379,0,0
neural_ai,True,0,7,1200380,0,0
neural_ai,False,10,21,1200381,0,0
neural_ai,False,9,21,1200382,0,0
neural_ai,False,7,21,1200383,0,0
neural_ai,True,0,7,1200384,0,0
neural_ai,True,0,7,1200385,0,0
neural_ai,True,0,7,1200386,0,0
neural_ai,False,7,21,1200387,0,0
neural_ai,True,0,7,1200388,0,0
neural_ai,True,0,7,1200389,0,0
neural_ai,True,0,7,1200390,0,0
neural_ai,True,0,7,1200391,0,0
neural_ai,True,0,7,1200392,0,0
neural_ai,True,0,7,1200393,0,0
neural_ai,True,0,7,1200394,0,0
neural_ai,True,0,14,1200395,0,0
neural_ai,True,0,7,1200396,0,0
neural_ai,True,0,7,1200397,0,0
neural_ai,True,0,7,1200398,0,0
neural_ai,True,0,14,1200399,0,0
neural_ai,True,0,14,1200400,0,0
neural_ai,True,0,14,1200401,0,0
neural_ai,True,0,14,1200402,0,0
neural_ai,False,6,21,1200403,0,0
neural_ai,True,0,14,1200404,0,0
neural_ai,True,0,7,1200405,0,0
neural_ai,True,0,7,1200406,0,0
neural_ai,True,0,14,1200407,0,0
neural_ai,False,9,21,1200408,0,0
neural_ai,True,0,14,1200409,0,0
neural_ai,True,0,7,1200410,0,0
neural_ai,False,7,21,1200411,0,0
neural_ai,True,0,7,1200412,0,0
neural_ai,True,0,14,1200413,0,0
neural_ai,True,0,7,1200414,0,0
neural_ai,True,0,14,1200415,0,0
neural_ai,True,0,7,1200416,0,0
neural_ai,True,0,14,1200417,0,0
neural_ai,True,0,14,1200418,0,0
neural_ai,False,6,21,1200419,0,0
neural_ai,True,0,7,1200420,0,0
neural_ai,True,0,7,1200421,0,0
neural_ai,True,0,7,1200422,0,0
neural_ai,True,0,14,1200423,0,0
neural_ai,True,0,14,1200424,0,0
neural_ai,True,0,7,1200425,0,0
neural_ai,True,0,7,1200426,0,0
neural_ai,True,0,14,1200427,0,0
neural_ai,True,0,7,1200428,0,0
neural_ai,True,0,14,1200429,0,0
neural_ai,False,7,21,1200430,0,0
neural_ai,True,0,21,1200431,0,0
neural_ai,True,0,7,1200432,0,0
neural_ai,True,0,14,1200433,0,0
neural_ai,True,0,14,1200434,0,0
neural_ai,True,0,14,1200435,0,0
neural_ai,True,0,7,1200436,0,0
neural_ai,True,0,7,1200437,0,0
neural_ai,True,0,7,1200438,0,0
neural_ai,True,0,7,1200439,0,0
neural_ai,True,0,14,1200440,0,0
neural_ai,True,0,14,1200441,0,0
neural_ai,False,6,21,1200442,0,0
neural_ai,True,0,14,1200443,0,0
neural_ai,True,0,7,1200444,0,0
neural_ai,False,10,21,1200445,0,0
neural_ai,True,0,7,1200446,0,0
neural_ai,False,7,21,1200447,0,0
neural_ai,True,0,14,1200448,0,0
neural_ai,True,0,7,1200449,0,0
neural_ai,True,0,7,1200450,0,0
neural_ai,True,0,7,1200451,0,0
neural_ai,True,0,7,1200452,0,0
neural_ai,True,0,7,1200453,0,0
neural_ai,True,0,7,1200454,0,0
neural_ai,True,0,7,1200455,0,0
neural_ai,True,0,7,1200456,0,0
neural_ai,True,0,7,1200457,0,0
neural_ai,True,0,14,1200458,0,0
neural_ai,True,0,14,1200459,0,0
neural_ai,True,0,14,1200460,0,0
neural_ai,False,7,21,1200461,0,0
neural_ai,True,0,14,1200462,0,0
neural_ai,True,0,14,1200463,0,0
neural_ai,True,0,7,1200464,0,0
neural_ai,True,0,14,1200465,0,0
neural_ai,True,0,7,1200466,0,0
neural_ai,True,0,14,1200467,0,0
neural_ai,True,0,14,1200468,0,0
neural_ai,True,0,7,1200469,0,0
neural_ai,True,0,7,1200470,0,0
neural_ai,False,9,21,1200471,0,0
neural_ai,True,0,7,1200472,0,0
neural_ai,True,0,14,1200473,0,0
neural_ai,True,0,14,1200474,0,0
neural_ai,True,0,7,1200475,0,0
neural_ai,True,0,7,1200476,0,0
neural_ai,True,0,14,1200477,0,0
neural_ai,True,0,7,1200478,0,0
neural_ai,True,0,21,1200479,0,0
neural_ai,True,0,14,1200480,0,0
neural_ai,True,0,14,1200481,0,0
neural_ai,True,0,7,1200482,0,0
neural_ai,True,0,7,1200483,0,0
neural_ai,True,0,14,1200484,0,0
neural_ai,True,0,14,1200485,0,0
neural_ai,True,0,14,1200486,0,0
neural_ai,False,6,21,1200487,0,0
neural_ai,True,0,14,1200488,0,0
neural_ai,True,0,7,1200489,0,0
neural_ai,True,0,7,1200490,0,0
neural_ai,True,0,14,1200491,0,0
neural_ai,True,0,14,1200492,0,0
neural_ai,True,0,7,1200493,0,0
neural_ai,True,0,7,1200494,0,0
neural_ai,True,0,7,1200495,0,0
neural_ai,True,0,7,1200496,0,0
neural_ai,False,9,21,1200497,0,0
neural_ai,True,0,7,1200498,0,0
neural_ai,True,0,7,1200499,0,0
neural_ai,True,0,7,1200500,0,0
neural_ai,False,7,21,1200501,0,0
neural_ai,True,0,14,1200502,0,0
neural_ai,True,0,7,1200503,0,0
neural_ai,False,7,21,1200504,0,0
neural_ai,True,0,7,1200505,0,0
neural_ai,True,0,7,1200506,0,0
neural_ai,True,0,21,1200507,0,0
neural_ai,False,5,21,1200508,0,0
neural_ai,True,0,14,1200509,0,0
neural_ai,True,0,14,1200510,0,0
neural_ai,True,0,14,1200511,0,0
neural_ai,False,9,21,1200512,0,0
neural_ai,True,0,14,1200513,0,0
neural_ai,True,0,14,1200514,0,0
neural_ai,True,0,14,1200515,0,0
neural_ai,True,0,14,1200516,0,0
neural_ai,True,0,7,1200517,0,0
neural_ai,True,0,7,1200518,0,0
neural_ai,False,6,21,1200519,0,0
neural_ai,True,0,14,1200520,0,0
neural_ai,True,0,7,1200521,0,0
neural_ai,False,6,21,1200522,0,0
neural_ai,True,0,7,1200523,0,0
neural_ai,True,0,7,1200524,0,0
neural_ai,True,0,14,1200525,0,0
neural_ai,True,0,7,1200526,0,0
neural_ai,True,0,7,1200527,0,0
neural_ai,True,0,7,1200528,0,0
neural_ai,True,0,14,1200529,0,0
neural_ai,False,9,21,1200530,0,0
neural_ai,False,9,21,1200531,0,0
neural_ai,True,0,7,1200532,0,0
neural_ai,True,0,7,1200533,0,0
neural_ai,True,0,7,1200534,0,0
neural_ai,True,0,7,1200535,0,0
neural_ai,True,0,7,1200536,0,0
neural_ai,True,0,7,1200537,0,0
neural_ai,True,0,14,1200538,0,0
neural_ai,True,0,14,1200539,0,0
neural_ai,False,6,21,1200540,0,0
neural_ai,True,0,7,1200541,0,0
neural_ai,True,0,14,1200542,0,0
neural_ai,False,6,21,1200543,0,0
neural_ai,True,0,7,1200544,0,0
neural_ai,True,0,7,1200545,0,0
neural_ai,True,0,14,1200546,0,0
neural_ai,True,0,14,1200547,0,0
neural_ai,True,0,7,1200548,0,0
neural_ai,True,0,7,1200549,0,0
neural_ai,True,0,14,1200550,0,0
neural_ai,True,0,14,1200551,0,0
neural_ai,True,0,7,1200552,0,0
neural_ai,True,0,14,1200553,0,0
neural_ai,True,0,14,1200554,0,0
neural_ai,True,0,14,1200555,0,0
neural_ai,True,0,7,1200556,0,0
neural_ai,False,7,21,1200557,0,0
neural_ai,False,10,21,1200558,0,0
neural_ai,True,0,14,1200559,0,0
neural_ai,True,0,14,1200560,0,0
neural_ai,True,0,14,1200561,0,0
neural_ai,True,0,7,1200562,0,0
neural_ai,True,0,7,1200563,0,0
neural_ai,True,0,7,1200564,0,0
neural_ai,True,0,7,1200565,0,0
neural_ai,True,0,7,1200566,0,0
neural_ai,True,0,7,1200567,0,0
neural_ai,True,0,7,1200568,0,0
neural_ai,True,0,14,1200569,0,0
neural_ai,True,0,14,1200570,0,0
neural_ai,False,9,21,1200571,0,0
neural_ai,True,0,7,1200572,0,0
neural_ai,True,0,7,1200573,0,0
neural_ai,False,5,21,1200574,0,0
neural_ai,False,7,21,1200575,0,0
neural_ai,True,0,7,1200576,0,0
neural_ai,True,0,14,1200577,0,0
neural_ai,True,0,7,1200578,0,0
neural_ai,True,0,7,1200579,0,0
neural_ai,True,0,14,1200580,0,0
neural_ai,True,0,7,1200581,0,0
neural_ai,True,0,14,1200582,0,0
neural_ai,True,0,7,1200583,0,0
neural_ai,True,0,7,1200584,0,0
neural_ai,True,0,14,1200585,0,0
neural_ai,True,0,14,1200586,0,0
neural_ai,True,0,14,1200587,0,0
neural_ai,True,0,14,1200588,0,0
neural_ai,True,0,14,1200589,0,0
neural_ai,True,0,7,1200590,0,0
neural_ai,True,0,7,1200591,0,0
neural_ai,True,0,14,1200592,0,0
neural_ai,True,0,7,1200593,0,0
neural_ai,True,0,14,1200594,0,0
neural_ai,False,10,21,1200595,0,0
neural_ai,True,0,7,1200596,0,0
neural_ai,True,0,14,1200597,0,0
neural_ai,True,0,7,1200598,0,0
neural_ai,False,7,21,1200599,0,0
neural_ai,True,0,7,1200600,0,0
neural_ai,True,0,7,1200601,0,0
neural_ai,True,0,7,1200602,0,0
neural_ai,True,0,7,1200603,0,0
neural_ai,True,0,14,1200604,0,0
neural_ai,True,0,7,1200605,0,0
neural_ai,True,0,14,1200606,0,0
neural_ai,False,7,21,1200607,0,0
neural_ai,True,0,7,1200608,0,0
neural_ai,True,0,7,1200609,0,0
neural_ai,True,0,21,1200610,0,0
neural_ai,True,0,7,1200611,0,0
neural_ai,True,0,7,1200612,0,0
neural_ai,True,0,14,1200613,0,0
neural_ai,True,0,7,1200614,0,0
neural_ai,True,0,14,1200615,0,0
neural_ai,True,0,14,1200616,0,0
neural_ai,True,0,14,1200617,0,0
neural_ai,True,0,14,1200618,0,0
neural_ai,True,0,7,1200619,0,0
neural_ai,True,0,7,1200620,0,0
neural_ai,True,0,7,1200621,0,0
neural_ai,True,0,7,1200622,0,0
neural_ai,True,0,7,1200623,0,0
neural_ai,True,0,7,1200624,0,0
neural_ai,True,0,7,1200625,0,0
neural_ai,True,0,7,1200626,0,0
neural_ai,True,0,14,1200627,0,0
neural_ai,True,0,7,1200628,0,0
neural_ai,True,0,21,1200629,0,0
neural_ai,False,7,21,1200630,0,0
neural_ai,True,0,7,1200631,0,0
neural_ai,False,7,21,1200632,0,0
neural_ai,True,0,7,1200633,0,0
neural_ai,True,0,7,1200634,0,0
neural_ai,True,0,14,1200635,0,0
neural_ai,True,0,7,1200636,0,0
neural_ai,False,7,21,1200637,0,0
neural_ai,True,0,14,1200638,0,0
neural_ai,True,0,7,1200639,0,0
neural_ai,True,0,7,1200640,0,0
neural_ai,True,0,7,1200641,0,0
neural_ai,True,0,7,1200642,0,0
neural_ai,True,0,14,1200643,0,0
neural_ai,True,0,7,1200644,0,0
neural_ai,True,0,14,1200645,0,0
neural_ai,True,0,7,1200646,0,0
neural_ai,True,0,14,1200647,0,0
neural_ai,True,0,14,1200648,0,0
neural_ai,True,0,7,1200649,0,0
neural_ai,False,8,21,1200650,0,0
neural_ai,True,0,7,1200651,0,0
neural_ai,False,9,21,1200652,0,0
neural_ai,True,0,14,1200653,0,0
neural_ai,True,0,7,1200654,0,0
neural_ai,True,0,14,1200655,0,0
neural_ai,True,0,7,1200656,0,0
neural_ai,True,0,7,1200657,0,0
neural_ai,True,0,7,1200658,0,0
neural_ai,True,0,14,1200659,0,0
neural_ai,True,0,7,1200660,0,0
neural_ai,True,0,7,1200661,0,0
neural_ai,True,0,14,1200662,0,0
neural_ai,True,0,7,1200663,0,0
neural_ai,True,0,7,1200664,0,0
neural_ai,True,0,7,1200665,0,0
neural_ai,True,0,14,1200666,0,0
neural_ai,True,0,14,1200667,0,0
neural_ai,True,0,14,1200668,0,0
neural_ai,True,0,7,1200669,0,0
neural_ai,True,0,7,1200670,0,0
neural_ai,True,0,14,1200671,0,0
neural_ai,True,0,7,1200672,0,0
neural_ai,True,0,7,1200673,0,0
neural_ai,True,0,14,1200674,0,0
neural_ai,True,0,7,1200675,0,0
neural_ai,True,0,7,1200676,0,0
neural_ai,True,0,14,1200677,0,0
neural_ai,True,0,14,1200678,0,0
neural_ai,True,0,7,1200679,0,0
neural_ai,True,0,7,1200680,0,0
neural_ai,True,0,14,1200681,0,0
neural_ai,True,0,7,1200682,0,0
neural_ai,True,0,7,1200683,0,0
neural_ai,True,0,7,1200684,0,0
neural_ai,True,0,7,1200685,0,0
neural_ai,False,3,21,1200686,0,0
neural_ai,True,0,7,1200687,0,0
neural_ai,True,0,14,1200688,0,0
neural_ai,True,0,14,1200689,0,0
neural_ai,True,0,7,1200690,0,0
neural_ai,True,0,7,1200691,0,0
neural_ai,True,0,7,1200692,0,0
neural_ai,True,0,7,1200693,0,0
neural_ai,True,0,7,1200694,0,0
neural_ai,True,0,14,1200695,0,0
neural_ai,True,0,7,1200696,0,0
neural_ai,True,0,14,1200697,0,0
neural_ai,True,0,7,1200698,0,0
neural_ai,True,0,14,1200699,0,0
neural_ai,True,0,7,1200700,0,0
neural_ai,True,0,7,1200701,0,0
neural_ai,True,0,7,1200702,0,0
neural_ai,True,0,7,1200703,0,0
neural_ai,False,6,21,1200704,0,0
neural_ai,True,0,7,1200705,0,0
neural_ai,True,0,7,1200706,0,0
neural_ai,True,0,7,1200707,0,0
neural_ai,True,0,7,1200708,0,0
neural_ai,True,0,7,1200709,0,0
neural_ai,True,0,14,1200710,0,0
neural_ai,True,0,7,1200711,0,0
neural_ai,True,0,14,1200712,0,0
neural_ai,True,0,14,1200713,0,0
neural_ai,True,0,7,1200714,0,0
neural_ai,False,9,21,1200715,0,0
neural_ai,True,0,14,1200716,0,0
neural_ai,True,0,7,1200717,0,0
neural_ai,True,0,7,1200718,0,0
neural_ai,True,0,14,1200719,0,0
neural_ai,True,0,7,1200720,0,0
neural_ai,True,0,7,1200721,0,0
neural_ai,True,0,7,1200722,0,0
neural_ai,True,0,7,1200723,0,0
neural_ai,True,0,7,1200724,0,0
neural_ai,False,9,21,1200725,0,0
neural_ai,True,0,7,1200726,0,0
neural_ai,True,0,7,1200727,0,0
neural_ai,True,0,7,1200728,0,0
neural_ai,True,0,14,1200729,0,0
neural_ai,True,0,21,1200730,0,0
neural_ai,True,0,7,1200731,0,0
neural_ai,True,0,7,1200732,0,0
neural_ai,True,0,14,1200733,0,0
neural_ai,True,0,14,1200734,0,0
neural_ai,True,0,14,1200735,0,0
neural_ai,True,0,7,1200736,0,0
neural_ai,True,0,7,1200737,0,0
neural_ai,True,0,7,1200738,0,0
neural_ai,True,0,7,1200739,0,0
neural_ai,True,0,7,1200740,0,0
neural_ai,True,0,14,1200741,0,0
neural_ai,True,0,7,1200742,0,0
neural_ai,True,0,7,1200743,0,0
neural_ai,True,0,7,1200744,0,0
neural_ai,True,0,7,1200745,0,0
neural_ai,True,0,7,1200746,0,0
neural_ai,True,0,7,1200747,0,0
neural_ai,True,0,7,1200748,0,0
neural_ai,True,0,7,1200749,0,0
neural_ai,True,0,7,1200750,0,0
neural_ai,True,0,7,1200751,0,0
neural_ai,True,0,14,1200752,0,0
neural_ai,True,0,14,1200753,0,0
neural_ai,True,0,7,1200754,0,0
neural_ai,True,0,14,1200755,0,0
neural_ai,True,0,7,1200756,0,0
neural_ai,True,0,7,1200757,0,0
neural_ai,True,0,14,1200758,0,0
neural_ai,True,0,14,1200759,0,0
neural_ai,True,0,7,1200760,0,0
neural_ai,False,7,21,1200761,0,0
neural_ai,False,7,21,1200762,0,0
neural_ai,True,0,7,1200763,0,0
neural_ai,True,0,7,1200764,0,0
neural_ai,True,0,7,1200765,0,0
neural_ai,True,0,7,1200766,0,0
neural_ai,True,0,7,1200767,0,0
neural_ai,True,0,7,1200768,0,0
neural_ai,True,0,7,1200769,0,0
neural_ai,True,0,7,1200770,0,0
neural_ai,True,0,14,1200771,0,0
neural_ai,True,0,14,1200772,0,0
neural_ai,True,0,14,1200773,0,0
neural_ai,True,0,7,1200774,0,0
neural_ai,True,0,7,1200775,0,0
neural_ai,True,0,7,1200776,0,0
neural_ai,True,0,7,1200777,0,0
neural_ai,True,0,14,1200778,0,0
neural_ai,True,0,7,1200779,0,0
neural_ai,True,0,7,1200780,0,0
neural_ai,True,0,14,1200781,0,0
neural_ai,True,0,7,1200782,0,0
neural_ai,True,0,14,1200783,0,0
neural_ai,True,0,7,1200784,0,0
neural_ai,True,0,7,1200785,0,0
neural_ai,True,0,14,1200786,0,0
neural_ai,True,0,7,1200787,0,0
neural_ai,True,0,14,1200788,0,0
neural_ai,True,0,14,1200789,0,0
neural_ai,True,0,7,1200790,0,0
neural_ai,True,0,14,1200791,0,0
neural_ai,True,0,7,1200792,0,0
neural_ai,True,0,7,1200793,0,0
neural_ai,True,0,7,1200794,0,0
neural_ai,True,0,14,1200795,0,0
neural_ai,False,8,21,1200796,0,0
neural_ai,True,0,7,1200797,0,0
neural_ai,True,0,14,1200798,0,0
neural_ai,False,9,21,1200799,0,0
neural_ai,True,0,14,1200800,0,0
neural_ai,True,0,7,1200801,0,0
neural_ai,True,0,7,1200802,0,0
neural_ai,False,7,21,1200803,0,0
neural_ai,True,0,7,1200804,0,0
neural_ai,True,0,14,1200805,0,0
neural_ai,False,6,21,1200806,0,0
neural_ai,True,0,7,1200807,0,0
neural_ai,True,0,7,1200808,0,0
neural_ai,True,0,7,1200809,0,0
neural_ai,True,0,7,1200810,0,0
neural_ai,True,0,21,1200811,0,0
neural_ai,True,0,7,1200812,0,0
neural_ai,True,0,7,1200813,0,0
neural_ai,True,0,7,1200814,0,0
neural_ai,True,0,14,1200815,0,0
neural_ai,True,0,7,1200816,0,0
neural_ai,True,0,7,1200817,0,0
neural_ai,True,0,7,1200818,0,0
neural_ai,True,0,7,1200819,0,0
neural_ai,True,0,7,1200820,0,0
neural_ai,False,8,21,1200821,0,0
neural_ai,True,0,7,1200822,0,0
neural_ai,True,0,14,1200823,0,0
neural_ai,True,0,14,1200824,0,0
neural_ai,True,0,14,1200825,0,0
neural_ai,True,0,7,1200826,0,0
neural_ai,True,0,21,1200827,0,0
neural_ai,True,0,7,1200828,0,0
neural_ai,True,0,7,1200829,0,0
neural_ai,True,0,14,1200830,0,0
neural_ai,True,0,14,1200831,0,0
neural_ai,True,0,7,1200832,0,0
neural_ai,True,0,7,1200833,0,0
neural_ai,True,0,7,1200834,0,0
neural_ai,False,8,21,1200835,0,0
neural_ai,True,0,7,1200836,0,0
neural_ai,True,0,14,1200837,0,0
neural_ai,True,0,7,1200838,0,0
neural_ai,True,0,7,1200839,0,0
neural_ai,True,0,7,1200840,0,0
neural_ai,True,0,14,1200841,0,0
neural_ai,False,7,21,1200842,0,0
neural_ai,True,0,7,1200843,0,0
neural_ai,False,6,21,1200844,0,0
neural_ai,True,0,14,1200845,0,0
neural_ai,True,0,14,1200846,0,0
neural_ai,True,0,14,1200847,0,0
neural_ai,True,0,14,1200848,0,0
neural_ai,True,0,14,1200849,0,0
neural_ai,True,0,7,1200850,0,0
neural_ai,True,0,7,1200851,0,0
neural_ai,True,0,7,1200852,0,0
neural_ai,True,0,14,1200853,0,0
neural_ai,True,0,7,1200854,0,0
neural_ai,False,9,21,1200855,0,0
neural_ai,True,0,7,1200856,0,0
neural_ai,True,0,7,1200857,0,0
neural_ai,True,0,7,1200858,0,0
neural_ai,True,0,14,1200859,0,0
neural_ai,True,0,7,1200860,0,0
neural_ai,True,0,7,1200861,0,0
neural_ai,True,0,7,1200862,0,0
neural_ai,True,0,7,1200863,0,0
neural_ai,True,0,7,1200864,0,0
neural_ai,True,0,7,1200865,0,0
neural_ai,True,0,7,1200866,0,0
neural_ai,True,0,14,1200867,0,0
neural_ai,True,0,7,1200868,0,0
neural_ai,True,0,7,1200869,0,0
neural_ai,True,0,7,1200870,0,0
neural_ai,True,0,7,1200871,0,0
neural_ai,True,0,7,1200872,0,0
neural_ai,True,0,7,1200873,0,0
neural_ai,True,0,7,1200874,0,0
neural_ai,True,0,7,1200875,0,0
neural_ai,True,0,14,1200876,0,0
neural_ai,False,7,21,1200877,0,0
neural_ai,True,0,7,1200878,0,0
neural_ai,True,0,14,1200879,0,0
neural_ai,True,0,14,1200880,0,0
neural_ai,False,7,21,1200881,0,0
neural_ai,True,0,14,1200882,0,0
neural_ai,True,0,7,1200883,0,0
neural_ai,True,0,14,1200884,0,0
neural_ai,True,0,14,1200885,0,0
neural_ai,False,10,21,1200886,0,0
neural_ai,True,0,7,1200887,0,0
neural_ai,True,0,14,1200888,0,0
neural_ai,True,0,7,1200889,0,0
neural_ai,True,0,7,1200890,0,0
neural_ai,True,0,14,1200891,0,0
neural_ai,True,0,7,1200892,0,0
neural_ai,True,0,14,1200893,0,0
neural_ai,True,0,14,1200894,0,0
neural_ai,True,0,14,1200895,0,0
neural_ai,True,0,7,1200896,0,0
neural_ai,True,0,14,1200897,0,0
neural_ai,True,0,14,1200898,0,0
neural_ai,True,0,14,1200899,0,0
neural_ai,True,0,7,1200900,0,0
neural_ai,True,0,7,1200901,0,0
neural_ai,True,0,7,1200902,0,0
neural_ai,True,0,14,1200903,0,0
neural_ai,True,0,7,1200904,0,0
neural_ai,False,7,21,1200905,0,0
neural_ai,True,0,7,1200906,0,0
neural_ai,True,0,14,1200907,0,0
neural_ai,True,0,7,1200908,0,0
neural_ai,True,0,14,1200909,0,0
neural_ai,True,0,14,1200910,0,0
neural_ai,True,0,7,1200911,0,0
neural_ai,True,0,21,1200912,0,0
neural_ai,True,0,14,1200913,0,0
neural_ai,True,0,7,1200914,0,0
neural_ai,True,0,7,1200915,0,0
neural_ai,True,0,7,1200916,0,0
neural_ai,True,0,14,1200917,0,0
neural_ai,True,0,7,1200918,0,0
neural_ai,False,6,21,1200919,0,0
neural_ai,True,0,14,1200920,0,0
neural_ai,False,9,21,1200921,0,0
neural_ai,True,0,7,1200922,0,0
neural_ai,False,7,21,1200923,0,0
neural_ai,True,0,7,1200924,0,0
neural_ai,True,0,14,1200925,0,0
neural_ai,True,0,7,1200926,0,0
neural_ai,True,0,14,1200927,0,0
neural_ai,True,0,7,1200928,0,0
neural_ai,True,0,7,1200929,0,0
neural_ai,True,0,7,1200930,0,0
neural_ai,True,0,7,1200931,0,0
neural_ai,True,0,14,1200932,0,0
neural_ai,True,0,14,1200933,0,0
neural_ai,True,0,7,1200934,0,0
neural_ai,True,0,7,1200935,0,0
neural_ai,False,7,21,1200936,0,0
neural_ai,True,0,14,1200937,0,0
neural_ai,True,0,7,1200938,0,0
neural_ai,True,0,7,1200939,0,0
neural_ai,True,0,14,1200940,0,0
neural_ai,True,0,7,1200941,0,0
neural_ai,True,0,7,1200942,0,0
neural_ai,False,7,21,1200943,0,0
neural_ai,True,0,7,1200944,0,0
neural_ai,False,6,21,1200945,0,0
neural_ai,True,0,7,1200946,0,0
neural_ai,True,0,7,1200947,0,0
neural_ai,True,0,7,1200948,0,0
neural_ai,True,0,7,1200949,0,0
neural_ai,True,0,14,1200950,0,0
neural_ai,True,0,7,1200951,0,0
neural_ai,True,0,7,1200952,0,0
neural_ai,True,0,14,1200953,0,0
neural_ai,True,0,7,1200954,0,0
neural_ai,True,0,14,1200955,0,0
neural_ai,True,0,7,1200956,0,0
neural_ai,True,0,7,1200957,0,0
neural_ai,True,0,14,1200958,0,0
neural_ai,True,0,7,1200959,0,0
neural_ai,True,0,14,1200960,0,0
neural_ai,True,0,14,1200961,0,0
neural_ai,True,0,7,1200962,0,0
neural_ai,True,0,7,1200963,0,0
neural_ai,True,0,7,1200964,0,0
neural_ai,True,0,14,1200965,0,0
neural_ai,True,0,14,1200966,0,0
neural_ai,True,0,7,1200967,0,0
neural_ai,True,0,7,1200968,0,0
neural_ai,True,0,7,1200969,0,0
neural_ai,True,0,7,1200970,0,0
neural_ai,True,0,21,1200971,0,0
neural_ai,True,0,7,1200972,0,0
neural_ai,False,7,21,1200973,0,0
neural_ai,True,0,21,1200974,0,0
neural_ai,True,0,7,1200975,0,0
neural_ai,True,0,7,1200976,0,0
neural_ai,True,0,14,1200977,0,0
neural_ai,True,0,14,1200978,0,0
neural_ai,True,0,14,1200979,0,0
neural_ai,True,0,7,1200980,0,0
neural_ai,True,0,14,1200981,0,0
neural_ai,True,0,14,1200982,0,0
neural_ai,True,0,7,1200983,0,0
neural_ai,True,0,7,1200984,0,0
neural_ai,True,0,7,1200985,0,0
neural_ai,False,6,21,1200986,0,0
neural_ai,True,0,14,1200987,0,0
neural_ai,True,0,7,1200988,0,0
neural_ai,True,0,7,1200989,0,0
neural_ai,True,0,7,1200990,0,0
neural_ai,True,0,7,1200991,0,0
neural_ai,True,0,7,1200992,0,0
neural_ai,True,0,7,1200993,0,0
neural_ai,True,0,7,1200994,0,0
neural_ai,True,0,14,1200995,0,0
neural_ai,True,0,14,1200996,0,0
neural_ai,True,0,14,1200997,0,0
neural_ai,True,0,7,1200998,0,0
neural_ai,True,0,14,1200999,0,0
neural_ai,True,0,7,1201000,0,0
neural_ai,True,0,7,1201001,0,0
neural_ai,True,0,7,1201002,0,0
neural_ai,True,0,14,1201003,0,0
neural_ai,True,0,7,1201004,0,0
neural_ai,True,0,14,1201005,0,0
neural_ai,True,0,7,1201006,0,0
neural_ai,True,0,7,1201007,0,0
neural_ai,True,0,7,1201008,0,0
neural_ai,True,0,14,1201009,0,0
neural_ai,True,0,14,1201010,0,0
neural_ai,True,0,7,1201011,0,0
neural_ai,True,0,7,1201012,0,0
neural_ai,True,0,7,1201013,0,0
neural_ai,True,0,7,1201014,0,0
neural_ai,True,0,7,1201015,0,0
neural_ai,True,0,14,1201016,0,0
neural_ai,True,0,7,1201017,0,0
neural_ai,True,0,7,1201018,0,0
neural_ai,True,0,14,1201019,0,0
neural_ai,True,0,7,1201020,0,0
neural_ai,True,0,14,1201021,0,0
neural_ai,True,0,7,1201022,0,0
neural_ai,True,0,7,1201023,0,0
neural_ai,True,0,7,1201024,0,0
neural_ai,True,0,7,1201025,0,0
neural_ai,True,0,14,1201026,0,0
neural_ai,True,0,7,1201027,0,0
neural_ai,True,0,14,1201028,0,0
neural_ai,True,0,7,1201029,0,0
neural_ai,True,0,14,1201030,0,0
neural_ai,True,0,14,1201031,0,0
neural_ai,True,0,7,1201032,0,0
neural_ai,True,0,14,1201033,0,0
neural_ai,False,5,21,1201034,0,0
neural_ai,True,0,14,1201035,0,0
neural_ai,True,0,7,1201036,0,0
neural_ai,True,0,7,1201037,0,0
neural_ai,True,0,7,1201038,0,0
neural_ai,True,0,14,1201039,0,0
neural_ai,True,0,7,1201040,0,0
neural_ai,True,0,7,1201041,0,0
neural_ai,True,0,7,1201042,0,0
neural_ai,True,0,7,1201043,0,0
neural_ai,True,0,14,1201044,0,0
neural_ai,True,0,14,1201045,0,0
neural_ai,True,0,14,1201046,0,0
neural_ai,True,0,14,1201047,0,0
neural_ai,True,0,14,1201048,0,0
neural_ai,True,0,14,1201049,0,0
neural_ai,True,0,7,1201050,0,0
neural_ai,True,0,14,1201051,0,0
neural_ai,True,0,14,1201052,0,0
neural_ai,False,7,21,1201053,0,0
neural_ai,False,7,21,1201054,0,0
neural_ai,True,0,7,1201055,0,0
neural_ai,True,0,7,1201056,0,0
neural_ai,True,0,14,1201057,0,0
neural_ai,True,0,7,1201058,0,0
neural_ai,False,7,21,1201059,0,0
neural_ai,False,9,21,1201060,0,0
neural_ai,True,0,14,1201061,0,0
neural_ai,True,0,7,1201062,0,0
neural_ai,True,0,7,1201063,0,0
neural_ai,True,0,7,1201064,0,0
neural_ai,True,0,7,1201065,0,0
neural_ai,True,0,7,1201066,0,0
neural_ai,True,0,14,1201067,0,0
neural_ai,True,0,14,1201068,0,0
neural_ai,True,0,7,1201069,0,0
neural_ai,True,0,7,1201070,0,0
neural_ai,True,0,7,1201071,0,0
neural_ai,False,7,21,1201072,0,0
neural_ai,True,0,14,1201073,0,0
neural_ai,False,6,21,1201074,0,0
neural_ai,False,8,21,1201075,0,0
neural_ai,True,0,14,1201076,0,0
neural_ai,False,6,21,1201077,0,0
neural_ai,True,0,14,1201078,0,0
neural_ai,True,0,7,1201079,0,0
neural_ai,True,0,7,1201080,0,0
neural_ai,True,0,14,1201081,0,0
neural_ai,False,4,21,1201082,0,0
neural_ai,True,0,14,1201083,0,0
neural_ai,True,0,7,1201084,0,0
neural_ai,True,0,14,1201085,0,0
neural_ai,True,0,14,1201086,0,0
neural_ai,True,0,14,1201087,0,0
neural_ai,True,0,7,1201088,0,0
neural_ai,True,0,21,1201089,0,0
neural_ai,False,7,21,1201090,0,0
neural_ai,True,0,7,1201091,0,0
neural_ai,True,0,7,1201092,0,0
neural_ai,True,0,7,1201093,0,0
neural_ai,True,0,7,1201094,0,0
neural_ai,True,0,7,1201095,0,0
neural_ai,False,8,21,1201096,0,0
neural_ai,True,0,7,1201097,0,0
neural_ai,True,0,14,1201098,0,0
neural_ai,True,0,7,1201099,0,0
neural_ai,True,0,7,1201100,0,0
neural_ai,False,5,21,1201101,0,0
neural_ai,False,9,21,1201102,0,0
neural_ai,True,0,14,1201103,0,0
neural_ai,True,0,7,1201104,0,0
neural_ai,True,0,14,1201105,0,0
neural_ai,True,0,7,1201106,0,0
neural_ai,True,0,7,1201107,0,0
neural_ai,True,0,7,1201108,0,0
neural_ai,True,0,14,1201109,0,0
neural_ai,True,0,14,1201110,0,0
neural_ai,True,0,7,1201111,0,0
neural_ai,True,0,7,1201112,0,0
neural_ai,True,0,14,1201113,0,0
neural_ai,True,0,14,1201114,0,0
neural_ai,True,0,7,1201115,0,0
neural_ai,True,0,7,1201116,0,0
neural_ai,True,0,14,1201117,0,0
neural_ai,True,0,7,1201118,0,0
neural_ai,True,0,14,1201119,0,0
neural_ai,False,8,21,1201120,0,0
neural_ai,True,0,14,1201121,0,0
neural_ai,True,0,7,1201122,0,0
neural_ai,True,0,14,1201123,0,0
neural_ai,True,0,14,1201124,0,0
neural_ai,True,0,7,1201125,0,0
neural_ai,True,0,7,1201126,0,0
neural_ai,True,0,14,1201127,0,0
neural_ai,False,8,21,1201128,0,0
neural_ai,True,0,7,1201129,0,0
neural_ai,True,0,7,1201130,0,0
neural_ai,True,0,7,1201131,0,0
neural_ai,False,9,21,1201132,0,0
neural_ai,True,0,14,1201133,0,0
neural_ai,True,0,7,1201134,0,0
neural_ai,True,0,7,1201135,0,0
neural_ai,True,0,14,1201136,0,0
neural_ai,True,0,14,1201137,0,0
neural_ai,True,0,14,1201138,0,0
neural_ai,True,0,14,1201139,0,0
neural_ai,True,0,7,1201140,0,0
neural_ai,True,0,7,1201141,0,0
neural_ai,True,0,14,1201142,0,0
neural_ai,True,0,7,1201143,0,0
neural_ai,False,6,21,1201144,0,0
neural_ai,True,0,7,1201145,0,0
neural_ai,True,0,21,1201146,0,0
neural_ai,True,0,7,1201147,0,0
neural_ai,True,0,7,1201148,0,0
neural_ai,True,0,7,1201149,0,0
neural_ai,True,0,14,1201150,0,0
neural_ai,True,0,7,1201151,0,0
neural_ai,True,0,7,1201152,0,0
neural_ai,False,6,21,1201153,0,0
neural_ai,True,0,14,1201154,0,0
neural_ai,True,0,7,1201155,0,0
neural_ai,True,0,7,1201156,0,0
neural_ai,True,0,7,1201157,0,0
neural_ai,False,8,21,1201158,0,0
neural_ai,True,0,7,1201159,0,0
neural_ai,True,0,14,1201160,0,0
neural_ai,True,0,7,1201161,0,0
neural_ai,True,0,14,1201162,0,0
neural_ai,True,0,7,1201163,0,0
neural_ai,True,0,7,1201164,0,0
neural_ai,True,0,14,1201165,0,0
neural_ai,True,0,14,1201166,0,0
neural_ai,True,0,14,1201167,0,0
neural_ai,False,6,21,1201168,0,0
neural_ai,True,0,7,1201169,0,0
neural_ai,True,0,7,1201170,0,0
neural_ai,True,0,7,1201171,0,0
neural_ai,True,0,7,1201172,0,0
neural_ai,True,0,7,1201173,0,0
neural_ai,True,0,14,1201174,0,0
neural_ai,True,0,7,1201175,0,0
neural_ai,True,0,7,1201176,0,0
neural_ai,True,0,7,1201177,0,0
neural_ai,True,0,14,1201178,0,0
neural_ai,True,0,7,1201179,0,0
neural_ai,True,0,7,1201180,0,0
neural_ai,True,0,14,1201181,0,0
neural_ai,True,0,7,1201182,0,0
neural_ai,False,7,21,1201183,0,0
neural_ai,True,0,21,1201184,0,0
neural_ai,False,7,21,1201185,0,0
neural_ai,True,0,7,1201186,0,0
neural_ai,True,0,7,1201187,0,0
neural_ai,False,7,21,1201188,0,0
neural_ai,True,0,7,1201189,0,0
neural_ai,True,0,14,1201190,0,0
neural_ai,False,6,21,1201191,0,0
neural_ai,False,8,21,1201192,0,0
neural_ai,True,0,7,1201193,0,0
neural_ai,True,0,14,1201194,0,0
neural_ai,True,0,14,1201195,0,0
neural_ai,True,0,7,1201196,0,0
neural_ai,True,0,7,1201197,0,0
neural_ai,True,0,7,1201198,0,0
neural_ai,True,0,7,1201199,0,0
neural_ai,True,0,14,1201200,0,0
neural_ai,True,0,14,1201201,0,0
neural_ai,True,0,7,1201202,0,0
neural_ai,True,0,14,1201203,0,0
neural_ai,True,0,7,1201204,0,0
neural_ai,True,0,7,1201205,0,0
neural_ai,True,0,7,1201206,0,0
neural_ai,True,0,14,1201207,0,0
neural_ai,True,0,21,1201208,0,0
neural_ai,True,0,14,1201209,0,0
neural_ai,True,0,7,1201210,0,0
neural_ai,True,0,21,1201211,0,0
neural_ai,False,7,21,1201212,0,0
neural_ai,True,0,7,1201213,0,0
neural_ai,True,0,14,1201214,0,0
neural_ai,True,0,7,1201215,0,0
neural_ai,True,0,7,1201216,0,0
neural_ai,True,0,7,1201217,0,0
neural_ai,True,0,7,1201218,0,0
neural_ai,False,9,21,1201219,0,0
neural_ai,True,0,7,1201220,0,0
neural_ai,True,0,14,1201221,0,0
neural_ai,True,0,7,1201222,0,0
neural_ai,False,9,21,1201223,0,0
neural_ai,True,0,7,1201224,0,0
neural_ai,False,7,21,1201225,0,0
neural_ai,True,0,7,1201226,0,0
neural_ai,True,0,14,1201227,0,0
neural_ai,True,0,14,1201228,0,0
neural_ai,True,0,7,1201229,0,0
neural_ai,True,0,7,1201230,0,0
neural_ai,True,0,14,1201231,0,0
neural_ai,True,0,7,1201232,0,0
neural_ai,True,0,7,1201233,0,0
neural_ai,True,0,7,1201234,0,0
neural_ai,True,0,7,1201235,0,0
neural_ai,True,0,14,1201236,0,0
neural_ai,True,0,7,1201237,0,0
neural_ai,True,0,7,1201238,0,0
neural_ai,True,0,7,1201239,0,0
neural_ai,True,0,7,1201240,0,0
neural_ai,True,0,7,1201241,0,0
neural_ai,True,0,7,1201242,0,0
neural_ai,True,0,7,1201243,0,0
neural_ai,True,0,14,1201244,0,0
neural_ai,True,0,14,1201245,0,0
neural_ai,True,0,7,1201246,0,0
neural_ai,True,0,7,1201247,0,0
neural_ai,False,7,21,1201248,0,0
neural_ai,True,0,14,1201249,0,0
neural_ai,True,0,14,1201250,0,0
neural_ai,True,0,7,1201251,0,0
neural_ai,True,0,7,1201252,0,0
neural_ai,True,0,7,1201253,0,0
neural_ai,True,0,7,1201254,0,0
neural_ai,True,0,7,1201255,0,0
neural_ai,True,0,14,1201256,0,0
neural_ai,False,6,21,1201257,0,0
neural_ai,True,0,7,1201258,0,0
neural_ai,True,0,14,1201259,0,0
neural_ai,True,0,7,1201260,0,0
neural_ai,True,0,7,1201261,0,0
neural_ai,False,5,21,1201262,0,0
neural_ai,False,6,21,1201263,0,0
neural_ai,True,0,7,1201264,0,0
neural_ai,True,0,7,1201265,0,0
neural_ai,True,0,7,1201266,0,0
neural_ai,True,0,7,1201267,0,0
neural_ai,True,0,14,1201268,0,0
neural_ai,True,0,7,1201269,0,0
neural_ai,False,7,21,1201270,0,0
neural_ai,True,0,7,1201271,0,0
neural_ai,True,0,21,1201272,0,0
neural_ai,True,0,14,1201273,0,0
neural_ai,True,0,7,1201274,0,0
neural_ai,True,0,7,1201275,0,0
neural_ai,True,0,14,1201276,0,0
neural_ai,False,7,21,1201277,0,0
neural_ai,True,0,14,1201278,0,0
neural_ai,True,0,7,1201279,0,0
neural_ai,True,0,14,1201280,0,0
neural_ai,True,0,14,1201281,0,0
neural_ai,True,0,14,1201282,0,0
neural_ai,True,0,14,1201283,0,0
neural_ai,True,0,14,1201284,0,0
neural_ai,True,0,7,1201285,0,0
neural_ai,True,0,7,1201286,0,0
neural_ai,True,0,7,1201287,0,0
neural_ai,True,0,14,1201288,0,0
neural_ai,True,0,14,1201289,0,0
neural_ai,True,0,14,1201290,0,0
neural_ai,True,0,14,1201291,0,0
neural_ai,True,0,7,1201292,0,0
neural_ai,True,0,14,1201293,0,0
neural_ai,True,0,7,1201294,0,0
neural_ai,True,0,7,1201295,0,0
neural_ai,True,0,7,1201296,0,0
neural_ai,True,0,7,1201297,0,0
neural_ai,True,0,7,1201298,0,0
neural_ai,True,0,7,1201299,0,0
neural_ai,True,0,7,1201300,0,0
neural_ai,True,0,7,1201301,0,0
neural_ai,True,0,7,1201302,0,0
neural_ai,True,0,7,1201303,0,0
neural_ai,True,0,7,1201304,0,0
neural_ai,True,0,14,1201305,0,0
neural_ai,True,0,7,1201306,0,0
neural_ai,True,0,7,1201307,0,0
neural_ai,True,0,7,1201308,0,0
neural_ai,True,0,7,1201309,0,0
neural_ai,True,0,7,1201310,0,0
neural_ai,True,0,7,1201311,0,0
neural_ai,True,0,7,1201312,0,0
neural_ai,True,0,7,1201313,0,0
neural_ai,True,0,14,1201314,0,0
neural_ai,True,0,14,1201315,0,0
neural_ai,True,0,7,1201316,0,0
neural_ai,True,0,14,1201317,0,0
neural_ai,True,0,7,1201318,0,0
neural_ai,False,9,21,1201319,0,0
neural_ai,True,0,7,1201320,0,0
neural_ai,True,0,7,1201321,0,0
neural_ai,True,0,7,1201322,0,0
neural_ai,True,0,14,1201323,0,0
neural_ai,True,0,7,1201324,0,0
neural_ai,True,0,7,1201325,0,0
neural_ai,True,0,14,1201326,0,0
neural_ai,True,0,14,1201327,0,0
neural_ai,True,0,7,1201328,0,0
neural_ai,False,7,21,1201329,0,0
neural_ai,True,0,14,1201330,0,0
neural_ai,True,0,14,1201331,0,0
neural_ai,True,0,7,1201332,0,0
neural_ai,True,0,7,1201333,0,0
neural_ai,True,0,7,1201334,0,0
neural_ai,True,0,7,1201335,0,0
neural_ai,True,0,7,1201336,0,0
neural_ai,True,0,7,1201337,0,0
neural_ai,True,0,7,1201338,0,0
neural_ai,True,0,14,1201339,0,0
neural_ai,True,0,14,1201340,0,0
neural_ai,True,0,7,1201341,0,0
neural_ai,True,0,14,1201342,0,0
neural_ai,True,0,14,1201343,0,0
neural_ai,True,0,7,1201344,0,0
neural_ai,True,0,7,1201345,0,0
neural_ai,False,6,21,1201346,0,0
neural_ai,False,8,21,1201347,0,0
neural_ai,True,0,14,1201348,0,0
neural_ai,True,0,14,1201349,0,0
neural_ai,True,0,7,1201350,0,0
neural_ai,True,0,7,1201351,0,0
neural_ai,True,0,7,1201352,0,0
neural_ai,True,0,14,1201353,0,0
neural_ai,True,0,7,1201354,0,0
neural_ai,True,0,7,1201355,0,0
neural_ai,True,0,14,1201356,0,0
neural_ai,True,0,14,1201357,0,0
neural_ai,True,0,14,1201358,0,0
neural_ai,True,0,7,1201359,0,0
neural_ai,True,0,14,1201360,0,0
neural_ai,True,0,7,1201361,0,0
neural_ai,True,0,14,1201362,0,0
neural_ai,True,0,14,1201363,0,0
neural_ai,True,0,14,1201364,0,0
neural_ai,True,0,7,1201365,0,0
neural_ai,True,0,7,1201366,0,0
neural_ai,True,0,14,1201367,0,0
neural_ai,True,0,7,1201368,0,0
neural_ai,True,0,7,1201369,0,0
neural_ai,True,0,7,1201370,0,0
neural_ai,True,0,7,1201371,0,0
neural_ai,True,0,7,1201372,0,0
neural_ai,True,0,14,1201373,0,0
neural_ai,True,0,7,1201374,0,0
neural_ai,True,0,7,1201375,0,0
neural_ai,True,0,7,1201376,0,0
neural_ai,True,0,7,1201377,0,0
neural_ai,True,0,14,1201378,0,0
neural_ai,True,0,14,1201379,0,0
neural_ai,True,0,7,1201380,0,0
neural_ai,True,0,7,1201381,0,0
neural_ai,True,0,7,1201382,0,0
neural_ai,True,0,7,1201383,0,0
neural_ai,True,0,7,1201384,0,0
neural_ai,True,0,14,1201385,0,0
neural_ai,True,0,7,1201386,0,0
neural_ai,True,0,14,1201387,0,0
neural_ai,True,0,7,1201388,0,0
neural_ai,True,0,7,1201389,0,0
neural_ai,True,0,7,1201390,0,0
neural_ai,False,8,21,1201391,0,0
neural_ai,True,0,14,1201392,0,0
neural_ai,True,0,7,1201393,0,0
neural_ai,True,0,14,1201394,0,0
neural_ai,True,0,7,1201395,0,0
neural_ai,True,0,14,1201396,0,0
neural_ai,True,0,7,1201397,0,0
neural_ai,True,0,14,1201398,0,0
neural_ai,True,0,14,1201399,0,0
neural_ai,True,0,7,1201400,0,0
neural_ai,True,0,14,1201401,0,0
neural_ai,True,0,14,1201402,0,0
neural_ai,True,0,7,1201403,0,0
neural_ai,True,0,14,1201404,0,0
neural_ai,True,0,7,1201405,0,0
neural_ai,True,0,14,1201406,0,0
neural_ai,False,6,21,1201407,0,0
neural_ai,True,0,14,1201408,0,0
neural_ai,True,0,7,1201409,0,0
neural_ai,True,0,7,1201410,0,0
neural_ai,True,0,7,1201411,0,0
neural_ai,True,0,14,1201412,0,0
neural_ai,True,0,14,1201413,0,0
neural_ai,True,0,14,1201414,0,0
neural_ai,True,0,14,1201415,0,0
neural_ai,False,7,21,1201416,0,0
neural_ai,True,0,7,1201417,0,0
neural_ai,False,6,21,1201418,0,0
neural_ai,True,0,7,1201419,0,0
neural_ai,False,9,21,1201420,0,0
neural_ai,True,0,14,1201421,0,0
neural_ai,True,0,7,1201422,0,0
neural_ai,False,9,21,1201423,0,0
neural_ai,True,0,7,1201424,0,0
neural_ai,True,0,7,1201425,0,0
neural_ai,True,0,7,1201426,0,0
neural_ai,True,0,7,1201427,0,0
neural_ai,True,0,7,1201428,0,0
neural_ai,True,0,7,1201429,0,0
neural_ai,False,5,21,1201430,0,0
neural_ai,True,0,7,1201431,0,0
neural_ai,False,7,21,1201432,0,0
neural_ai,True,0,14,1201433,0,0
neural_ai,False,8,21,1201434,0,0
neural_ai,True,0,7,1201435,0,0
neural_ai,True,0,7,1201436,0,0
neural_ai,True,0,7,1201437,0,0
neural_ai,True,0,14,1201438,0,0
neural_ai,True,0,7,1201439,0,0
neural_ai,True,0,7,1201440,0,0
neural_ai,True,0,7,1201441,0,0
neural_ai,False,3,21,1201442,0,0
neural_ai,True,0,14,1201443,0,0
neural_ai,True,0,7,1201444,0,0
neural_ai,True,0,7,1201445,0,0
neural_ai,True,0,7,1201446,0,0
neural_ai,True,0,7,1201447,0,0
neural_ai,True,0,14,1201448,0,0
neural_ai,True,0,7,1201449,0,0
neural_ai,True,0,7,1201450,0,0
neural_ai,True,0,7,1201451,0,0
neural_ai,True,0,7,1201452,0,0
neural_ai,True,0,14,1201453,0,0
neural_ai,False,9,21,1201454,0,0
neural_ai,True,0,14,1201455,0,0
neural_ai,True,0,7,1201456,0,0
neural_ai,True,0,14,1201457,0,0
neural_ai,True,0,14,1201458,0,0
neural_ai,True,0,14,1201459,0,0
neural_ai,True,0,7,1201460,0,0
neural_ai,True,0,7,1201461,0,0
neural_ai,False,9,21,1201462,0,0
neural_ai,False,9,21,1201463,0,0
neural_ai,True,0,14,1201464,0,0
neural_ai,True,0,14,1201465,0,0
neural_ai,True,0,14,1201466,0,0
neural_ai,True,0,14,1201467,0,0
neural_ai,True,0,7,1201468,0,0
neural_ai,True,0,14,1201469,0,0
neural_ai,True,0,7,1201470,0,0
neural_ai,True,0,14,1201471,0,0
neural_ai,True,0,7,1201472,0,0
neural_ai,True,0,7,1201473,0,0
neural_ai,True,0,7,1201474,0,0
neural_ai,True,0,7,1201475,0,0
neural_ai,True,0,7,1201476,0,0
neural_ai,True,0,7,1201477,0,0
neural_ai,True,0,14,1201478,0,0
neural_ai,True,0,14,1201479,0,0
neural_ai,True,0,21,1201480,0,0
neural_ai,True,0,7,1201481,0,0
neural_ai,True,0,7,1201482,0,0
neural_ai,False,5,21,1201483,0,0
neural_ai,True,0,7,1201484,0,0
neural_ai,True,0,7,1201485,0,0
neural_ai,True,0,14,1201486,0,0
neural_ai,True,0,14,1201487,0,0
neural_ai,True,0,7,1201488,0,0
neural_ai,False,6,21,1201489,0,0
neural_ai,True,0,14,1201490,0,0
neural_ai,True,0,7,1201491,0,0
neural_ai,True,0,7,1201492,0,0
neural_ai,False,4,21,1201493,0,0
neural_ai,True,0,14,1201494,0,0
neural_ai,True,0,14,1201495,0,0
neural_ai,True,0,14,1201496,0,0
neural_ai,True,0,14,1201497,0,0
neural_ai,True,0,7,1201498,0,0
neural_ai,True,0,14,1201499,0,0
neural_ai,True,0,7,1201500,0,0
neural_ai,True,0,14,1201501,0,0
neural_ai,True,0,14,1201502,0,0
neural_ai,True,0,14,1201503,0,0
neural_ai,True,0,14,1201504,0,0
neural_ai,True,0,14,1201505,0,0
neural_ai,True,0,14,1201506,0,0
neural_ai,True,0,7,1201507,0,0
neural_ai,True,0,7,1201508,0,0
neural_ai,True,0,14,1201509,0,0
neural_ai,False,9,21,1201510,0,0
neural_ai,True,0,14,1201511,0,0
neural_ai,True,0,14,1201512,0,0
neural_ai,True,0,7,1201513,0,0
neural_ai,True,0,7,1201514,0,0
neural_ai,False,6,21,1201515,0,0
neural_ai,True,0,7,1201516,0,0
neural_ai,False,7,21,1201517,0,0
neural_ai,True,0,7,1201518,0,0
neural_ai,True,0,14,1201519,0,0
neural_ai,True,0,14,1201520,0,0
neural_ai,True,0,14,1201521,0,0
neural_ai,True,0,14,1201522,0,0
neural_ai,True,0,14,1201523,0,0
neural_ai,True,0,14,1201524,0,0
neural_ai,True,0,14,1201525,0,0
neural_ai,False,10,21,1201526,0,0
neural_ai,True,0,21,1201527,0,0
neural_ai,True,0,7,1201528,0,0
neural_ai,True,0,14,1201529,0,0
neural_ai,True,0,7,1201530,0,0
neural_ai,True,0,7,1201531,0,0
neural_ai,True,0,14,1201532,0,0
neural_ai,True,0,14,1201533,0,0
neural_ai,True,0,7,1201534,0,0
neural_ai,False,7,21,1201535,0,0
neural_ai,True,0,7,1201536,0,0
neural_ai,True,0,7,1201537,0,0
neural_ai,True,0,7,1201538,0,0
neural_ai,True,0,14,1201539,0,0
neural_ai,True,0,7,1201540,0,0
neural_ai,True,0,14,1201541,0,0
neural_ai,True,0,7,1201542,0,0
neural_ai,True,0,14,1201543,0,0
neural_ai,True,0,7,1201544,0,0
neural_ai,True,0,7,1201545,0,0
neural_ai,True,0,7,1201546,0,0
neural_ai,True,0,21,1201547,0,0
neural_ai,True,0,7,1201548,0,0
neural_ai,True,0,7,1201549,0,0
neural_ai,True,0,14,1201550,0,0
neural_ai,True,0,7,1201551,0,0
neural_ai,True,0,7,1201552,0,0
neural_ai,True,0,7,1201553,0,0
neural_ai,True,0,14,1201554,0,0
neural_ai,False,9,21,1201555,0,0
neural_ai,False,6,21,1201556,0,0
neural_ai,True,0,7,1201557,0,0
neural_ai,True,0,7,1201558,0,0
neural_ai,False,6,21,1201559,0,0
neural_ai,True,0,14,1201560,0,0
neural_ai,True,0,7,1201561,0,0
neural_ai,True,0,14,1201562,0,0
neural_ai,False,9,21,1201563,0,0
neural_ai,True,0,7,1201564,0,0
neural_ai,True,0,7,1201565,0,0
neural_ai,True,0,7,1201566,0,0
neural_ai,False,9,21,1201567,0,0
neural_ai,False,7,21,1201568,0,0
neural_ai,False,8,21,1201569,0,0
neural_ai,True,0,7,1201570,0,0
neural_ai,True,0,14,1201571,0,0
neural_ai,True,0,7,1201572,0,0
neural_ai,True,0,14,1201573,0,0
neural_ai,True,0,7,1201574,0,0
neural_ai,True,0,21,1201575,0,0
neural_ai,True,0,7,1201576,0,0
neural_ai,True,0,7,1201577,0,0
neural_ai,True,0,7,1201578,0,0
neural_ai,True,0,7,1201579,0,0
neural_ai,True,0,7,1201580,0,0
neural_ai,True,0,7,1201581,0,0
neural_ai,False,9,21,1201582,0,0
neural_ai,True,0,7,1201583,0,0
neural_ai,True,0,7,1201584,0,0
neural_ai,True,0,7,1201585,0,0
neural_ai,True,0,7,1201586,0,0
neural_ai,True,0,7,1201587,0,0
neural_ai,True,0,7,1201588,0,0
neural_ai,True,0,14,1201589,0,0
neural_ai,True,0,7,1201590,0,0
neural_ai,True,0,14,1201591,0,0
neural_ai,True,0,14,1201592,0,0
neural_ai,True,0,14,1201593,0,0
neural_ai,True,0,14,1201594,0,0
neural_ai,True,0,7,1201595,0,0
neural_ai,True,0,14,1201596,0,0
neural_ai,True,0,21,1201597,0,0
neural_ai,True,0,14,1201598,0,0
neural_ai,True,0,7,1201599,0,0
neural_ai,True,0,14,1201600,0,0
neural_ai,True,0,14,1201601,0,0
neural_ai,True,0,7,1201602,0,0
neural_ai,False,9,21,1201603,0,0
neural_ai,True,0,14,1201604,0,0
neural_ai,False,7,21,1201605,0,0
neural_ai,True,0,7,1201606,0,0
neural_ai,True,0,14,1201607,0,0
neural_ai,True,0,14,1201608,0,0
neural_ai,False,6,21,1201609,0,0
neural_ai,True,0,7,1201610,0,0
neural_ai,False,7,21,1201611,0,0
neural_ai,True,0,7,1201612,0,0
neural_ai,False,7,21,1201613,0,0
neural_ai,True,0,7,1201614,0,0
neural_ai,False,7,21,1201615,0,0
neural_ai,True,0,7,1201616,0,0
neural_ai,True,0,7,1201617,0,0
neural_ai,True,0,7,1201618,0,0
neural_ai,True,0,7,1201619,0,0
neural_ai,True,0,7,1201620,0,0
neural_ai,True,0,7,1201621,0,0
neural_ai,True,0,14,1201622,0,0
neural_ai,True,0,7,1201623,0,0
neural_ai,True,0,14,1201624,0,0
neural_ai,True,0,7,1201625,0,0
neural_ai,True,0,7,1201626,0,0
neural_ai,True,0,7,1201627,0,0
neural_ai,True,0,7,1201628,0,0
neural_ai,True,0,7,1201629,0,0
neural_ai,True,0,7,1201630,0,0
neural_ai,True,0,14,1201631,0,0
neural_ai,True,0,7,1201632,0,0
neural_ai,True,0,7,1201633,0,0
neural_ai,True,0,7,1201634,0,0
neural_ai,True,0,7,1201635,0,0
neural_ai,False,8,21,1201636,0,0
neural_ai,True,0,7,1201637,0,0
neural_ai,False,5,21,1201638,0,0
neural_ai,True,0,7,1201639,0,0
neural_ai,True,0,7,1201640,0,0
neural_ai,True,0,7,1201641,0,0
neural_ai,True,0,14,1201642,0,0
neural_ai,True,0,7,1201643,0,0
neural_ai,True,0,7,1201644,0,0
neural_ai,True,0,7,1201645,0,0
neural_ai,True,0,7,1201646,0,0
neural_ai,True,0,7,1201647,0,0
neural_ai,True,0,14,1201648,0,0
neural_ai,True,0,7,1201649,0,0
neural_ai,True,0,7,1201650,0,0
neural_ai,True,0,7,1201651,0,0
neural_ai,True,0,7,1201652,0,0
neural_ai,True,0,14,1201653,0,0
neural_ai,True,0,14,1201654,0,0
neural_ai,False,8,21,1201655,0,0
neural_ai,True,0,7,1201656,0,0
neural_ai,True,0,7,1201657,0,0
neural_ai,True,0,7,1201658,0,0
neural_ai,False,6,21,1201659,0,0
neural_ai,False,7,21,1201660,0,0
neural_ai,True,0,7,1201661,0,0
neural_ai,False,5,21,1201662,0,0
neural_ai,True,0,7,1201663,0,0
neural_ai,True,0,7,1201664,0,0
neural_ai,True,0,7,1201665,0,0
neural_ai,True,0,7,1201666,0,0
neural_ai,True,0,7,1201667,0,0
neural_ai,True,0,14,1201668,0,0
neural_ai,True,0,14,1201669,0,0
neural_ai,False,6,21,1201670,0,0
neural_ai,True,0,14,1201671,0,0
neural_ai,True,0,14,1201672,0,0
neural_ai,True,0,7,1201673,0,0
neural_ai,True,0,14,1201674,0,0
neural_ai,True,0,7,1201675,0,0
neural_ai,False,7,21,1201676,0,0
neural_ai,True,0,7,1201677,0,0
neural_ai,True,0,7,1201678,0,0
neural_ai,True,0,14,1201679,0,0
neural_ai,True,0,7,1201680,0,0
neural_ai,True,0,14,1201681,0,0
neural_ai,True,0,7,1201682,0,0
neural_ai,False,9,21,1201683,0,0
neural_ai,True,0,14,1201684,0,0
neural_ai,True,0,14,1201685,0,0
neural_ai,True,0,7,1201686,0,0
neural_ai,True,0,7,1201687,0,0
neural_ai,True,0,7,1201688,0,0
neural_ai,True,0,14,1201689,0,0
neural_ai,True,0,14,1201690,0,0
neural_ai,True,0,7,1201691,0,0
neural_ai,True,0,7,1201692,0,0
neural_ai,True,0,14,1201693,0,0
neural_ai,True,0,14,1201694,0,0
neural_ai,True,0,14,1201695,0,0
neural_ai,True,0,7,1201696,0,0
neural_ai,True,0,7,1201697,0,0
neural_ai,True,0,7,1201698,0,0
neural_ai,True,0,7,1201699,0,0
neural_ai,True,0,7,1201700,0,0
neural_ai,True,0,7,1201701,0,0
neural_ai,False,7,21,1201702,0,0
neural_ai,True,0,7,1201703,0,0
neural_ai,True,0,7,1201704,0,0
neural_ai,True,0,7,1201705,0,0
neural_ai,True,0,7,1201706,0,0
neural_ai,True,0,7,1201707,0,0
neural_ai,True,0,7,1201708,0,0
neural_ai,True,0,14,1201709,0,0
neural_ai,True,0,7,1201710,0,0
neural_ai,True,0,14,1201711,0,0
neural_ai,True,0,7,1201712,0,0
neural_ai,True,0,14,1201713,0,0
neural_ai,True,0,14,1201714,0,0
neural_ai,False,6,21,1201715,0,0
neural_ai,True,0,14,1201716,0,0
neural_ai,True,0,14,1201717,0,0
neural_ai,True,0,14,1201718,0,0
neural_ai,False,7,21,1201719,0,0
neural_ai,True,0,7,1201720,0,0
neural_ai,False,6,21,1201721,0,0
neural_ai,True,0,7,1201722,0,0
neural_ai,True,0,7,1201723,0,0
neural_ai,True,0,7,1201724,0,0
neural_ai,True,0,7,1201725,0,0
neural_ai,True,0,7,1201726,0,0
neural_ai,True,0,14,1201727,0,0
neural_ai,False,7,21,1201728,0,0
neural_ai,True,0,14,1201729,0,0
neural_ai,False,6,21,1201730,0,0
neural_ai,True,0,7,1201731,0,0
neural_ai,True,0,7,1201732,0,0
neural_ai,True,0,7,1201733,0,0
neural_ai,True,0,7,1201734,0,0
neural_ai,True,0,7,1201735,0,0
neural_ai,True,0,7,1201736,0,0
neural_ai,False,9,21,1201737,0,0
neural_ai,True,0,14,1201738,0,0
neural_ai,True,0,7,1201739,0,0
neural_ai,True,0,7,1201740,0,0
neural_ai,True,0,7,1201741,0,0
neural_ai,True,0,7,1201742,0,0
neural_ai,True,0,7,1201743,0,0
neural_ai,True,0,7,1201744,0,0
neural_ai,True,0,14,1201745,0,0
neural_ai,True,0,7,1201746,0,0
neural_ai,True,0,14,1201747,0,0
neural_ai,True,0,7,1201748,0,0
neural_ai,True,0,7,1201749,0,0
neural_ai,True,0,7,1201750,0,0
neural_ai,False,7,21,1201751,0,0
neural_ai,True,0,7,1201752,0,0
neural_ai,True,0,14,1201753,0,0
neural_ai,True,0,14,1201754,0,0
neural_ai,True,0,14,1201755,0,0
neural_ai,True,0,14,1201756,0,0
neural_ai,True,0,7,1201757,0,0
neural_ai,True,0,7,1201758,0,0
neural_ai,True,0,14,1201759,0,0
neural_ai,True,0,7,1201760,0,0
neural_ai,True,0,7,1201761,0,0
neural_ai,True,0,7,1201762,0,0
neural_ai,False,6,21,1201763,0,0
neural_ai,True,0,14,1201764,0,0
neural_ai,False,9,21,1201765,0,0
neural_ai,True,0,7,1201766,0,0
neural_ai,True,0,7,1201767,0,0
neural_ai,True,0,7,1201768,0,0
neural_ai,True,0,14,1201769,0,0
neural_ai,True,0,14,1201770,0,0
neural_ai,True,0,14,1201771,0,0
neural_ai,True,0,7,1201772,0,0
neural_ai,False,6,21,1201773,0,0
neural_ai,True,0,7,1201774,0,0
neural_ai,True,0,7,1201775,0,0
neural_ai,True,0,7,1201776,0,0
neural_ai,True,0,14,1201777,0,0
neural_ai,True,0,7,1201778,0,0
neural_ai,True,0,7,1201779,0,0
neural_ai,True,0,14,1201780,0,0
neural_ai,True,0,14,1201781,0,0
neural_ai,True,0,14,1201782,0,0
neural_ai,True,0,7,1201783,0,0
neural_ai,True,0,7,1201784,0,0
neural_ai,True,0,7,1201785,0,0
neural_ai,True,0,14,1201786,0,0
neural_ai,True,0,7,1201787,0,0
neural_ai,False,7,21,1201788,0,0
neural_ai,True,0,7,1201789,0,0
neural_ai,True,0,7,1201790,0,0
neural_ai,True,0,14,1201791,0,0
neural_ai,True,0,7,1201792,0,0
neural_ai,True,0,14,1201793,0,0
neural_ai,True,0,7,1201794,0,0
neural_ai,True,0,7,1201795,0,0
neural_ai,True,0,7,1201796,0,0
neural_ai,True,0,7,1201797,0,0
neural_ai,True,0,14,1201798,0,0
neural_ai,True,0,7,1201799,0,0
neural_ai,True,0,14,1201800,0,0
neural_ai,True,0,14,1201801,0,0
neural_ai,True,0,7,1201802,0,0
neural_ai,True,0,14,1201803,0,0
neural_ai,True,0,7,1201804,0,0
neural_ai,True,0,7,1201805,0,0
neural_ai,True,0,14,1201806,0,0
neural_ai,False,7,21,1201807,0,0
neural_ai,True,0,7,1201808,0,0
neural_ai,True,0,7,1201809,0,0
neural_ai,False,9,21,1201810,0,0
neural_ai,True,0,14,1201811,0,0
neural_ai,True,0,14,1201812,0,0
neural_ai,True,0,7,1201813,0,0
neural_ai,True,0,14,1201814,0,0
neural_ai,True,0,7,1201815,0,0
neural_ai,True,0,7,1201816,0,0
neural_ai,True,0,7,1201817,0,0
neural_ai,True,0,14,1201818,0,0
neural_ai,True,0,7,1201819,0,0
neural_ai,False,6,21,1201820,0,0
neural_ai,True,0,14,1201821,0,0
neural_ai,True,0,7,1201822,0,0
neural_ai,True,0,14,1201823,0,0
neural_ai,True,0,7,1201824,0,0
neural_ai,True,0,7,1201825,0,0
neural_ai,True,0,14,1201826,0,0
neural_ai,True,0,14,1201827,0,0
neural_ai,True,0,7,1201828,0,0
neural_ai,True,0,7,1201829,0,0
neural_ai,True,0,14,1201830,0,0
neural_ai,True,0,7,1201831,0,0
neural_ai,True,0,14,1201832,0,0
neural_ai,True,0,7,1201833,0,0
neural_ai,True,0,7,1201834,0,0
neural_ai,True,0,14,1201835,0,0
neural_ai,True,0,7,1201836,0,0
neural_ai,True,0,7,1201837,0,0
neural_ai,True,0,7,1201838,0,0
neural_ai,True,0,7,1201839,0,0
neural_ai,True,0,7,1201840,0,0
neural_ai,True,0,7,1201841,0,0
neural_ai,True,0,7,1201842,0,0
neural_ai,False,7,21,1201843,0,0
neural_ai,True,0,7,1201844,0,0
neural_ai,True,0,7,1201845,0,0
neural_ai,True,0,7,1201846,0,0
neural_ai,False,7,21,1201847,0,0
neural_ai,True,0,14,1201848,0,0
neural_ai,True,0,7,1201849,0,0
neural_ai,True,0,14,1201850,0,0
neural_ai,True,0,7,1201851,0,0
neural_ai,True,0,7,1201852,0,0
neural_ai,True,0,7,1201853,0,0
neural_ai,True,0,14,1201854,0,0
neural_ai,False,9,21,1201855,0,0
neural_ai,True,0,14,1201856,0,0
neural_ai,True,0,7,1201857,0,0
neural_ai,True,0,7,1201858,0,0
neural_ai,True,0,14,1201859,0,0
neural_ai,True,0,7,1201860,0,0
neural_ai,False,6,21,1201861,0,0
neural_ai,True,0,14,1201862,0,0
neural_ai,True,0,14,1201863,0,0
neural_ai,True,0,7,1201864,0,0
neural_ai,True,0,7,1201865,0,0
neural_ai,True,0,14,1201866,0,0
neural_ai,True,0,7,1201867,0,0
neural_ai,True,0,14,1201868,0,0
neural_ai,True,0,7,1201869,0,0
neural_ai,True,0,7,1201870,0,0
neural_ai,True,0,7,1201871,0,0
neural_ai,True,0,7,1201872,0,0
neural_ai,True,0,7,1201873,0,0
neural_ai,True,0,14,1201874,0,0
neural_ai,True,0,14,1201875,0,0
neural_ai,True,0,14,1201876,0,0
neural_ai,False,8,21,1201877,0,0
neural_ai,True,0,14,1201878,0,0
neural_ai,True,0,7,1201879,0,0
neural_ai,True,0,14,1201880,0,0
neural_ai,True,0,7,1201881,0,0
neural_ai,True,0,7,1201882,0,0
neural_ai,True,0,14,1201883,0,0
neural_ai,False,5,21,1201884,0,0
neural_ai,True,0,7,1201885,0,0
neural_ai,True,0,7,1201886,0,0
neural_ai,True,0,7,1201887,0,0
neural_ai,True,0,14,1201888,0,0
neural_ai,True,0,7,1201889,0,0
neural_ai,False,6,21,1201890,0,0
neural_ai,True,0,7,1201891,0,0
neural_ai,True,0,7,1201892,0,0
neural_ai,True,0,7,1201893,0,0
neural_ai,True,0,14,1201894,0,0
neural_ai,True,0,7,1201895,0,0
neural_ai,True,0,14,1201896,0,0
neural_ai,False,6,21,1201897,0,0
neural_ai,True,0,7,1201898,0,0
neural_ai,True,0,14,1201899,0,0
neural_ai,True,0,14,1201900,0,0
neural_ai,True,0,7,1201901,0,0
neural_ai,False,6,21,1201902,0,0
neural_ai,True,0,14,1201903,0,0
neural_ai,True,0,14,1201904,0,0
neural_ai,True,0,7,1201905,0,0
neural_ai,True,0,14,1201906,0,0
neural_ai,True,0,7,1201907,0,0
neural_ai,False,6,21,1201908,0,0
neural_ai,False,10,21,1201909,0,0
neural_ai,True,0,14,1201910,0,0
neural_ai,True,0,7,1201911,0,0
neural_ai,True,0,7,1201912,0,0
neural_ai,True,0,7,1201913,0,0
neural_ai,False,7,21,1201914,0,0
neural_ai,True,0,14,1201915,0,0
neural_ai,True,0,7,1201916,0,0
neural_ai,True,0,7,1201917,0,0
neural_ai,True,0,14,1201918,0,0
neural_ai,True,0,14,1201919,0,0
neural_ai,True,0,7,1201920,0,0
neural_ai,True,0,7,1201921,0,0
neural_ai,True,0,14,1201922,0,0
neural_ai,True,0,7,1201923,0,0
neural_ai,True,0,7,1201924,0,0
neural_ai,False,9,21,1201925,0,0
neural_ai,True,0,14,1201926,0,0
neural_ai,True,0,7,1201927,0,0
neural_ai,False,6,21,1201928,0,0
neural_ai,False,7,21,1201929,0,0
neural_ai,False,8,21,1201930,0,0
neural_ai,True,0,14,1201931,0,0
neural_ai,True,0,14,1201932,0,0
neural_ai,False,9,21,1201933,0,0
neural_ai,True,0,7,1201934,0,0
neural_ai,True,0,7,1201935,0,0
neural_ai,True,0,7,1201936,0,0
neural_ai,True,0,14,1201937,0,0
neural_ai,True,0,7,1201938,0,0
neural_ai,False,6,21,1201939,0,0
neural_ai,True,0,14,1201940,0,0
neural_ai,False,7,21,1201941,0,0
neural_ai,True,0,7,1201942,0,0
neural_ai,True,0,7,1201943,0,0
neural_ai,False,7,21,1201944,0,0
neural_ai,True,0,14,1201945,0,0
neural_ai,False,6,21,1201946,0,0
neural_ai,True,0,14,1201947,0,0
neural_ai,True,0,14,1201948,0,0
neural_ai,True,0,7,1201949,0,0
neural_ai,True,0,7,1201950,0,0
neural_ai,True,0,14,1201951,0,0
neural_ai,True,0,14,1201952,0,0
neural_ai,True,0,14,1201953,0,0
neural_ai,False,6,21,1201954,0,0
neural_ai,True,0,7,1201955,0,0
neural_ai,True,0,7,1201956,0,0
neural_ai,True,0,7,1201957,0,0
neural_ai,True,0,7,1201958,0,0
neural_ai,False,9,21,1201959,0,0
neural_ai,True,0,14,1201960,0,0
neural_ai,True,0,7,1201961,0,0
neural_ai,True,0,7,1201962,0,0
neural_ai,True,0,7,1201963,0,0
neural_ai,True,0,14,1201964,0,0
neural_ai,True,0,14,1201965,0,0
neural_ai,True,0,7,1201966,0,0
neural_ai,True,0,7,1201967,0,0
neural_ai,True,0,14,1201968,0,0
neural_ai,True,0,7,1201969,0,0
neural_ai,True,0,7,1201970,0,0
neural_ai,True,0,7,1201971,0,0
neural_ai,True,0,7,1201972,0,0
neural_ai,True,0,7,1201973,0,0
neural_ai,True,0,14,1201974,0,0
neural_ai,True,0,14,1201975,0,0
neural_ai,True,0,7,1201976,0,0
neural_ai,True,0,14,1201977,0,0
neural_ai,True,0,7,1201978,0,0
neural_ai,False,5,21,1201979,0,0
neural_ai,True,0,7,1201980,0,0
neural_ai,True,0,7,1201981,0,0
neural_ai,True,0,7,1201982,0,0
neural_ai,True,0,14,1201983,0,0
neural_ai,True,0,7,1201984,0,0
neural_ai,True,0,7,1201985,0,0
neural_ai,True,0,7,1201986,0,0
neural_ai,True,0,7,1201987,0,0
neural_ai,True,0,14,1201988,0,0
neural_ai,True,0,7,1201989,0,0
neural_ai,True,0,14,1201990,0,0
neural_ai,True,0,7,1201991,0,0
neural_ai,True,0,14,1201992,0,0
neural_ai,False,6,21,1201993,0,0
neural_ai,True,0,7,1201994,0,0
neural_ai,False,9,21,1201995,0,0
neural_ai,False,7,21,1201996,0,0
neural_ai,True,0,7,1201997,0,0
neural_ai,True,0,7,1201998,0,0
neural_ai,True,0,7,1201999,0,0
neural_ai,True,0,21,1202000,0,0
neural_ai,True,0,14,1202001,0,0
neural_ai,True,0,7,1202002,0,0
neural_ai,True,0,7,1202003,0,0
neural_ai,True,0,14,1202004,0,0
neural_ai,True,0,7,1202005,0,0
neural_ai,True,0,7,1202006,0,0
neural_ai,True,0,7,1202007,0,0
neural_ai,True,0,14,1202008,0,0
neural_ai,True,0,7,1202009,0,0
neural_ai,False,7,21,1202010,0,0
neural_ai,True,0,14,1202011,0,0
neural_ai,False,6,21,1202012,0,0
neural_ai,True,0,21,1202013,0,0
neural_ai,False,7,21,1202014,0,0
neural_ai,True,0,14,1202015,0,0
neural_ai,True,0,7,1202016,0,0
neural_ai,True,0,7,1202017,0,0
neural_ai,True,0,7,1202018,0,0
neural_ai,True,0,14,1202019,0,0
neural_ai,True,0,7,1202020,0,0
neural_ai,True,0,7,1202021,0,0
neural_ai,False,7,21,1202022,0,0
neural_ai,True,0,7,1202023,0,0
neural_ai,True,0,14,1202024,0,0
neural_ai,True,0,7,1202025,0,0
neural_ai,True,0,14,1202026,0,0
neural_ai,True,0,7,1202027,0,0
neural_ai,True,0,7,1202028,0,0
neural_ai,True,0,7,1202029,0,0
neural_ai,True,0,14,1202030,0,0
neural_ai,True,0,14,1202031,0,0
neural_ai,True,0,7,1202032,0,0
neural_ai,True,0,7,1202033,0,0
neural_ai,True,0,14,1202034,0,0
neural_ai,False,3,21,1202035,0,0
neural_ai,True,0,7,1202036,0,0
neural_ai,False,9,21,1202037,0,0
neural_ai,True,0,7,1202038,0,0
neural_ai,True,0,14,1202039,0,0
neural_ai,True,0,7,1202040,0,0
neural_ai,True,0,7,1202041,0,0
neural_ai,True,0,7,1202042,0,0
neural_ai,True,0,7,1202043,0,0
neural_ai,True,0,14,1202044,0,0
neural_ai,True,0,7,1202045,0,0
neural_ai,True,0,7,1202046,0,0
neural_ai,True,0,21,1202047,0,0
neural_ai,True,0,14,1202048,0,0
neural_ai,True,0,7,1202049,0,0
neural_ai,False,5,21,1202050,0,0
neural_ai,True,0,7,1202051,0,0
neural_ai,False,7,21,1202052,0,0
neural_ai,True,0,21,1202053,0,0
neural_ai,True,0,7,1202054,0,0
neural_ai,True,0,7,1202055,0,0
neural_ai,True,0,7,1202056,0,0
neural_ai,True,0,7,1202057,0,0
neural_ai,True,0,7,1202058,0,0
neural_ai,True,0,7,1202059,0,0
neural_ai,False,5,21,1202060,0,0
neural_ai,True,0,14,1202061,0,0
neural_ai,True,0,14,1202062,0,0
neural_ai,True,0,7,1202063,0,0
neural_ai,True,0,7,1202064,0,0
neural_ai,True,0,7,1202065,0,0
neural_ai,True,0,7,1202066,0,0
neural_ai,True,0,7,1202067,0,0
neural_ai,True,0,14,1202068,0,0
neural_ai,True,0,14,1202069,0,0
neural_ai,False,6,21,1202070,0,0
neural_ai,True,0,7,1202071,0,0
neural_ai,True,0,7,1202072,0,0
neural_ai,True,0,7,1202073,0,0
neural_ai,True,0,14,1202074,0,0
neural_ai,True,0,7,1202075,0,0
neural_ai,False,7,21,1202076,0,0
neural_ai,False,8,21,1202077,0,0
neural_ai,True,0,14,1202078,0,0
neural_ai,True,0,7,1202079,0,0
neural_ai,True,0,14,1202080,0,0
neural_ai,True,0,14,1202081,0,0
neural_ai,True,0,7,1202082,0,0
neural_ai,True,0,7,1202083,0,0
neural_ai,True,0,7,1202084,0,0
neural_ai,True,0,7,1202085,0,0
neural_ai,False,8,21,1202086,0,0
neural_ai,True,0,14,1202087,0,0
neural_ai,True,0,7,1202088,0,0
neural_ai,True,0,7,1202089,0,0
neural_ai,True,0,14,1202090,0,0
neural_ai,True,0,7,1202091,0,0
neural_ai,True,0,7,1202092,0,0
neural_ai,True,0,7,1202093,0,0
neural_ai,True,0,7,1202094,0,0
neural_ai,True,0,14,1202095,0,0
neural_ai,True,0,7,1202096,0,0
neural_ai,True,0,7,1202097,0,0
neural_ai,True,0,7,1202098,0,0
neural_ai,False,7,21,1202099,0,0
neural_ai,True,0,7,1202100,0,0
neural_ai,True,0,7,1202101,0,0
neural_ai,True,0,7,1202102,0,0
neural_ai,True,0,7,1202103,0,0
neural_ai,True,0,14,1202104,0,0
neural_ai,True,0,7,1202105,0,0
neural_ai,True,0,7,1202106,0,0
neural_ai,True,0,14,1202107,0,0
neural_ai,True,0,14,1202108,0,0
neural_ai,True,0,14,1202109,0,0
neural_ai,False,6,21,1202110,0,0
neural_ai,False,8,21,1202111,0,0
neural_ai,True,0,14,1202112,0,0
neural_ai,False,9,21,1202113,0,0
neural_ai,True,0,7,1202114,0,0
neural_ai,True,0,7,1202115,0,0
neural_ai,False,10,21,1202116,0,0
neural_ai,True,0,7,1202117,0,0
neural_ai,True,0,7,1202118,0,0
neural_ai,False,6,21,1202119,0,0
neural_ai,True,0,7,1202120,0,0
neural_ai,True,0,7,1202121,0,0
neural_ai,True,0,21,1202122,0,0
neural_ai,True,0,7,1202123,0,0
neural_ai,True,0,7,1202124,0,0
neural_ai,False,9,21,1202125,0,0
neural_ai,True,0,14,1202126,0,0
neural_ai,True,0,7,1202127,0,0
neural_ai,True,0,7,1202128,0,0
neural_ai,True,0,7,1202129,0,0
neural_ai,True,0,14,1202130,0,0
neural_ai,True,0,7,1202131,0,0
neural_ai,False,7,21,1202132,0,0
neural_ai,True,0,7,1202133,0,0
neural_ai,True,0,7,1202134,0,0
neural_ai,True,0,14,1202135,0,0
neural_ai,True,0,14,1202136,0,0
neural_ai,True,0,14,1202137,0,0
neural_ai,True,0,14,1202138,0,0
neural_ai,True,0,7,1202139,0,0
neural_ai,True,0,14,1202140,0,0
neural_ai,True,0,14,1202141,0,0
neural_ai,False,10,21,1202142,0,0
neural_ai,True,0,7,1202143,0,0
neural_ai,True,0,7,1202144,0,0
neural_ai,True,0,7,1202145,0,0
neural_ai,True,0,7,1202146,0,0
neural_ai,True,0,14,1202147,0,0
neural_ai,False,9,21,1202148,0,0
neural_ai,True,0,14,1202149,0,0
neural_ai,True,0,7,1202150,0,0
neural_ai,True,0,14,1202151,0,0
neural_ai,True,0,7,1202152,0,0
neural_ai,True,0,14,1202153,0,0
neural_ai,True,0,14,1202154,0,0
neural_ai,False,8,21,1202155,0,0
neural_ai,True,0,21,1202156,0,0
neural_ai,True,0,14,1202157,0,0
neural_ai,True,0,7,1202158,0,0
neural_ai,True,0,7,1202159,0,0
neural_ai,True,0,14,1202160,0,0
neural_ai,True,0,7,1202161,0,0
neural_ai,True,0,14,1202162,0,0
neural_ai,True,0,14,1202163,0,0
neural_ai,True,0,14,1202164,0,0
neural_ai,True,0,7,1202165,0,0
neural_ai,True,0,7,1202166,0,0
neural_ai,True,0,7,1202167,0,0
neural_ai,True,0,14,1202168,0,0
neural_ai,True,0,7,1202169,0,0
neural_ai,True,0,14,1202170,0,0
neural_ai,True,0,14,1202171,0,0
neural_ai,True,0,7,1202172,0,0
neural_ai,True,0,7,1202173,0,0
neural_ai,True,0,7,1202174,0,0
neural_ai,True,0,14,1202175,0,0
neural_ai,True,0,7,1202176,0,0
neural_ai,True,0,7,1202177,0,0
neural_ai,False,6,21,1202178,0,0
neural_ai,True,0,7,1202179,0,0
neural_ai,True,0,14,1202180,0,0
neural_ai,True,0,7,1202181,0,0
neural_ai,True,0,7,1202182,0,0
neural_ai,True,0,14,1202183,0,0
neural_ai,True,0,7,1202184,0,0
neural_ai,True,0,14,1202185,0,0
neural_ai,False,8,21,1202186,0,0
neural_ai,True,0,7,1202187,0,0
neural_ai,True,0,7,1202188,0,0
neural_ai,True,0,7,1202189,0,0
neural_ai,True,0,14,1202190,0,0
neural_ai,True,0,7,1202191,0,0
neural_ai,True,0,7,1202192,0,0
neural_ai,True,0,21,1202193,0,0
neural_ai,True,0,21,1202194,0,0
neural_ai,True,0,14,1202195,0,0
neural_ai,True,0,7,1202196,0,0
neural_ai,True,0,14,1202197,0,0
neural_ai,True,0,7,1202198,0,0
neural_ai,True,0,14,1202199,0,0
neural_ai,True,0,7,1202200,0,0
neural_ai,False,7,21,1202201,0,0
neural_ai,True,0,14,1202202,0,0
neural_ai,True,0,14,1202203,0,0
neural_ai,True,0,7,1202204,0,0
neural_ai,True,0,7,1202205,0,0
neural_ai,False,8,21,1202206,0,0
neural_ai,True,0,7,1202207,0,0
neural_ai,True,0,7,1202208,0,0
neural_ai,True,0,7,1202209,0,0
neural_ai,True,0,7,1202210,0,0
neural_ai,False,6,21,1202211,0,0
neural_ai,True,0,7,1202212,0,0
neural_ai,True,0,7,1202213,0,0
neural_ai,True,0,14,1202214,0,0
neural_ai,True,0,14,1202215,0,0
neural_ai,False,7,21,1202216,0,0
neural_ai,True,0,7,1202217,0,0
neural_ai,True,0,7,1202218,0,0
neural_ai,True,0,7,1202219,0,0
neural_ai,True,0,7,1202220,0,0
neural_ai,False,7,21,1202221,0,0
neural_ai,True,0,14,1202222,0,0
neural_ai,True,0,14,1202223,0,0
neural_ai,True,0,7,1202224,0,0
neural_ai,True,0,14,1202225,0,0
neural_ai,True,0,7,1202226,0,0
neural_ai,True,0,7,1202227,0,0
neural_ai,True,0,14,1202228,0,0
neural_ai,True,0,7,1202229,0,0
neural_ai,True,0,7,1202230,0,0
neural_ai,False,6,21,1202231,0,0
neural_ai,True,0,14,1202232,0,0
neural_ai,True,0,14,1202233,0,0
neural_ai,True,0,7,1202234,0,0
neural_ai,False,9,21,1202235,0,0
neural_ai,True,0,14,1202236,0,0
neural_ai,True,0,7,1202237,0,0
neural_ai,True,0,14,1202238,0,0
neural_ai,True,0,7,1202239,0,0
neural_ai,True,0,7,1202240,0,0
neural_ai,True,0,14,1202241,0,0
neural_ai,True,0,7,1202242,0,0
neural_ai,True,0,7,1202243,0,0
neural_ai,True,0,14,1202244,0,0
neural_ai,True,0,7,1202245,0,0
neural_ai,True,0,7,1202246,0,0
neural_ai,True,0,7,1202247,0,0
neural_ai,False,6,21,1202248,0,0
neural_ai,True,0,7,1202249,0,0
neural_ai,True,0,7,1202250,0,0
neural_ai,True,0,7,1202251,0,0
neural_ai,True,0,7,1202252,0,0
neural_ai,False,7,21,1202253,0,0
neural_ai,True,0,7,1202254,0,0
neural_ai,True,0,7,1202255,0,0
neural_ai,True,0,7,1202256,0,0
neural_ai,True,0,14,1202257,0,0
neural_ai,True,0,14,1202258,0,0
neural_ai,True,0,21,1202259,0,0
neural_ai,True,0,7,1202260,0,0
neural_ai,False,7,21,1202261,0,0
neural_ai,True,0,7,1202262,0,0
neural_ai,True,0,7,1202263,0,0
neural_ai,True,0,14,1202264,0,0
neural_ai,True,0,7,1202265,0,0
neural_ai,False,9,21,1202266,0,0
neural_ai,False,7,21,1202267,0,0
neural_ai,True,0,14,1202268,0,0
neural_ai,True,0,7,1202269,0,0
neural_ai,True,0,7,1202270,0,0
neural_ai,True,0,7,1202271,0,0
neural_ai,True,0,7,1202272,0,0
neural_ai,True,0,7,1202273,0,0
neural_ai,True,0,7,1202274,0,0
neural_ai,False,5,21,1202275,0,0
neural_ai,True,0,7,1202276,0,0
neural_ai,True,0,7,1202277,0,0
neural_ai,True,0,7,1202278,0,0
neural_ai,True,0,14,1202279,0,0
neural_ai,True,0,7,1202280,0,0
neural_ai,True,0,7,1202281,0,0
neural_ai,True,0,14,1202282,0,0
neural_ai,True,0,7,1202283,0,0
neural_ai,True,0,14,1202284,0,0
neural_ai,True,0,7,1202285,0,0
neural_ai,True,0,7,1202286,0,0
neural_ai,True,0,7,1202287,0,0
neural_ai,True,0,7,1202288,0,0
neural_ai,False,7,21,1202289,0,0
neural_ai,True,0,7,1202290,0,0
neural_ai,True,0,7,1202291,0,0
neural_ai,False,9,21,1202292,0,0
neural_ai,True,0,14,1202293,0,0
neural_ai,True,0,14,1202294,0,0
neural_ai,True,0,14,1202295,0,0
neural_ai,False,7,21,1202296,0,0
neural_ai,True,0,14,1202297,0,0
neural_ai,True,0,7,1202298,0,0
neural_ai,True,0,7,1202299,0,0
neural_ai,True,0,14,1202300,0,0
neural_ai,True,0,7,1202301,0,0
neural_ai,True,0,7,1202302,0,0
neural_ai,False,6,21,1202303,0,0
neural_ai,True,0,14,1202304,0,0
neural_ai,True,0,7,1202305,0,0
neural_ai,True,0,7,1202306,0,0
neural_ai,True,0,14,1202307,0,0
neural_ai,True,0,7,1202308,0,0
neural_ai,True,0,7,1202309,0,0
neural_ai,True,0,7,1202310,0,0
neural_ai,True,0,7,1202311,0,0
neural_ai,True,0,7,1202312,0,0
neural_ai,True,0,7,1202313,0,0
neural_ai,True,0,7,1202314,0,0
neural_ai,True,0,7,1202315,0,0
neural_ai,True,0,7,1202316,0,0
neural_ai,False,6,21,1202317,0,0
neural_ai,True,0,14,1202318,0,0
neural_ai,True,0,14,1202319,0,0
neural_ai,True,0,14,1202320,0,0
neural_ai,True,0,14,1202321,0,0
neural_ai,True,0,7,1202322,0,0
neural_ai,True,0,7,1202323,0,0
neural_ai,False,7,21,1202324,0,0
neural_ai,True,0,7,1202325,0,0
neural_ai,True,0,7,1202326,0,0
neural_ai,True,0,7,1202327,0,0
neural_ai,True,0,7,1202328,0,0
neural_ai,True,0,14,1202329,0,0
neural_ai,True,0,7,1202330,0,0
neural_ai,True,0,7,1202331,0,0
neural_ai,True,0,7,1202332,0,0
neural_ai,True,0,21,1202333,0,0
neural_ai,True,0,7,1202334,0,0
neural_ai,True,0,7,1202335,0,0
neural_ai,True,0,14,1202336,0,0
neural_ai,True,0,7,1202337,0,0
neural_ai,True,0,7,1202338,0,0
neural_ai,True,0,7,1202339,0,0
neural_ai,True,0,7,1202340,0,0
neural_ai,False,9,21,1202341,0,0
neural_ai,True,0,7,1202342,0,0
neural_ai,True,0,14,1202343,0,0
neural_ai,False,9,21,1202344,0,0
neural_ai,True,0,14,1202345,0,0
neural_ai,True,0,7,1202346,0,0
neural_ai,True,0,14,1202347,0,0
neural_ai,False,5,21,1202348,0,0
neural_ai,True,0,7,1202349,0,0
neural_ai,True,0,7,1202350,0,0
neural_ai,True,0,21,1202351,0,0
neural_ai,True,0,7,1202352,0,0
neural_ai,True,0,7,1202353,0,0
neural_ai,True,0,14,1202354,0,0
neural_ai,True,0,14,1202355,0,0
neural_ai,True,0,14,1202356,0,0
neural_ai,True,0,14,1202357,0,0
neural_ai,True,0,7,1202358,0,0
neural_ai,True,0,7,1202359,0,0
neural_ai,True,0,7,1202360,0,0
neural_ai,True,0,7,1202361,0,0
neural_ai,True,0,7,1202362,0,0
neural_ai,True,0,7,1202363,0,0
neural_ai,True,0,14,1202364,0,0
neural_ai,True,0,7,1202365,0,0
neural_ai,True,0,7,1202366,0,0
neural_ai,True,0,7,1202367,0,0
neural_ai,False,7,21,1202368,0,0
neural_ai,False,8,21,1202369,0,0
neural_ai,True,0,7,1202370,0,0
neural_ai,True,0,14,1202371,0,0
neural_ai,True,0,7,1202372,0,0
neural_ai,True,0,14,1202373,0,0
neural_ai,True,0,14,1202374,0,0
neural_ai,True,0,14,1202375,0,0
neural_ai,False,7,21,1202376,0,0
neural_ai,True,0,14,1202377,0,0
neural_ai,True,0,7,1202378,0,0
neural_ai,True,0,7,1202379,0,0
neural_ai,True,0,7,1202380,0,0
neural_ai,True,0,7,1202381,0,0
neural_ai,True,0,7,1202382,0,0
neural_ai,True,0,14,1202383,0,0
neural_ai,True,0,14,1202384,0,0
neural_ai,True,0,7,1202385,0,0
neural_ai,True,0,7,1202386,0,0
neural_ai,True,0,14,1202387,0,0
neural_ai,True,0,7,1202388,0,0
neural_ai,True,0,14,1202389,0,0
neural_ai,True,0,7,1202390,0,0
neural_ai,False,7,21,1202391,0,0
neural_ai,True,0,7,1202392,0,0
neural_ai,True,0,7,1202393,0,0
neural_ai,True,0,7,1202394,0,0
neural_ai,True,0,7,1202395,0,0
neural_ai,True,0,14,1202396,0,0
neural_ai,True,0,7,1202397,0,0
neural_ai,False,9,21,1202398,0,0
neural_ai,True,0,7,1202399,0,0
neural_ai,True,0,21,1202400,0,0
neural_ai,True,0,14,1202401,0,0
neural_ai,True,0,7,1202402,0,0
neural_ai,True,0,14,1202403,0,0
neural_ai,False,8,21,1202404,0,0
neural_ai,True,0,14,1202405,0,0
neural_ai,True,0,14,1202406,0,0
neural_ai,True,0,7,1202407,0,0
neural_ai,True,0,7,1202408,0,0
neural_ai,True,0,7,1202409,0,0
neural_ai,True,0,7,1202410,0,0
neural_ai,True,0,7,1202411,0,0
neural_ai,True,0,7,1202412,0,0
neural_ai,True,0,7,1202413,0,0
neural_ai,True,0,14,1202414,0,0
neural_ai,True,0,7,1202415,0,0
neural_ai,True,0,7,1202416,0,0
neural_ai,True,0,7,1202417,0,0
neural_ai,False,8,21,1202418,0,0
neural_ai,True,0,21,1202419,0,0
neural_ai,True,0,7,1202420,0,0
neural_ai,True,0,7,1202421,0,0
neural_ai,True,0,14,1202422,0,0
neural_ai,True,0,14,1202423,0,0
neural_ai,True,0,14,1202424,0,0
neural_ai,True,0,7,1202425,0,0
neural_ai,True,0,7,1202426,0,0
neural_ai,False,7,21,1202427,0,0
neural_ai,True,0,7,1202428,0,0
neural_ai,False,7,21,1202429,0,0
neural_ai,True,0,7,1202430,0,0
neural_ai,True,0,14,1202431,0,0
neural_ai,True,0,7,1202432,0,0
neural_ai,True,0,14,1202433,0,0
neural_ai,True,0,7,1202434,0,0
neural_ai,True,0,14,1202435,0,0
neural_ai,True,0,14,1202436,0,0
neural_ai,True,0,14,1202437,0,0
neural_ai,True,0,7,1202438,0,0
neural_ai,True,0,7,1202439,0,0
neural_ai,True,0,14,1202440,0,0
neural_ai,True,0,7,1202441,0,0
neural_ai,True,0,14,1202442,0,0
neural_ai,True,0,7,1202443,0,0
neural_ai,True,0,7,1202444,0,0
neural_ai,True,0,7,1202445,0,0
neural_ai,False,7,21,1202446,0,0
neural_ai,True,0,7,1202447,0,0
neural_ai,True,0,7,1202448,0,0
neural_ai,True,0,7,1202449,0,0
neural_ai,True,0,7,1202450,0,0
neural_ai,True,0,7,1202451,0,0
neural_ai,True,0,7,1202452,0,0
neural_ai,True,0,14,1202453,0,0
neural_ai,True,0,7,1202454,0,0
neural_ai,False,5,21,1202455,0,0
neural_ai,True,0,14,1202456,0,0
neural_ai,True,0,7,1202457,0,0
neural_ai,True,0,14,1202458,0,0
neural_ai,False,7,21,1202459,0,0
neural_ai,True,0,14,1202460,0,0
neural_ai,True,0,14,1202461,0,0
neural_ai,True,0,14,1202462,0,0
neural_ai,True,0,14,1202463,0,0
neural_ai,True,0,7,1202464,0,0
neural_ai,True,0,7,1202465,0,0
neural_ai,True,0,14,1202466,0,0
neural_ai,False,6,21,1202467,0,0
neural_ai,True,0,7,1202468,0,0
neural_ai,True,0,14,1202469,0,0
neural_ai,True,0,7,1202470,0,0
neural_ai,False,5,21,1202471,0,0
neural_ai,True,0,7,1202472,0,0
neural_ai,True,0,14,1202473,0,0
neural_ai,True,0,14,1202474,0,0
neural_ai,True,0,14,1202475,0,0
neural_ai,False,6,21,1202476,0,0
neural_ai,True,0,14,1202477,0,0
neural_ai,True,0,14,1202478,0,0
neural_ai,False,3,21,1202479,0,0
neural_ai,True,0,7,1202480,0,0
neural_ai,True,0,7,1202481,0,0
neural_ai,False,7,21,1202482,0,0
neural_ai,True,0,7,1202483,0,0
neural_ai,True,0,7,1202484,0,0
neural_ai,True,0,7,1202485,0,0
neural_ai,True,0,7,1202486,0,0
neural_ai,True,0,7,1202487,0,0
neural_ai,True,0,7,1202488,0,0
neural_ai,True,0,7,1202489,0,0
neural_ai,True,0,7,1202490,0,0
neural_ai,True,0,14,1202491,0,0
neural_ai,True,0,7,1202492,0,0
neural_ai,True,0,7,1202493,0,0
neural_ai,True,0,7,1202494,0,0
neural_ai,True,0,7,1202495,0,0
neural_ai,True,0,14,1202496,0,0
neural_ai,True,0,7,1202497,0,0
neural_ai,True,0,14,1202498,0,0
neural_ai,True,0,7,1202499,0,0
neural_ai,True,0,7,1202500,0,0
neural_ai,True,0,14,1202501,0,0
neural_ai,True,0,14,1202502,0,0
neural_ai,True,0,7,1202503,0,0
neural_ai,True,0,14,1202504,0,0
neural_ai,False,9,21,1202505,0,0
neural_ai,True,0,14,1202506,0,0
neural_ai,True,0,14,1202507,0,0
neural_ai,True,0,7,1202508,0,0
neural_ai,True,0,7,1202509,0,0
neural_ai,True,0,7,1202510,0,0
neural_ai,False,7,21,1202511,0,0
neural_ai,True,0,7,1202512,0,0
neural_ai,True,0,14,1202513,0,0
neural_ai,True,0,7,1202514,0,0
neural_ai,True,0,7,1202515,0,0
neural_ai,True,0,7,1202516,0,0
neural_ai,True,0,7,1202517,0,0
neural_ai,True,0,14,1202518,0,0
neural_ai,True,0,7,1202519,0,0
neural_ai,False,5,21,1202520,0,0
neural_ai,True,0,7,1202521,0,0
neural_ai,True,0,7,1202522,0,0
neural_ai,True,0,7,1202523,0,0
neural_ai,False,7,21,1202524,0,0
neural_ai,True,0,7,1202525,0,0
neural_ai,True,0,14,1202526,0,0
neural_ai,True,0,7,1202527,0,0
neural_ai,True,0,7,1202528,0,0
neural_ai,True,0,7,1202529,0,0
neural_ai,True,0,7,1202530,0,0
neural_ai,True,0,14,1202531,0,0
neural_ai,False,9,21,1202532,0,0
neural_ai,True,0,7,1202533,0,0
neural_ai,True,0,7,1202534,0,0
neural_ai,True,0,7,1202535,0,0
neural_ai,False,7,21,1202536,0,0
neural_ai,False,9,21,1202537,0,0
neural_ai,True,0,7,1202538,0,0
neural_ai,True,0,7,1202539,0,0
neural_ai,False,6,21,1202540,0,0
neural_ai,True,0,14,1202541,0,0
neural_ai,True,0,7,1202542,0,0
neural_ai,False,4,21,1202543,0,0
neural_ai,True,0,7,1202544,0,0
neural_ai,True,0,14,1202545,0,0
neural_ai,True,0,7,1202546,0,0
neural_ai,True,0,7,1202547,0,0
neural_ai,True,0,14,1202548,0,0
neural_ai,True,0,21,1202549,0,0
neural_ai,True,0,7,1202550,0,0
neural_ai,True,0,7,1202551,0,0
neural_ai,True,0,14,1202552,0,0
neural_ai,True,0,14,1202553,0,0
neural_ai,True,0,7,1202554,0,0
neural_ai,True,0,7,1202555,0,0
neural_ai,True,0,7,1202556,0,0
neural_ai,True,0,7,1202557,0,0
neural_ai,True,0,14,1202558,0,0
neural_ai,True,0,14,1202559,0,0
neural_ai,True,0,7,1202560,0,0
neural_ai,True,0,7,1202561,0,0
neural_ai,True,0,7,1202562,0,0
neural_ai,True,0,14,1202563,0,0
neural_ai,True,0,7,1202564,0,0
neural_ai,True,0,7,1202565,0,0
neural_ai,True,0,7,1202566,0,0
neural_ai,True,0,7,1202567,0,0
neural_ai,True,0,14,1202568,0,0
neural_ai,True,0,14,1202569,0,0
neural_ai,True,0,14,1202570,0,0
neural_ai,True,0,7,1202571,0,0
neural_ai,True,0,14,1202572,0,0
neural_ai,True,0,7,1202573,0,0
neural_ai,True,0,7,1202574,0,0
neural_ai,True,0,7,1202575,0,0
neural_ai,True,0,7,1202576,0,0
neural_ai,True,0,7,1202577,0,0
neural_ai,True,0,14,1202578,0,0
neural_ai,True,0,7,1202579,0,0
neural_ai,True,0,7,1202580,0,0
neural_ai,True,0,14,1202581,0,0
neural_ai,False,6,21,1202582,0,0
neural_ai,False,9,21,1202583,0,0
neural_ai,False,5,21,1202584,0,0
neural_ai,True,0,14,1202585,0,0
neural_ai,True,0,7,1202586,0,0
neural_ai,True,0,7,1202587,0,0
neural_ai,True,0,7,1202588,0,0
neural_ai,True,0,14,1202589,0,0
neural_ai,False,8,21,1202590,0,0
neural_ai,True,0,7,1202591,0,0
neural_ai,True,0,7,1202592,0,0
neural_ai,True,0,7,1202593,0,0
neural_ai,True,0,14,1202594,0,0
neural_ai,True,0,14,1202595,0,0
neural_ai,True,0,7,1202596,0,0
neural_ai,True,0,7,1202597,0,0
neural_ai,True,0,14,1202598,0,0
neural_ai,True,0,14,1202599,0,0
neural_ai,True,0,7,1202600,0,0
neural_ai,True,0,21,1202601,0,0
neural_ai,True,0,14,1202602,0,0
neural_ai,True,0,21,1202603,0,0
neural_ai,True,0,14,1202604,0,0
neural_ai,True,0,14,1202605,0,0
neural_ai,True,0,21,1202606,0,0
neural_ai,True,0,14,1202607,0,0
neural_ai,True,0,7,1202608,0,0
neural_ai,True,0,7,1202609,0,0
neural_ai,True,0,14,1202610,0,0
neural_ai,True,0,7,1202611,0,0
neural_ai,True,0,7,1202612,0,0
neural_ai,False,6,21,1202613,0,0
neural_ai,True,0,14,1202614,0,0
neural_ai,False,6,21,1202615,0,0
neural_ai,False,9,21,1202616,0,0
neural_ai,False,8,21,1202617,0,0
neural_ai,True,0,7,1202618,0,0
neural_ai,True,0,14,1202619,0,0
neural_ai,True,0,7,1202620,0,0
neural_ai,True,0,14,1202621,0,0
neural_ai,True,0,7,1202622,0,0
neural_ai,True,0,7,1202623,0,0
neural_ai,False,6,21,1202624,0,0
neural_ai,True,0,14,1202625,0,0
neural_ai,True,0,7,1202626,0,0
neural_ai,True,0,14,1202627,0,0
neural_ai,True,0,14,1202628,0,0
neural_ai,False,3,21,1202629,0,0
neural_ai,True,0,14,1202630,0,0
neural_ai,True,0,7,1202631,0,0
neural_ai,True,0,7,1202632,0,0
neural_ai,True,0,14,1202633,0,0
neural_ai,True,0,7,1202634,0,0
neural_ai,True,0,7,1202635,0,0
neural_ai,False,9,21,1202636,0,0
neural_ai,True,0,7,1202637,0,0
neural_ai,True,0,7,1202638,0,0
neural_ai,False,8,21,1202639,0,0
neural_ai,True,0,7,1202640,0,0
neural_ai,True,0,7,1202641,0,0
neural_ai,True,0,7,1202642,0,0
neural_ai,False,9,21,1202643,0,0
neural_ai,False,9,21,1202644,0,0
neural_ai,True,0,7,1202645,0,0
neural_ai,True,0,7,1202646,0,0
neural_ai,True,0,7,1202647,0,0
neural_ai,True,0,7,1202648,0,0
neural_ai,True,0,14,1202649,0,0
neural_ai,False,6,21,1202650,0,0
neural_ai,True,0,7,1202651,0,0
neural_ai,False,9,21,1202652,0,0
neural_ai,True,0,7,1202653,0,0
neural_ai,False,7,21,1202654,0,0
neural_ai,True,0,14,1202655,0,0
neural_ai,True,0,14,1202656,0,0
neural_ai,False,8,21,1202657,0,0
neural_ai,True,0,14,1202658,0,0
neural_ai,True,0,7,1202659,0,0
neural_ai,True,0,7,1202660,0,0
neural_ai,True,0,7,1202661,0,0
neural_ai,True,0,7,1202662,0,0
neural_ai,True,0,14,1202663,0,0
neural_ai,True,0,7,1202664,0,0
neural_ai,True,0,7,1202665,0,0
neural_ai,True,0,14,1202666,0,0
neural_ai,True,0,7,1202667,0,0
neural_ai,True,0,7,1202668,0,0
neural_ai,False,9,21,1202669,0,0
neural_ai,True,0,7,1202670,0,0
neural_ai,True,0,14,1202671,0,0
neural_ai,True,0,7,1202672,0,0
neural_ai,True,0,7,1202673,0,0
neural_ai,True,0,14,1202674,0,0
neural_ai,True,0,7,1202675,0,0
neural_ai,True,0,7,1202676,0,0
neural_ai,True,0,7,1202677,0,0
neural_ai,True,0,14,1202678,0,0
neural_ai,True,0,14,1202679,0,0
neural_ai,True,0,7,1202680,0,0
neural_ai,True,0,7,1202681,0,0
neural_ai,False,7,21,1202682,0,0
neural_ai,False,7,21,1202683,0,0
neural_ai,True,0,7,1202684,0,0
neural_ai,False,6,21,1202685,0,0
neural_ai,True,0,7,1202686,0,0
neural_ai,True,0,7,1202687,0,0
neural_ai,True,0,14,1202688,0,0
neural_ai,True,0,7,1202689,0,0
neural_ai,True,0,14,1202690,0,0
neural_ai,True,0,7,1202691,0,0
neural_ai,True,0,14,1202692,0,0
neural_ai,False,6,21,1202693,0,0
neural_ai,True,0,7,1202694,0,0
neural_ai,True,0,7,1202695,0,0
neural_ai,True,0,7,1202696,0,0
neural_ai,True,0,7,1202697,0,0
neural_ai,True,0,7,1202698,0,0
neural_ai,True,0,7,1202699,0,0
neural_ai,True,0,14,1202700,0,0
neural_ai,True,0,14,1202701,0,0
neural_ai,True,0,7,1202702,0,0
neural_ai,True,0,7,1202703,0,0
neural_ai,True,0,7,1202704,0,0
neural_ai,False,6,21,1202705,0,0
neural_ai,True,0,7,1202706,0,0
neural_ai,False,7,21,1202707,0,0
neural_ai,True,0,7,1202708,0,0
neural_ai,True,0,14,1202709,0,0
neural_ai,True,0,7,1202710,0,0
neural_ai,True,0,14,1202711,0,0
neural_ai,True,0,14,1202712,0,0
neural_ai,True,0,14,1202713,0,0
neural_ai,True,0,14,1202714,0,0
neural_ai,True,0,14,1202715,0,0
neural_ai,True,0,7,1202716,0,0
neural_ai,True,0,14,1202717,0,0
neural_ai,True,0,7,1202718,0,0
neural_ai,True,0,7,1202719,0,0
neural_ai,True,0,7,1202720,0,0
neural_ai,True,0,7,1202721,0,0
neural_ai,True,0,7,1202722,0,0
neural_ai,True,0,7,1202723,0,0
neural_ai,True,0,14,1202724,0,0
neural_ai,True,0,7,1202725,0,0
neural_ai,True,0,7,1202726,0,0
neural_ai,False,6,21,1202727,0,0
neural_ai,True,0,7,1202728,0,0
neural_ai,True,0,14,1202729,0,0
neural_ai,True,0,7,1202730,0,0
neural_ai,True,0,14,1202731,0,0
neural_ai,True,0,7,1202732,0,0
neural_ai,True,0,7,1202733,0,0
neural_ai,True,0,7,1202734,0,0
neural_ai,True,0,14,1202735,0,0
neural_ai,True,0,7,1202736,0,0
neural_ai,True,0,7,1202737,0,0
neural_ai,True,0,7,1202738,0,0
neural_ai,True,0,14,1202739,0,0
neural_ai,True,0,14,1202740,0,0
neural_ai,True,0,7,1202741,0,0
neural_ai,True,0,14,1202742,0,0
neural_ai,True,0,14,1202743,0,0
neural_ai,True,0,7,1202744,0,0
neural_ai,False,6,21,1202745,0,0
neural_ai,True,0,7,1202746,0,0
neural_ai,True,0,14,1202747,0,0
neural_ai,True,0,7,1202748,0,0
neural_ai,True,0,7,1202749,0,0
neural_ai,True,0,7,1202750,0,0
neural_ai,True,0,7,1202751,0,0
neural_ai,True,0,7,1202752,0,0
neural_ai,False,7,21,1202753,0,0
neural_ai,True,0,7,1202754,0,0
neural_ai,True,0,7,1202755,0,0
neural_ai,True,0,14,1202756,0,0
neural_ai,True,0,14,1202757,0,0
neural_ai,True,0,14,1202758,0,0
neural_ai,True,0,7,1202759,0,0
neural_ai,True,0,7,1202760,0,0
neural_ai,True,0,21,1202761,0,0
neural_ai,True,0,14,1202762,0,0
neural_ai,True,0,7,1202763,0,0
neural_ai,True,0,7,1202764,0,0
neural_ai,True,0,14,1202765,0,0
neural_ai,True,0,14,1202766,0,0
neural_ai,True,0,7,1202767,0,0
neural_ai,True,0,7,1202768,0,0
neural_ai,True,0,7,1202769,0,0
neural_ai,False,6,21,1202770,0,0
neural_ai,True,0,14,1202771,0,0
neural_ai,True,0,7,1202772,0,0
neural_ai,True,0,7,1202773,0,0
neural_ai,True,0,7,1202774,0,0
neural_ai,True,0,7,1202775,0,0
neural_ai,True,0,7,1202776,0,0
neural_ai,True,0,14,1202777,0,0
neural_ai,False,7,21,1202778,0,0
neural_ai,True,0,7,1202779,0,0
neural_ai,False,5,21,1202780,0,0
neural_ai,True,0,7,1202781,0,0
neural_ai,True,0,14,1202782,0,0
neural_ai,False,7,21,1202783,0,0
neural_ai,False,7,21,1202784,0,0
neural_ai,True,0,7,1202785,0,0
neural_ai,False,8,21,1202786,0,0
neural_ai,True,0,7,1202787,0,0
neural_ai,True,0,14,1202788,0,0
neural_ai,True,0,7,1202789,0,0
neural_ai,True,0,14,1202790,0,0
neural_ai,True,0,14,1202791,0,0
neural_ai,True,0,7,1202792,0,0
neural_ai,False,6,21,1202793,0,0
neural_ai,True,0,7,1202794,0,0
neural_ai,True,0,7,1202795,0,0
neural_ai,True,0,7,1202796,0,0
neural_ai,True,0,14,1202797,0,0
neural_ai,True,0,7,1202798,0,0
neural_ai,True,0,14,1202799,0,0
neural_ai,True,0,7,1202800,0,0
neural_ai,True,0,7,1202801,0,0
neural_ai,False,6,21,1202802,0,0
neural_ai,True,0,7,1202803,0,0
neural_ai,True,0,7,1202804,0,0
neural_ai,True,0,7,1202805,0,0
neural_ai,True,0,14,1202806,0,0
neural_ai,True,0,7,1202807,0,0
neural_ai,True,0,7,1202808,0,0
neural_ai,True,0,14,1202809,0,0
neural_ai,True,0,7,1202810,0,0
neural_ai,True,0,7,1202811,0,0
neural_ai,False,9,21,1202812,0,0
neural_ai,True,0,7,1202813,0,0
neural_ai,True,0,14,1202814,0,0
neural_ai,True,0,7,1202815,0,0
neural_ai,False,6,21,1202816,0,0
neural_ai,True,0,7,1202817,0,0
neural_ai,True,0,7,1202818,0,0
neural_ai,True,0,7,1202819,0,0
neural_ai,True,0,7,1202820,0,0
neural_ai,True,0,14,1202821,0,0
neural_ai,False,5,21,1202822,0,0
neural_ai,True,0,14,1202823,0,0
neural_ai,True,0,7,1202824,0,0
neural_ai,True,0,7,1202825,0,0
neural_ai,True,0,14,1202826,0,0
neural_ai,True,0,7,1202827,0,0
neural_ai,True,0,7,1202828,0,0
neural_ai,True,0,7,1202829,0,0
neural_ai,True,0,14,1202830,0,0
neural_ai,False,5,21,1202831,0,0
neural_ai,True,0,14,1202832,0,0
neural_ai,True,0,14,1202833,0,0
neural_ai,True,0,7,1202834,0,0
neural_ai,True,0,14,1202835,0,0
neural_ai,True,0,7,1202836,0,0
neural_ai,True,0,7,1202837,0,0
neural_ai,True,0,14,1202838,0,0
neural_ai,True,0,14,1202839,0,0
neural_ai,True,0,21,1202840,0,0
neural_ai,True,0,7,1202841,0,0
neural_ai,True,0,14,1202842,0,0
neural_ai,True,0,14,1202843,0,0
neural_ai,True,0,7,1202844,0,0
neural_ai,True,0,7,1202845,0,0
neural_ai,True,0,7,1202846,0,0
neural_ai,False,7,21,1202847,0,0
neural_ai,True,0,14,1202848,0,0
neural_ai,True,0,7,1202849,0,0
neural_ai,True,0,14,1202850,0,0
neural_ai,True,0,7,1202851,0,0
neural_ai,True,0,14,1202852,0,0
neural_ai,True,0,7,1202853,0,0
neural_ai,True,0,7,1202854,0,0
neural_ai,True,0,7,1202855,0,0
neural_ai,True,0,14,1202856,0,0
neural_ai,True,0,14,1202857,0,0
neural_ai,False,9,21,1202858,0,0
neural_ai,False,6,21,1202859,0,0
neural_ai,True,0,7,1202860,0,0
neural_ai,True,0,21,1202861,0,0
neural_ai,True,0,7,1202862,0,0
neural_ai,True,0,14,1202863,0,0
neural_ai,True,0,14,1202864,0,0
neural_ai,True,0,7,1202865,0,0
neural_ai,False,9,21,1202866,0,0
neural_ai,True,0,14,1202867,0,0
neural_ai,True,0,14,1202868,0,0
neural_ai,True,0,7,1202869,0,0
neural_ai,True,0,7,1202870,0,0
neural_ai,True,0,7,1202871,0,0
neural_ai,True,0,7,1202872,0,0
neural_ai,True,0,7,1202873,0,0
neural_ai,True,0,7,1202874,0,0
neural_ai,True,0,7,1202875,0,0
neural_ai,True,0,14,1202876,0,0
neural_ai,True,0,7,1202877,0,0
neural_ai,True,0,7,1202878,0,0
neural_ai,False,6,21,1202879,0,0
neural_ai,True,0,7,1202880,0,0
neural_ai,True,0,14,1202881,0,0
neural_ai,True,0,7,1202882,0,0
neural_ai,True,0,7,1202883,0,0
neural_ai,True,0,21,1202884,0,0
neural_ai,True,0,7,1202885,0,0
neural_ai,True,0,7,1202886,0,0
neural_ai,True,0,7,1202887,0,0
neural_ai,True,0,14,1202888,0,0
neural_ai,False,9,21,1202889,0,0
neural_ai,True,0,7,1202890,0,0
neural_ai,True,0,7,1202891,0,0
neural_ai,True,0,14,1202892,0,0
neural_ai,True,0,14,1202893,0,0
neural_ai,True,0,7,1202894,0,0
neural_ai,True,0,14,1202895,0,0
neural_ai,True,0,7,1202896,0,0
neural_ai,False,7,21,1202897,0,0
neural_ai,True,0,14,1202898,0,0
neural_ai,True,0,7,1202899,0,0
neural_ai,True,0,7,1202900,0,0
neural_ai,True,0,14,1202901,0,0
neural_ai,True,0,21,1202902,0,0
neural_ai,False,9,21,1202903,0,0
neural_ai,True,0,7,1202904,0,0
neural_ai,True,0,21,1202905,0,0
neural_ai,True,0,7,1202906,0,0
neural_ai,True,0,14,1202907,0,0
neural_ai,True,0,7,1202908,0,0
neural_ai,True,0,7,1202909,0,0
neural_ai,True,0,7,1202910,0,0
neural_ai,False,7,21,1202911,0,0
neural_ai,True,0,7,1202912,0,0
neural_ai,True,0,7,1202913,0,0
neural_ai,True,0,7,1202914,0,0
neural_ai,True,0,14,1202915,0,0
neural_ai,True,0,7,1202916,0,0
neural_ai,False,7,21,1202917,0,0
neural_ai,True,0,7,1202918,0,0
neural_ai,True,0,7,1202919,0,0
neural_ai,True,0,7,1202920,0,0
neural_ai,True,0,14,1202921,0,0
neural_ai,True,0,7,1202922,0,0
neural_ai,True,0,7,1202923,0,0
neural_ai,False,9,21,1202924,0,0
neural_ai,True,0,7,1202925,0,0
neural_ai,True,0,7,1202926,0,0
neural_ai,True,0,7,1202927,0,0
neural_ai,True,0,14,1202928,0,0
neural_ai,True,0,21,1202929,0,0
neural_ai,True,0,7,1202930,0,0
neural_ai,True,0,7,1202931,0,0
neural_ai,True,0,7,1202932,0,0
neural_ai,False,6,21,1202933,0,0
neural_ai,False,5,21,1202934,0,0
neural_ai,True,0,7,1202935,0,0
neural_ai,True,0,7,1202936,0,0
neural_ai,True,0,14,1202937,0,0
neural_ai,True,0,7,1202938,0,0
neural_ai,True,0,7,1202939,0,0
neural_ai,False,7,21,1202940,0,0
neural_ai,False,7,21,1202941,0,0
neural_ai,True,0,7,1202942,0,0
neural_ai,True,0,7,1202943,0,0
neural_ai,True,0,7,1202944,0,0
neural_ai,True,0,7,1202945,0,0
neural_ai,True,0,14,1202946,0,0
neural_ai,True,0,7,1202947,0,0
neural_ai,True,0,7,1202948,0,0
neural_ai,True,0,14,1202949,0,0
neural_ai,True,0,7,1202950,0,0
neural_ai,True,0,7,1202951,0,0
neural_ai,False,9,21,1202952,0,0
neural_ai,True,0,14,1202953,0,0
neural_ai,False,6,21,1202954,0,0
neural_ai,True,0,14,1202955,0,0
neural_ai,True,0,7,1202956,0,0
neural_ai,False,5,21,1202957,0,0
neural_ai,False,6,21,1202958,0,0
neural_ai,False,9,21,1202959,0,0
neural_ai,True,0,7,1202960,0,0
neural_ai,True,0,14,1202961,0,0
neural_ai,True,0,14,1202962,0,0
neural_ai,True,0,7,1202963,0,0
neural_ai,True,0,7,1202964,0,0
neural_ai,True,0,14,1202965,0,0
neural_ai,True,0,14,1202966,0,0
neural_ai,True,0,7,1202967,0,0
neural_ai,True,0,14,1202968,0,0
neural_ai,True,0,7,1202969,0,0
neural_ai,True,0,21,1202970,0,0
neural_ai,False,9,21,1202971,0,0
neural_ai,True,0,7,1202972,0,0
neural_ai,True,0,14,1202973,0,0
neural_ai,True,0,21,1202974,0,0
neural_ai,True,0,7,1202975,0,0
neural_ai,True,0,14,1202976,0,0
neural_ai,True,0,7,1202977,0,0
neural_ai,False,7,21,1202978,0,0
neural_ai,True,0,7,1202979,0,0
neural_ai,True,0,7,1202980,0,0
neural_ai,True,0,7,1202981,0,0
neural_ai,True,0,14,1202982,0,0
neural_ai,True,0,7,1202983,0,0
neural_ai,False,9,21,1202984,0,0
neural_ai,True,0,14,1202985,0,0
neural_ai,True,0,7,1202986,0,0
neural_ai,True,0,7,1202987,0,0
neural_ai,True,0,14,1202988,0,0
neural_ai,True,0,7,1202989,0,0
neural_ai,True,0,7,1202990,0,0
neural_ai,True,0,14,1202991,0,0
neural_ai,False,7,21,1202992,0,0
neural_ai,True,0,14,1202993,0,0
neural_ai,True,0,7,1202994,0,0
neural_ai,True,0,14,1202995,0,0
neural_ai,True,0,14,1202996,0,0
neural_ai,True,0,14,1202997,0,0
neural_ai,True,0,7,1202998,0,0
neural_ai,True,0,7,1202999,0,0
neural_ai,True,0,7,1203000,0,0
neural_ai,True,0,7,1203001,0,0
neural_ai,True,0,7,1203002,0,0
neural_ai,True,0,7,1203003,0,0
neural_ai,True,0,7,1203004,0,0
neural_ai,False,8,21,1203005,0,0
neural_ai,False,6,21,1203006,0,0
neural_ai,True,0,7,1203007,0,0
neural_ai,True,0,7,1203008,0,0
neural_ai,True,0,14,1203009,0,0
neural_ai,True,0,7,1203010,0,0
neural_ai,True,0,7,1203011,0,0
neural_ai,True,0,14,1203012,0,0
neural_ai,True,0,14,1203013,0,0
neural_ai,False,6,21,1203014,0,0
neural_ai,True,0,7,1203015,0,0
neural_ai,True,0,7,1203016,0,0
neural_ai,True,0,7,1203017,0,0
neural_ai,True,0,14,1203018,0,0
neural_ai,True,0,14,1203019,0,0
neural_ai,True,0,14,1203020,0,0
neural_ai,True,0,7,1203021,0,0
neural_ai,True,0,7,1203022,0,0
neural_ai,True,0,14,1203023,0,0
neural_ai,True,0,14,1203024,0,0
neural_ai,True,0,7,1203025,0,0
neural_ai,False,7,21,1203026,0,0
neural_ai,True,0,7,1203027,0,0
neural_ai,True,0,7,1203028,0,0
neural_ai,True,0,7,1203029,0,0
neural_ai,False,9,21,1203030,0,0
neural_ai,True,0,7,1203031,0,0
neural_ai,True,0,7,1203032,0,0
neural_ai,True,0,14,1203033,0,0
neural_ai,True,0,14,1203034,0,0
neural_ai,True,0,7,1203035,0,0
neural_ai,True,0,14,1203036,0,0
neural_ai,True,0,7,1203037,0,0
neural_ai,True,0,7,1203038,0,0
neural_ai,True,0,7,1203039,0,0
neural_ai,True,0,14,1203040,0,0
neural_ai,False,8,21,1203041,0,0
neural_ai,True,0,7,1203042,0,0
neural_ai,True,0,14,1203043,0,0
neural_ai,True,0,7,1203044,0,0
neural_ai,False,7,21,1203045,0,0
neural_ai,True,0,7,1203046,0,0
neural_ai,False,6,21,1203047,0,0
neural_ai,True,0,14,1203048,0,0
neural_ai,False,6,21,1203049,0,0
neural_ai,True,0,7,1203050,0,0
neural_ai,True,0,7,1203051,0,0
neural_ai,True,0,7,1203052,0,0
neural_ai,True,0,7,1203053,0,0
neural_ai,True,0,7,1203054,0,0
neural_ai,False,7,21,1203055,0,0
neural_ai,True,0,7,1203056,0,0
neural_ai,True,0,7,1203057,0,0
neural_ai,True,0,7,1203058,0,0
neural_ai,True,0,7,1203059,0,0
neural_ai,True,0,7,1203060,0,0
neural_ai,True,0,14,1203061,0,0
neural_ai,True,0,7,1203062,0,0
neural_ai,True,0,7,1203063,0,0
neural_ai,True,0,7,1203064,0,0
neural_ai,True,0,14,1203065,0,0
neural_ai,True,0,14,1203066,0,0
neural_ai,True,0,7,1203067,0,0
neural_ai,True,0,14,1203068,0,0
neural_ai,True,0,7,1203069,0,0
neural_ai,True,0,14,1203070,0,0
neural_ai,True,0,7,1203071,0,0
neural_ai,False,6,21,1203072,0,0
neural_ai,True,0,14,1203073,0,0
neural_ai,True,0,14,1203074,0,0
neural_ai,True,0,14,1203075,0,0
neural_ai,True,0,7,1203076,0,0
neural_ai,True,0,14,1203077,0,0
neural_ai,True,0,7,1203078,0,0
neural_ai,True,0,7,1203079,0,0
neural_ai,True,0,7,1203080,0,0
neural_ai,False,9,21,1203081,0,0
neural_ai,True,0,14,1203082,0,0
neural_ai,True,0,7,1203083,0,0
neural_ai,True,0,14,1203084,0,0
neural_ai,True,0,7,1203085,0,0
neural_ai,True,0,7,1203086,0,0
neural_ai,True,0,7,1203087,0,0
neural_ai,True,0,7,1203088,0,0
neural_ai,True,0,21,1203089,0,0
neural_ai,True,0,7,1203090,0,0
neural_ai,True,0,7,1203091,0,0
neural_ai,True,0,14,1203092,0,0
neural_ai,False,6,21,1203093,0,0
neural_ai,False,9,21,1203094,0,0
neural_ai,True,0,7,1203095,0,0
neural_ai,True,0,14,1203096,0,0
neural_ai,True,0,14,1203097,0,0
neural_ai,True,0,7,1203098,0,0
neural_ai,True,0,7,1203099,0,0
neural_ai,True,0,14,1203100,0,0
neural_ai,True,0,7,1203101,0,0
neural_ai,True,0,21,1203102,0,0
neural_ai,True,0,7,1203103,0,0
neural_ai,True,0,14,1203104,0,0
neural_ai,True,0,14,1203105,0,0
neural_ai,True,0,7,1203106,0,0
neural_ai,True,0,14,1203107,0,0
neural_ai,True,0,14,1203108,0,0
neural_ai,True,0,7,1203109,0,0
neural_ai,False,7,21,1203110,0,0
neural_ai,True,0,7,1203111,0,0
neural_ai,False,6,21,1203112,0,0
neural_ai,True,0,14,1203113,0,0
neural_ai,True,0,7,1203114,0,0
neural_ai,True,0,7,1203115,0,0
neural_ai,True,0,7,1203116,0,0
neural_ai,True,0,7,1203117,0,0
neural_ai,True,0,7,1203118,0,0
neural_ai,True,0,7,1203119,0,0
neural_ai,True,0,7,1203120,0,0
neural_ai,False,7,21,1203121,0,0
neural_ai,True,0,14,1203122,0,0
neural_ai,True,0,7,1203123,0,0
neural_ai,True,0,7,1203124,0,0
neural_ai,True,0,7,1203125,0,0
neural_ai,True,0,7,1203126,0,0
neural_ai,True,0,14,1203127,0,0
neural_ai,True,0,7,1203128,0,0
neural_ai,True,0,7,1203129,0,0
neural_ai,True,0,7,1203130,0,0
neural_ai,True,0,7,1203131,0,0
neural_ai,True,0,7,1203132,0,0
neural_ai,False,7,21,1203133,0,0
neural_ai,True,0,7,1203134,0,0
neural_ai,True,0,14,1203135,0,0
neural_ai,True,0,7,1203136,0,0
neural_ai,True,0,7,1203137,0,0
neural_ai,True,0,7,1203138,0,0
neural_ai,True,0,14,1203139,0,0
neural_ai,False,6,21,1203140,0,0
neural_ai,True,0,7,1203141,0,0
neural_ai,True,0,7,1203142,0,0
neural_ai,True,0,7,1203143,0,0
neural_ai,False,6,21,1203144,0,0
neural_ai,True,0,7,1203145,0,0
neural_ai,False,6,21,1203146,0,0
neural_ai,True,0,7,1203147,0,0
neural_ai,False,7,21,1203148,0,0
neural_ai,True,0,14,1203149,0,0
neural_ai,True,0,7,1203150,0,0
neural_ai,True,0,14,1203151,0,0
neural_ai,True,0,14,1203152,0,0
neural_ai,True,0,14,1203153,0,0
neural_ai,True,0,7,1203154,0,0
neural_ai,True,0,7,1203155,0,0
neural_ai,False,9,21,1203156,0,0
neural_ai,True,0,7,1203157,0,0
neural_ai,True,0,14,1203158,0,0
neural_ai,True,0,14,1203159,0,0
neural_ai,True,0,7,1203160,0,0
neural_ai,True,0,7,1203161,0,0
neural_ai,True,0,7,1203162,0,0
neural_ai,True,0,7,1203163,0,0
neural_ai,True,0,14,1203164,0,0
neural_ai,True,0,7,1203165,0,0
neural_ai,True,0,7,1203166,0,0
neural_ai,True,0,7,1203167,0,0
neural_ai,True,0,7,1203168,0,0
neural_ai,True,0,7,1203169,0,0
neural_ai,True,0,7,1203170,0,0
neural_ai,True,0,14,1203171,0,0
neural_ai,False,7,21,1203172,0,0
neural_ai,False,6,21,1203173,0,0
neural_ai,False,6,21,1203174,0,0
neural_ai,True,0,14,1203175,0,0
neural_ai,True,0,7,1203176,0,0
neural_ai,True,0,7,1203177,0,0
neural_ai,True,0,14,1203178,0,0
neural_ai,True,0,7,1203179,0,0
neural_ai,True,0,7,1203180,0,0
neural_ai,True,0,21,1203181,0,0
neural_ai,True,0,14,1203182,0,0
neural_ai,True,0,7,1203183,0,0
neural_ai,True,0,7,1203184,0,0
neural_ai,True,0,7,1203185,0,0
neural_ai,False,6,21,1203186,0,0
neural_ai,True,0,14,1203187,0,0
neural_ai,True,0,7,1203188,0,0
neural_ai,True,0,7,1203189,0,0
neural_ai,True,0,7,1203190,0,0
neural_ai,True,0,7,1203191,0,0
neural_ai,True,0,7,1203192,0,0
neural_ai,True,0,14,1203193,0,0
neural_ai,False,7,21,1203194,0,0
neural_ai,True,0,14,1203195,0,0
neural_ai,True,0,14,1203196,0,0
neural_ai,True,0,14,1203197,0,0
neural_ai,True,0,7,1203198,0,0
neural_ai,True,0,7,1203199,0,0
neural_ai,True,0,14,1203200,0,0
neural_ai,True,0,7,1203201,0,0
neural_ai,True,0,14,1203202,0,0
neural_ai,True,0,7,1203203,0,0
neural_ai,True,0,7,1203204,0,0
neural_ai,True,0,14,1203205,0,0
neural_ai,True,0,7,1203206,0,0
neural_ai,True,0,14,1203207,0,0
neural_ai,True,0,7,1203208,0,0
neural_ai,True,0,7,1203209,0,0
neural_ai,True,0,7,1203210,0,0
neural_ai,True,0,14,1203211,0,0
neural_ai,True,0,14,1203212,0,0
neural_ai,True,0,7,1203213,0,0
neural_ai,True,0,7,1203214,0,0
neural_ai,True,0,14,1203215,0,0
neural_ai,True,0,7,1203216,0,0
neural_ai,True,0,7,1203217,0,0
neural_ai,True,0,14,1203218,0,0
neural_ai,True,0,14,1203219,0,0
neural_ai,True,0,14,1203220,0,0
neural_ai,True,0,14,1203221,0,0
neural_ai,False,7,21,1203222,0,0
neural_ai,False,3,21,1203223,0,0
neural_ai,True,0,7,1203224,0,0
neural_ai,True,0,7,1203225,0,0
neural_ai,True,0,7,1203226,0,0
neural_ai,True,0,7,1203227,0,0
neural_ai,True,0,7,1203228,0,0
neural_ai,True,0,14,1203229,0,0
neural_ai,True,0,14,1203230,0,0
neural_ai,True,0,7,1203231,0,0
neural_ai,True,0,7,1203232,0,0
neural_ai,True,0,14,1203233,0,0
neural_ai,True,0,7,1203234,0,0
neural_ai,True,0,7,1203235,0,0
neural_ai,True,0,14,1203236,0,0
neural_ai,False,6,21,1203237,0,0
neural_ai,False,7,21,1203238,0,0
neural_ai,False,6,21,1203239,0,0
neural_ai,True,0,7,1203240,0,0
neural_ai,True,0,7,1203241,0,0
neural_ai,True,0,14,1203242,0,0
neural_ai,True,0,7,1203243,0,0
neural_ai,True,0,14,1203244,0,0
neural_ai,True,0,14,1203245,0,0
neural_ai,False,7,21,1203246,0,0
neural_ai,True,0,14,1203247,0,0
neural_ai,True,0,21,1203248,0,0
neural_ai,True,0,7,1203249,0,0
neural_ai,False,3,21,1203250,0,0
neural_ai,True,0,7,1203251,0,0
neural_ai,True,0,14,1203252,0,0
neural_ai,True,0,14,1203253,0,0
neural_ai,True,0,7,1203254,0,0
neural_ai,True,0,7,1203255,0,0
neural_ai,True,0,7,1203256,0,0
neural_ai,True,0,14,1203257,0,0
neural_ai,True,0,7,1203258,0,0
neural_ai,True,0,7,1203259,0,0
neural_ai,True,0,7,1203260,0,0
neural_ai,False,6,21,1203261,0,0
neural_ai,False,6,21,1203262,0,0
neural_ai,True,0,7,1203263,0,0
neural_ai,False,6,21,1203264,0,0
neural_ai,True,0,7,1203265,0,0
neural_ai,True,0,14,1203266,0,0
neural_ai,True,0,14,1203267,0,0
neural_ai,True,0,7,1203268,0,0
neural_ai,True,0,7,1203269,0,0
neural_ai,True,0,7,1203270,0,0
neural_ai,True,0,7,1203271,0,0
neural_ai,True,0,7,1203272,0,0
neural_ai,True,0,7,1203273,0,0
neural_ai,True,0,14,1203274,0,0
neural_ai,True,0,14,1203275,0,0
neural_ai,True,0,7,1203276,0,0
neural_ai,True,0,7,1203277,0,0
neural_ai,True,0,7,1203278,0,0
neural_ai,False,7,21,1203279,0,0
neural_ai,True,0,7,1203280,0,0
neural_ai,False,9,21,1203281,0,0
neural_ai,True,0,14,1203282,0,0
neural_ai,True,0,7,1203283,0,0
neural_ai,True,0,7,1203284,0,0
neural_ai,True,0,14,1203285,0,0
neural_ai,True,0,7,1203286,0,0
neural_ai,True,0,7,1203287,0,0
neural_ai,True,0,7,1203288,0,0
neural_ai,True,0,7,1203289,0,0
neural_ai,True,0,7,1203290,0,0
neural_ai,False,7,21,1203291,0,0
neural_ai,False,9,21,1203292,0,0
neural_ai,True,0,21,1203293,0,0
neural_ai,True,0,14,1203294,0,0
neural_ai,True,0,7,1203295,0,0
neural_ai,True,0,7,1203296,0,0
neural_ai,True,0,7,1203297,0,0
neural_ai,False,9,21,1203298,0,0
neural_ai,True,0,7,1203299,0,0
neural_ai,True,0,14,1203300,0,0
neural_ai,False,10,21,1203301,0,0
neural_ai,True,0,7,1203302,0,0
neural_ai,True,0,7,1203303,0,0
neural_ai,True,0,7,1203304,0,0
neural_ai,True,0,14,1203305,0,0
neural_ai,True,0,14,1203306,0,0
neural_ai,True,0,14,1203307,0,0
neural_ai,True,0,14,1203308,0,0
neural_ai,True,0,14,1203309,0,0
neural_ai,True,0,7,1203310,0,0
neural_ai,True,0,14,1203311,0,0
neural_ai,True,0,7,1203312,0,0
neural_ai,False,9,21,1203313,0,0
neural_ai,True,0,14,1203314,0,0
neural_ai,True,0,7,1203315,0,0
neural_ai,True,0,14,1203316,0,0
neural_ai,False,7,21,1203317,0,0
neural_ai,True,0,7,1203318,0,0
neural_ai,True,0,7,1203319,0,0
neural_ai,True,0,7,1203320,0,0
neural_ai,True,0,7,1203321,0,0
neural_ai,True,0,14,1203322,0,0
neural_ai,True,0,7,1203323,0,0
neural_ai,True,0,7,1203324,0,0
neural_ai,True,0,7,1203325,0,0
neural_ai,True,0,7,1203326,0,0
neural_ai,True,0,7,1203327,0,0
neural_ai,True,0,7,1203328,0,0
neural_ai,True,0,7,1203329,0,0
neural_ai,True,0,7,1203330,0,0
neural_ai,True,0,7,1203331,0,0
neural_ai,False,7,21,1203332,0,0
neural_ai,True,0,7,1203333,0,0
neural_ai,True,0,7,1203334,0,0
neural_ai,True,0,7,1203335,0,0
neural_ai,True,0,7,1203336,0,0
neural_ai,True,0,7,1203337,0,0
neural_ai,True,0,7,1203338,0,0
neural_ai,True,0,14,1203339,0,0
neural_ai,True,0,7,1203340,0,0
neural_ai,False,7,21,1203341,0,0
neural_ai,True,0,7,1203342,0,0
neural_ai,False,6,21,1203343,0,0
neural_ai,True,0,7,1203344,0,0
neural_ai,False,7,21,1203345,0,0
neural_ai,True,0,14,1203346,0,0
neural_ai,False,7,21,1203347,0,0
neural_ai,True,0,7,1203348,0,0
neural_ai,True,0,7,1203349,0,0
neural_ai,True,0,14,1203350,0,0
neural_ai,True,0,14,1203351,0,0
neural_ai,True,0,14,1203352,0,0
neural_ai,True,0,7,1203353,0,0
neural_ai,True,0,7,1203354,0,0
neural_ai,True,0,14,1203355,0,0
neural_ai,False,6,21,1203356,0,0
neural_ai,True,0,7,1203357,0,0
neural_ai,True,0,14,1203358,0,0
neural_ai,True,0,14,1203359,0,0
neural_ai,False,7,21,1203360,0,0
neural_ai,True,0,7,1203361,0,0
neural_ai,True,0,7,1203362,0,0
neural_ai,True,0,14,1203363,0,0
neural_ai,True,0,7,1203364,0,0
neural_ai,True,0,7,1203365,0,0
neural_ai,True,0,7,1203366,0,0
neural_ai,True,0,14,1203367,0,0
neural_ai,True,0,7,1203368,0,0
neural_ai,True,0,7,1203369,0,0
neural_ai,True,0,7,1203370,0,0
neural_ai,True,0,7,1203371,0,0
neural_ai,True,0,7,1203372,0,0
neural_ai,True,0,7,1203373,0,0
neural_ai,True,0,14,1203374,0,0
neural_ai,True,0,14,1203375,0,0
neural_ai,True,0,14,1203376,0,0
neural_ai,True,0,7,1203377,0,0
neural_ai,True,0,7,1203378,0,0
neural_ai,True,0,14,1203379,0,0
neural_ai,True,0,7,1203380,0,0
neural_ai,True,0,7,1203381,0,0
neural_ai,True,0,7,1203382,0,0
neural_ai,False,6,21,1203383,0,0
neural_ai,True,0,14,1203384,0,0
neural_ai,True,0,7,1203385,0,0
neural_ai,True,0,14,1203386,0,0
neural_ai,True,0,7,1203387,0,0
neural_ai,True,0,14,1203388,0,0
neural_ai,True,0,7,1203389,0,0
neural_ai,True,0,14,1203390,0,0
neural_ai,True,0,7,1203391,0,0
neural_ai,True,0,7,1203392,0,0
neural_ai,False,9,21,1203393,0,0
neural_ai,True,0,7,1203394,0,0
neural_ai,True,0,7,1203395,0,0
neural_ai,False,6,21,1203396,0,0
neural_ai,True,0,7,1203397,0,0
neural_ai,True,0,14,1203398,0,0
neural_ai,False,9,21,1203399,0,0
neural_ai,True,0,14,1203400,0,0
neural_ai,True,0,7,1203401,0,0
neural_ai,True,0,7,1203402,0,0
neural_ai,True,0,7,1203403,0,0
neural_ai,True,0,7,1203404,0,0
neural_ai,True,0,14,1203405,0,0
neural_ai,False,8,21,1203406,0,0
neural_ai,True,0,14,1203407,0,0
neural_ai,True,0,7,1203408,0,0
neural_ai,True,0,14,1203409,0,0
neural_ai,True,0,7,1203410,0,0
neural_ai,True,0,7,1203411,0,0
neural_ai,False,5,21,1203412,0,0
neural_ai,True,0,7,1203413,0,0
neural_ai,True,0,7,1203414,0,0
neural_ai,True,0,14,1203415,0,0
neural_ai,True,0,14,1203416,0,0
neural_ai,True,0,7,1203417,0,0
neural_ai,True,0,7,1203418,0,0
neural_ai,True,0,7,1203419,0,0
neural_ai,True,0,7,1203420,0,0
neural_ai,True,0,7,1203421,0,0
neural_ai,True,0,14,1203422,0,0
neural_ai,True,0,14,1203423,0,0
neural_ai,True,0,14,1203424,0,0
neural_ai,True,0,7,1203425,0,0
neural_ai,True,0,7,1203426,0,0
neural_ai,True,0,14,1203427,0,0
neural_ai,True,0,7,1203428,0,0
neural_ai,False,6,21,1203429,0,0
neural_ai,False,9,21,1203430,0,0
neural_ai,True,0,7,1203431,0,0
neural_ai,True,0,7,1203432,0,0
neural_ai,True,0,7,1203433,0,0
neural_ai,True,0,7,1203434,0,0
neural_ai,True,0,14,1203435,0,0
neural_ai,True,0,14,1203436,0,0
neural_ai,True,0,14,1203437,0,0
neural_ai,True,0,7,1203438,0,0
neural_ai,True,0,7,1203439,0,0
neural_ai,True,0,14,1203440,0,0
neural_ai,True,0,7,1203441,0,0
neural_ai,True,0,7,1203442,0,0
neural_ai,True,0,14,1203443,0,0
neural_ai,True,0,14,1203444,0,0
neural_ai,True,0,14,1203445,0,0
neural_ai,True,0,14,1203446,0,0
neural_ai,True,0,7,1203447,0,0
neural_ai,True,0,7,1203448,0,0
neural_ai,True,0,7,1203449,0,0
neural_ai,True,0,14,1203450,0,0
neural_ai,False,6,21,1203451,0,0
neural_ai,True,0,14,1203452,0,0
neural_ai,True,0,7,1203453,0,0
neural_ai,False,9,21,1203454,0,0
neural_ai,False,7,21,1203455,0,0
neural_ai,True,0,7,1203456,0,0
neural_ai,True,0,14,1203457,0,0
neural_ai,True,0,7,1203458,0,0
neural_ai,True,0,7,1203459,0,0
neural_ai,True,0,7,1203460,0,0
neural_ai,True,0,14,1203461,0,0
neural_ai,True,0,21,1203462,0,0
neural_ai,True,0,14,1203463,0,0
neural_ai,True,0,7,1203464,0,0
neural_ai,True,0,7,1203465,0,0
neural_ai,False,7,21,1203466,0,0
neural_ai,True,0,7,1203467,0,0
neural_ai,True,0,7,1203468,0,0
neural_ai,True,0,7,1203469,0,0
neural_ai,True,0,7,1203470,0,0
neural_ai,True,0,14,1203471,0,0
neural_ai,False,5,21,1203472,0,0
neural_ai,True,0,14,1203473,0,0
neural_ai,True,0,7,1203474,0,0
neural_ai,True,0,7,1203475,0,0
neural_ai,True,0,7,1203476,0,0
neural_ai,True,0,7,1203477,0,0
neural_ai,True,0,7,1203478,0,0
neural_ai,True,0,7,1203479,0,0
neural_ai,True,0,7,1203480,0,0
neural_ai,False,6,21,1203481,0,0
neural_ai,True,0,14,1203482,0,0
neural_ai,True,0,14,1203483,0,0
neural_ai,True,0,14,1203484,0,0
neural_ai,True,0,14,1203485,0,0
neural_ai,True,0,21,1203486,0,0
neural_ai,False,7,21,1203487,0,0
neural_ai,True,0,7,1203488,0,0
neural_ai,True,0,7,1203489,0,0
neural_ai,True,0,14,1203490,0,0
neural_ai,True,0,7,1203491,0,0
neural_ai,True,0,14,1203492,0,0
neural_ai,True,0,14,1203493,0,0
neural_ai,True,0,14,1203494,0,0
neural_ai,True,0,7,1203495,0,0
neural_ai,True,0,7,1203496,0,0
neural_ai,True,0,14,1203497,0,0
neural_ai,True,0,14,1203498,0,0
neural_ai,True,0,7,1203499,0,0
neural_ai,True,0,7,1203500,0,0
neural_ai,True,0,14,1203501,0,0
neural_ai,True,0,7,1203502,0,0
neural_ai,True,0,7,1203503,0,0
neural_ai,True,0,14,1203504,0,0
neural_ai,False,3,21,1203505,0,0
neural_ai,True,0,14,1203506,0,0
neural_ai,True,0,14,1203507,0,0
neural_ai,True,0,7,1203508,0,0
neural_ai,False,7,21,1203509,0,0
neural_ai,True,0,14,1203510,0,0
neural_ai,False,6,21,1203511,0,0
neural_ai,True,0,7,1203512,0,0
neural_ai,False,5,21,1203513,0,0
neural_ai,True,0,7,1203514,0,0
neural_ai,False,5,21,1203515,0,0
neural_ai,True,0,14,1203516,0,0
neural_ai,True,0,14,1203517,0,0
neural_ai,True,0,7,1203518,0,0
neural_ai,True,0,14,1203519,0,0
neural_ai,True,0,7,1203520,0,0
neural_ai,True,0,14,1203521,0,0
neural_ai,True,0,14,1203522,0,0
neural_ai,True,0,7,1203523,0,0
neural_ai,True,0,14,1203524,0,0
neural_ai,True,0,21,1203525,0,0
neural_ai,True,0,14,1203526,0,0
neural_ai,True,0,7,1203527,0,0
neural_ai,True,0,14,1203528,0,0
neural_ai,True,0,7,1203529,0,0
neural_ai,False,5,21,1203530,0,0
neural_ai,True,0,14,1203531,0,0
neural_ai,False,7,21,1203532,0,0
neural_ai,True,0,14,1203533,0,0
neural_ai,False,9,21,1203534,0,0
neural_ai,True,0,14,1203535,0,0
neural_ai,False,7,21,1203536,0,0
neural_ai,True,0,7,1203537,0,0
neural_ai,True,0,14,1203538,0,0
neural_ai,True,0,7,1203539,0,0
neural_ai,True,0,7,1203540,0,0
neural_ai,True,0,14,1203541,0,0
neural_ai,True,0,14,1203542,0,0
neural_ai,True,0,7,1203543,0,0
neural_ai,True,0,7,1203544,0,0
neural_ai,True,0,7,1203545,0,0
neural_ai,True,0,14,1203546,0,0
neural_ai,True,0,14,1203547,0,0
neural_ai,True,0,14,1203548,0,0
neural_ai,True,0,7,1203549,0,0
neural_ai,True,0,14,1203550,0,0
neural_ai,True,0,7,1203551,0,0
neural_ai,True,0,7,1203552,0,0
neural_ai,True,0,7,1203553,0,0
neural_ai,True,0,7,1203554,0,0
neural_ai,True,0,7,1203555,0,0
neural_ai,True,0,14,1203556,0,0
neural_ai,True,0,7,1203557,0,0
neural_ai,True,0,14,1203558,0,0
neural_ai,True,0,14,1203559,0,0
neural_ai,True,0,14,1203560,0,0
neural_ai,False,8,21,1203561,0,0
neural_ai,True,0,14,1203562,0,0
neural_ai,True,0,7,1203563,0,0
neural_ai,True,0,14,1203564,0,0
neural_ai,True,0,7,1203565,0,0
neural_ai,True,0,7,1203566,0,0
neural_ai,True,0,7,1203567,0,0
neural_ai,True,0,14,1203568,0,0
neural_ai,True,0,14,1203569,0,0
neural_ai,True,0,7,1203570,0,0
neural_ai,True,0,7,1203571,0,0
neural_ai,True,0,7,1203572,0,0
neural_ai,True,0,7,1203573,0,0
neural_ai,True,0,7,1203574,0,0
neural_ai,False,9,21,1203575,0,0
neural_ai,True,0,14,1203576,0,0
neural_ai,True,0,7,1203577,0,0
neural_ai,True,0,7,1203578,0,0
neural_ai,True,0,7,1203579,0,0
neural_ai,True,0,14,1203580,0,0
neural_ai,True,0,7,1203581,0,0
neural_ai,True,0,7,1203582,0,0
neural_ai,True,0,7,1203583,0,0
neural_ai,True,0,7,1203584,0,0
neural_ai,True,0,7,1203585,0,0
neural_ai,True,0,7,1203586,0,0
neural_ai,True,0,14,1203587,0,0
neural_ai,True,0,7,1203588,0,0
neural_ai,False,8,21,1203589,0,0
neural_ai,True,0,7,1203590,0,0
neural_ai,True,0,7,1203591,0,0
neural_ai,True,0,14,1203592,0,0
neural_ai,True,0,7,1203593,0,0
neural_ai,False,6,21,1203594,0,0
neural_ai,True,0,7,1203595,0,0
neural_ai,True,0,14,1203596,0,0
neural_ai,True,0,14,1203597,0,0
neural_ai,True,0,7,1203598,0,0
neural_ai,True,0,7,1203599,0,0
neural_ai,True,0,14,1203600,0,0
neural_ai,True,0,7,1203601,0,0
neural_ai,False,9,21,1203602,0,0
neural_ai,True,0,14,1203603,0,0
neural_ai,True,0,7,1203604,0,0
neural_ai,True,0,7,1203605,0,0
neural_ai,True,0,7,1203606,0,0
neural_ai,False,9,21,1203607,0,0
neural_ai,True,0,14,1203608,0,0
neural_ai,True,0,14,1203609,0,0
neural_ai,True,0,14,1203610,0,0
neural_ai,True,0,7,1203611,0,0
neural_ai,True,0,14,1203612,0,0
neural_ai,True,0,7,1203613,0,0
neural_ai,False,7,21,1203614,0,0
neural_ai,True,0,7,1203615,0,0
neural_ai,True,0,7,1203616,0,0
neural_ai,True,0,7,1203617,0,0
neural_ai,False,5,21,1203618,0,0
neural_ai,True,0,7,1203619,0,0
neural_ai,True,0,14,1203620,0,0
neural_ai,False,7,21,1203621,0,0
neural_ai,True,0,7,1203622,0,0
neural_ai,True,0,14,1203623,0,0
neural_ai,True,0,14,1203624,0,0
neural_ai,True,0,7,1203625,0,0
neural_ai,True,0,14,1203626,0,0
neural_ai,False,8,21,1203627,0,0
neural_ai,False,7,21,1203628,0,0
neural_ai,True,0,14,1203629,0,0
neural_ai,True,0,14,1203630,0,0
neural_ai,True,0,14,1203631,0,0
neural_ai,True,0,7,1203632,0,0
neural_ai,True,0,7,1203633,0,0
neural_ai,False,4,21,1203634,0,0
neural_ai,False,7,21,1203635,0,0
neural_ai,True,0,7,1203636,0,0
neural_ai,True,0,7,1203637,0,0
neural_ai,True,0,7,1203638,0,0
neural_ai,False,7,21,1203639,0,0
neural_ai,True,0,14,1203640,0,0
neural_ai,True,0,14,1203641,0,0
neural_ai,True,0,14,1203642,0,0
neural_ai,True,0,14,1203643,0,0
neural_ai,True,0,7,1203644,0,0
neural_ai,True,0,7,1203645,0,0
neural_ai,True,0,7,1203646,0,0
neural_ai,True,0,7,1203647,0,0
neural_ai,True,0,7,1203648,0,0
neural_ai,True,0,7,1203649,0,0
neural_ai,True,0,14,1203650,0,0
neural_ai,True,0,14,1203651,0,0
neural_ai,True,0,7,1203652,0,0
neural_ai,True,0,7,1203653,0,0
neural_ai,True,0,7,1203654,0,0
neural_ai,True,0,7,1203655,0,0
neural_ai,False,9,21,1203656,0,0
neural_ai,True,0,7,1203657,0,0
neural_ai,True,0,7,1203658,0,0
neural_ai,True,0,7,1203659,0,0
neural_ai,True,0,7,1203660,0,0
neural_ai,True,0,7,1203661,0,0
neural_ai,True,0,7,1203662,0,0
neural_ai,True,0,14,1203663,0,0
neural_ai,True,0,7,1203664,0,0
neural_ai,True,0,7,1203665,0,0
neural_ai,True,0,7,1203666,0,0
neural_ai,True,0,7,1203667,0,0
neural_ai,True,0,14,1203668,0,0
neural_ai,True,0,7,1203669,0,0
neural_ai,True,0,7,1203670,0,0
neural_ai,True,0,14,1203671,0,0
neural_ai,True,0,7,1203672,0,0
neural_ai,True,0,7,1203673,0,0
neural_ai,True,0,14,1203674,0,0
neural_ai,True,0,14,1203675,0,0
neural_ai,True,0,7,1203676,0,0
neural_ai,True,0,7,1203677,0,0
neural_ai,True,0,7,1203678,0,0
neural_ai,True,0,7,1203679,0,0
neural_ai,True,0,14,1203680,0,0
neural_ai,True,0,7,1203681,0,0
neural_ai,True,0,7,1203682,0,0
neural_ai,False,6,21,1203683,0,0
neural_ai,False,8,21,1203684,0,0
neural_ai,True,0,7,1203685,0,0
neural_ai,True,0,7,1203686,0,0
neural_ai,True,0,7,1203687,0,0
neural_ai,True,0,7,1203688,0,0
neural_ai,True,0,7,1203689,0,0
neural_ai,True,0,7,1203690,0,0
neural_ai,True,0,14,1203691,0,0
neural_ai,True,0,7,1203692,0,0
neural_ai,True,0,14,1203693,0,0
neural_ai,True,0,7,1203694,0,0
neural_ai,True,0,7,1203695,0,0
neural_ai,True,0,7,1203696,0,0
neural_ai,True,0,14,1203697,0,0
neural_ai,True,0,7,1203698,0,0
neural_ai,True,0,14,1203699,0,0
neural_ai,True,0,7,1203700,0,0
neural_ai,True,0,7,1203701,0,0
neural_ai,True,0,14,1203702,0,0
neural_ai,True,0,7,1203703,0,0
neural_ai,True,0,7,1203704,0,0
neural_ai,False,8,21,1203705,0,0
neural_ai,True,0,14,1203706,0,0
neural_ai,False,7,21,1203707,0,0
neural_ai,True,0,7,1203708,0,0
neural_ai,True,0,7,1203709,0,0
neural_ai,True,0,14,1203710,0,0
neural_ai,True,0,7,1203711,0,0
neural_ai,True,0,14,1203712,0,0
neural_ai,True,0,14,1203713,0,0
neural_ai,True,0,14,1203714,0,0
neural_ai,True,0,14,1203715,0,0
neural_ai,False,6,21,1203716,0,0
neural_ai,True,0,7,1203717,0,0
neural_ai,True,0,14,1203718,0,0
neural_ai,True,0,14,1203719,0,0
neural_ai,True,0,7,1203720,0,0
neural_ai,True,0,7,1203721,0,0
neural_ai,True,0,7,1203722,0,0
neural_ai,True,0,7,1203723,0,0
neural_ai,True,0,7,1203724,0,0
neural_ai,True,0,7,1203725,0,0
neural_ai,True,0,14,1203726,0,0
neural_ai,False,7,21,1203727,0,0
neural_ai,True,0,7,1203728,0,0
neural_ai,True,0,7,1203729,0,0
neural_ai,True,0,14,1203730,0,0
neural_ai,True,0,7,1203731,0,0
neural_ai,True,0,14,1203732,0,0
neural_ai,False,9,21,1203733,0,0
neural_ai,False,5,21,1203734,0,0
neural_ai,True,0,14,1203735,0,0
neural_ai,True,0,7,1203736,0,0
neural_ai,True,0,14,1203737,0,0
neural_ai,True,0,14,1203738,0,0
neural_ai,True,0,7,1203739,0,0
neural_ai,True,0,7,1203740,0,0
neural_ai,True,0,7,1203741,0,0
neural_ai,True,0,7,1203742,0,0
neural_ai,True,0,7,1203743,0,0
neural_ai,True,0,21,1203744,0,0
neural_ai,False,8,21,1203745,0,0
neural_ai,True,0,14,1203746,0,0
neural_ai,True,0,7,1203747,0,0
neural_ai,False,7,21,1203748,0,0
neural_ai,False,3,21,1203749,0,0
neural_ai,True,0,7,1203750,0,0
neural_ai,True,0,14,1203751,0,0
neural_ai,False,7,21,1203752,0,0
neural_ai,True,0,7,1203753,0,0
neural_ai,True,0,14,1203754,0,0
neural_ai,True,0,7,1203755,0,0
neural_ai,True,0,7,1203756,0,0
neural_ai,True,0,14,1203757,0,0
neural_ai,True,0,7,1203758,0,0
neural_ai,True,0,14,1203759,0,0
neural_ai,True,0,7,1203760,0,0
neural_ai,True,0,7,1203761,0,0
neural_ai,True,0,7,1203762,0,0
neural_ai,True,0,7,1203763,0,0
neural_ai,False,6,21,1203764,0,0
neural_ai,True,0,7,1203765,0,0
neural_ai,True,0,14,1203766,0,0
neural_ai,True,0,7,1203767,0,0
neural_ai,True,0,7,1203768,0,0
neural_ai,True,0,7,1203769,0,0
neural_ai,True,0,7,1203770,0,0
neural_ai,True,0,14,1203771,0,0
neural_ai,True,0,7,1203772,0,0
neural_ai,True,0,7,1203773,0,0
neural_ai,True,0,7,1203774,0,0
neural_ai,True,0,7,1203775,0,0
neural_ai,True,0,14,1203776,0,0
neural_ai,True,0,7,1203777,0,0
neural_ai,False,7,21,1203778,0,0
neural_ai,True,0,7,1203779,0,0
neural_ai,True,0,14,1203780,0,0
neural_ai,True,0,14,1203781,0,0
neural_ai,False,7,21,1203782,0,0
neural_ai,True,0,7,1203783,0,0
neural_ai,True,0,7,1203784,0,0
neural_ai,True,0,14,1203785,0,0
neural_ai,True,0,7,1203786,0,0
neural_ai,False,7,21,1203787,0,0
neural_ai,True,0,14,1203788,0,0
neural_ai,True,0,7,1203789,0,0
neural_ai,False,7,21,1203790,0,0
neural_ai,True,0,14,1203791,0,0
neural_ai,True,0,14,1203792,0,0
neural_ai,True,0,7,1203793,0,0
neural_ai,True,0,14,1203794,0,0
neural_ai,True,0,7,1203795,0,0
neural_ai,True,0,7,1203796,0,0
neural_ai,False,8,21,1203797,0,0
neural_ai,True,0,7,1203798,0,0
neural_ai,True,0,7,1203799,0,0
neural_ai,True,0,7,1203800,0,0
neural_ai,True,0,7,1203801,0,0
neural_ai,True,0,7,1203802,0,0
neural_ai,True,0,7,1203803,0,0
neural_ai,False,9,21,1203804,0,0
neural_ai,True,0,14,1203805,0,0
neural_ai,True,0,14,1203806,0,0
neural_ai,True,0,14,1203807,0,0
neural_ai,True,0,7,1203808,0,0
neural_ai,True,0,14,1203809,0,0
neural_ai,False,5,21,1203810,0,0
neural_ai,False,7,21,1203811,0,0
neural_ai,True,0,14,1203812,0,0
neural_ai,False,6,21,1203813,0,0
neural_ai,True,0,7,1203814,0,0
neural_ai,True,0,7,1203815,0,0
neural_ai,True,0,14,1203816,0,0
neural_ai,True,0,7,1203817,0,0
neural_ai,True,0,7,1203818,0,0
neural_ai,True,0,7,1203819,0,0
neural_ai,False,7,21,1203820,0,0
neural_ai,True,0,14,1203821,0,0
neural_ai,True,0,14,1203822,0,0
neural_ai,True,0,7,1203823,0,0
neural_ai,True,0,7,1203824,0,0
neural_ai,True,0,14,1203825,0,0
neural_ai,True,0,7,1203826,0,0
neural_ai,True,0,14,1203827,0,0
neural_ai,True,0,21,1203828,0,0
neural_ai,True,0,14,1203829,0,0
neural_ai,True,0,14,1203830,0,0
neural_ai,True,0,14,1203831,0,0
neural_ai,True,0,7,1203832,0,0
neural_ai,True,0,14,1203833,0,0
neural_ai,True,0,7,1203834,0,0
neural_ai,True,0,14,1203835,0,0
neural_ai,True,0,14,1203836,0,0
neural_ai,True,0,14,1203837,0,0
neural_ai,True,0,14,1203838,0,0
neural_ai,True,0,14,1203839,0,0
neural_ai,True,0,21,1203840,0,0
neural_ai,False,7,21,1203841,0,0
neural_ai,False,7,21,1203842,0,0
neural_ai,True,0,14,1203843,0,0
neural_ai,True,0,14,1203844,0,0
neural_ai,True,0,14,1203845,0,0
neural_ai,True,0,7,1203846,0,0
neural_ai,True,0,7,1203847,0,0
neural_ai,True,0,14,1203848,0,0
neural_ai,True,0,7,1203849,0,0
neural_ai,True,0,7,1203850,0,0
neural_ai,True,0,14,1203851,0,0
neural_ai,True,0,7,1203852,0,0
neural_ai,True,0,7,1203853,0,0
neural_ai,True,0,7,1203854,0,0
neural_ai,True,0,7,1203855,0,0
neural_ai,True,0,7,1203856,0,0
neural_ai,True,0,7,1203857,0,0
neural_ai,True,0,7,1203858,0,0
neural_ai,True,0,7,1203859,0,0
neural_ai,True,0,7,1203860,0,0
neural_ai,True,0,14,1203861,0,0
neural_ai,True,0,7,1203862,0,0
neural_ai,True,0,7,1203863,0,0
neural_ai,True,0,7,1203864,0,0
neural_ai,True,0,14,1203865,0,0
neural_ai,True,0,7,1203866,0,0
neural_ai,True,0,7,1203867,0,0
neural_ai,True,0,7,1203868,0,0
neural_ai,True,0,14,1203869,0,0
neural_ai,True,0,7,1203870,0,0
neural_ai,True,0,7,1203871,0,0
neural_ai,True,0,14,1203872,0,0
neural_ai,True,0,7,1203873,0,0
neural_ai,False,9,21,1203874,0,0
neural_ai,True,0,7,1203875,0,0
neural_ai,True,0,14,1203876,0,0
neural_ai,True,0,7,1203877,0,0
neural_ai,True,0,7,1203878,0,0
neural_ai,True,0,14,1203879,0,0
neural_ai,True,0,14,1203880,0,0
neural_ai,True,0,14,1203881,0,0
neural_ai,True,0,7,1203882,0,0
neural_ai,True,0,14,1203883,0,0
neural_ai,True,0,7,1203884,0,0
neural_ai,True,0,7,1203885,0,0
neural_ai,True,0,7,1203886,0,0
neural_ai,False,7,21,1203887,0,0
neural_ai,True,0,7,1203888,0,0
neural_ai,True,0,7,1203889,0,0
neural_ai,True,0,14,1203890,0,0
neural_ai,False,5,21,1203891,0,0
neural_ai,True,0,7,1203892,0,0
neural_ai,True,0,7,1203893,0,0
neural_ai,True,0,7,1203894,0,0
neural_ai,True,0,7,1203895,0,0
neural_ai,True,0,14,1203896,0,0
neural_ai,True,0,7,1203897,0,0
neural_ai,True,0,7,1203898,0,0
neural_ai,True,0,7,1203899,0,0
neural_ai,True,0,7,1203900,0,0
neural_ai,True,0,7,1203901,0,0
neural_ai,True,0,14,1203902,0,0
neural_ai,True,0,7,1203903,0,0
neural_ai,True,0,7,1203904,0,0
neural_ai,True,0,14,1203905,0,0
neural_ai,False,7,21,1203906,0,0
neural_ai,True,0,14,1203907,0,0
neural_ai,True,0,7,1203908,0,0
neural_ai,True,0,7,1203909,0,0
neural_ai,True,0,7,1203910,0,0
neural_ai,True,0,14,1203911,0,0
neural_ai,True,0,7,1203912,0,0
neural_ai,True,0,14,1203913,0,0
neural_ai,True,0,7,1203914,0,0
neural_ai,True,0,7,1203915,0,0
neural_ai,True,0,7,1203916,0,0
neural_ai,True,0,14,1203917,0,0
neural_ai,True,0,7,1203918,0,0
neural_ai,True,0,7,1203919,0,0
neural_ai,True,0,7,1203920,0,0
neural_ai,True,0,14,1203921,0,0
neural_ai,True,0,7,1203922,0,0
neural_ai,True,0,7,1203923,0,0
neural_ai,True,0,7,1203924,0,0
neural_ai,True,0,14,1203925,0,0
neural_ai,True,0,14,1203926,0,0
neural_ai,True,0,7,1203927,0,0
neural_ai,True,0,7,1203928,0,0
neural_ai,True,0,7,1203929,0,0
neural_ai,True,0,14,1203930,0,0
neural_ai,False,7,21,1203931,0,0
neural_ai,False,6,21,1203932,0,0
neural_ai,True,0,7,1203933,0,0
neural_ai,True,0,7,1203934,0,0
neural_ai,True,0,7,1203935,0,0
neural_ai,True,0,14,1203936,0,0
neural_ai,True,0,14,1203937,0,0
neural_ai,True,0,14,1203938,0,0
neural_ai,True,0,7,1203939,0,0
neural_ai,False,7,21,1203940,0,0
neural_ai,True,0,7,1203941,0,0
neural_ai,True,0,7,1203942,0,0
neural_ai,True,0,7,1203943,0,0
neural_ai,True,0,7,1203944,0,0
neural_ai,True,0,7,1203945,0,0
neural_ai,False,6,21,1203946,0,0
neural_ai,True,0,14,1203947,0,0
neural_ai,True,0,7,1203948,0,0
neural_ai,True,0,14,1203949,0,0
neural_ai,True,0,7,1203950,0,0
neural_ai,True,0,7,1203951,0,0
neural_ai,True,0,7,1203952,0,0
neural_ai,True,0,7,1203953,0,0
neural_ai,True,0,7,1203954,0,0
neural_ai,True,0,14,1203955,0,0
neural_ai,True,0,7,1203956,0,0
neural_ai,True,0,7,1203957,0,0
neural_ai,True,0,14,1203958,0,0
neural_ai,True,0,14,1203959,0,0
neural_ai,True,0,7,1203960,0,0
neural_ai,True,0,14,1203961,0,0
neural_ai,True,0,7,1203962,0,0
neural_ai,True,0,7,1203963,0,0
neural_ai,True,0,14,1203964,0,0
neural_ai,True,0,7,1203965,0,0
neural_ai,True,0,7,1203966,0,0
neural_ai,True,0,7,1203967,0,0
neural_ai,True,0,7,1203968,0,0
neural_ai,True,0,7,1203969,0,0
neural_ai,True,0,7,1203970,0,0
neural_ai,True,0,14,1203971,0,0
neural_ai,False,7,21,1203972,0,0
neural_ai,True,0,14,1203973,0,0
neural_ai,True,0,7,1203974,0,0
neural_ai,True,0,7,1203975,0,0
neural_ai,False,5,21,1203976,0,0
neural_ai,True,0,7,1203977,0,0
neural_ai,True,0,7,1203978,0,0
neural_ai,False,9,21,1203979,0,0
neural_ai,False,4,21,1203980,0,0
neural_ai,True,0,14,1203981,0,0
neural_ai,True,0,7,1203982,0,0
neural_ai,True,0,14,1203983,0,0
neural_ai,True,0,7,1203984,0,0
neural_ai,True,0,14,1203985,0,0
neural_ai,True,0,7,1203986,0,0
neural_ai,True,0,7,1203987,0,0
neural_ai,True,0,7,1203988,0,0
neural_ai,True,0,14,1203989,0,0
neural_ai,True,0,14,1203990,0,0
neural_ai,True,0,7,1203991,0,0
neural_ai,True,0,14,1203992,0,0
neural_ai,True,0,14,1203993,0,0
neural_ai,True,0,7,1203994,0,0
neural_ai,True,0,7,1203995,0,0
neural_ai,True,0,7,1203996,0,0
neural_ai,True,0,14,1203997,0,0
neural_ai,True,0,7,1203998,0,0
neural_ai,True,0,14,1203999,0,0
neural_ai,True,0,7,1204000,0,0
neural_ai,True,0,14,1204001,0,0
neural_ai,False,9,21,1204002,0,0
neural_ai,True,0,7,1204003,0,0
neural_ai,True,0,7,1204004,0,0
neural_ai,True,0,14,1204005,0,0
neural_ai,True,0,7,1204006,0,0
neural_ai,True,0,7,1204007,0,0
neural_ai,False,7,21,1204008,0,0
neural_ai,True,0,14,1204009,0,0
neural_ai,True,0,7,1204010,0,0
neural_ai,True,0,7,1204011,0,0
neural_ai,True,0,7,1204012,0,0
neural_ai,True,0,14,1204013,0,0
neural_ai,True,0,7,1204014,0,0
neural_ai,False,9,21,1204015,0,0
neural_ai,True,0,7,1204016,0,0
neural_ai,True,0,7,1204017,0,0
neural_ai,True,0,7,1204018,0,0
neural_ai,False,8,21,1204019,0,0
neural_ai,False,4,21,1204020,0,0
neural_ai,True,0,7,1204021,0,0
neural_ai,True,0,14,1204022,0,0
neural_ai,True,0,7,1204023,0,0
neural_ai,True,0,14,1204024,0,0
neural_ai,True,0,7,1204025,0,0
neural_ai,True,0,7,1204026,0,0
neural_ai,True,0,7,1204027,0,0
neural_ai,False,6,21,1204028,0,0
neural_ai,True,0,7,1204029,0,0
neural_ai,False,5,21,1204030,0,0
neural_ai,False,7,21,1204031,0,0
neural_ai,True,0,7,1204032,0,0
neural_ai,False,6,21,1204033,0,0
neural_ai,True,0,14,1204034,0,0
neural_ai,True,0,14,1204035,0,0
neural_ai,True,0,14,1204036,0,0
neural_ai,True,0,14,1204037,0,0
neural_ai,True,0,7,1204038,0,0
neural_ai,False,7,21,1204039,0,0
neural_ai,True,0,14,1204040,0,0
neural_ai,True,0,7,1204041,0,0
neural_ai,True,0,14,1204042,0,0
neural_ai,False,8,21,1204043,0,0
neural_ai,False,9,21,1204044,0,0
neural_ai,True,0,7,1204045,0,0
neural_ai,True,0,7,1204046,0,0
neural_ai,False,7,21,1204047,0,0
neural_ai,True,0,7,1204048,0,0
neural_ai,True,0,7,1204049,0,0
neural_ai,True,0,14,1204050,0,0
neural_ai,True,0,14,1204051,0,0
neural_ai,True,0,7,1204052,0,0
neural_ai,True,0,14,1204053,0,0
neural_ai,False,6,21,1204054,0,0
neural_ai,True,0,7,1204055,0,0
neural_ai,False,9,21,1204056,0,0
neural_ai,False,3,21,1204057,0,0
neural_ai,True,0,7,1204058,0,0
neural_ai,True,0,14,1204059,0,0
neural_ai,False,7,21,1204060,0,0
neural_ai,True,0,7,1204061,0,0
neural_ai,True,0,14,1204062,0,0
neural_ai,False,9,21,1204063,0,0
neural_ai,True,0,7,1204064,0,0
neural_ai,True,0,14,1204065,0,0
neural_ai,True,0,7,1204066,0,0
neural_ai,False,6,21,1204067,0,0
neural_ai,True,0,7,1204068,0,0
neural_ai,True,0,7,1204069,0,0
neural_ai,True,0,7,1204070,0,0
neural_ai,True,0,7,1204071,0,0
neural_ai,True,0,7,1204072,0,0
neural_ai,True,0,14,1204073,0,0
neural_ai,True,0,14,1204074,0,0
neural_ai,True,0,7,1204075,0,0
neural_ai,True,0,7,1204076,0,0
neural_ai,True,0,14,1204077,0,0
neural_ai,False,7,21,1204078,0,0
neural_ai,True,0,7,1204079,0,0
neural_ai,False,10,21,1204080,0,0
neural_ai,True,0,7,1204081,0,0
neural_ai,True,0,7,1204082,0,0
neural_ai,True,0,7,1204083,0,0
neural_ai,True,0,7,1204084,0,0
neural_ai,True,0,14,1204085,0,0
neural_ai,True,0,7,1204086,0,0
neural_ai,True,0,7,1204087,0,0
neural_ai,True,0,14,1204088,0,0
neural_ai,True,0,7,1204089,0,0
neural_ai,True,0,7,1204090,0,0
neural_ai,True,0,7,1204091,0,0
neural_ai,False,6,21,1204092,0,0
neural_ai,True,0,7,1204093,0,0
neural_ai,True,0,7,1204094,0,0
neural_ai,True,0,14,1204095,0,0
neural_ai,True,0,7,1204096,0,0
neural_ai,True,0,14,1204097,0,0
neural_ai,True,0,14,1204098,0,0
neural_ai,True,0,7,1204099,0,0
neural_ai,True,0,7,1204100,0,0
neural_ai,True,0,7,1204101,0,0
neural_ai,True,0,14,1204102,0,0
neural_ai,True,0,7,1204103,0,0
neural_ai,True,0,7,1204104,0,0
neural_ai,True,0,7,1204105,0,0
neural_ai,True,0,14,1204106,0,0
neural_ai,True,0,7,1204107,0,0
neural_ai,True,0,14,1204108,0,0
neural_ai,True,0,7,1204109,0,0
neural_ai,True,0,7,1204110,0,0
neural_ai,True,0,7,1204111,0,0
neural_ai,True,0,7,1204112,0,0
neural_ai,True,0,7,1204113,0,0
neural_ai,True,0,14,1204114,0,0
neural_ai,True,0,7,1204115,0,0
neural_ai,True,0,7,1204116,0,0
neural_ai,True,0,7,1204117,0,0
neural_ai,True,0,7,1204118,0,0
neural_ai,True,0,7,1204119,0,0
neural_ai,True,0,14,1204120,0,0
neural_ai,True,0,7,1204121,0,0
neural_ai,True,0,14,1204122,0,0
neural_ai,True,0,7,1204123,0,0
neural_ai,True,0,7,1204124,0,0
neural_ai,True,0,14,1204125,0,0
neural_ai,True,0,14,1204126,0,0
neural_ai,True,0,7,1204127,0,0
neural_ai,False,7,21,1204128,0,0
neural_ai,True,0,14,1204129,0,0
neural_ai,True,0,7,1204130,0,0
neural_ai,True,0,7,1204131,0,0
neural_ai,True,0,7,1204132,0,0
neural_ai,False,8,21,1204133,0,0
neural_ai,True,0,14,1204134,0,0
neural_ai,True,0,7,1204135,0,0
neural_ai,False,7,21,1204136,0,0
neural_ai,True,0,7,1204137,0,0
neural_ai,True,0,7,1204138,0,0
neural_ai,True,0,7,1204139,0,0
neural_ai,True,0,7,1204140,0,0
neural_ai,True,0,7,1204141,0,0
neural_ai,True,0,7,1204142,0,0
neural_ai,True,0,7,1204143,0,0
neural_ai,True,0,7,1204144,0,0
neural_ai,True,0,7,1204145,0,0
neural_ai,True,0,14,1204146,0,0
neural_ai,True,0,14,1204147,0,0
neural_ai,False,8,21,1204148,0,0
neural_ai,True,0,7,1204149,0,0
neural_ai,True,0,7,1204150,0,0
neural_ai,True,0,7,1204151,0,0
neural_ai,True,0,14,1204152,0,0
neural_ai,True,0,7,1204153,0,0
neural_ai,True,0,7,1204154,0,0
neural_ai,True,0,14,1204155,0,0
neural_ai,True,0,7,1204156,0,0
neural_ai,True,0,7,1204157,0,0
neural_ai,True,0,7,1204158,0,0
neural_ai,True,0,7,1204159,0,0
neural_ai,True,0,14,1204160,0,0
neural_ai,True,0,7,1204161,0,0
neural_ai,False,7,21,1204162,0,0
neural_ai,True,0,14,1204163,0,0
neural_ai,True,0,14,1204164,0,0
neural_ai,True,0,14,1204165,0,0
neural_ai,True,0,14,1204166,0,0
neural_ai,False,8,21,1204167,0,0
neural_ai,True,0,7,1204168,0,0
neural_ai,True,0,7,1204169,0,0
neural_ai,True,0,7,1204170,0,0
neural_ai,False,7,21,1204171,0,0
neural_ai,False,5,21,1204172,0,0
neural_ai,False,7,21,1204173,0,0
neural_ai,True,0,7,1204174,0,0
neural_ai,True,0,7,1204175,0,0
neural_ai,True,0,7,1204176,0,0
neural_ai,True,0,7,1204177,0,0
neural_ai,True,0,14,1204178,0,0
neural_ai,False,7,21,1204179,0,0
neural_ai,True,0,7,1204180,0,0
neural_ai,True,0,14,1204181,0,0
neural_ai,False,7,21,1204182,0,0
neural_ai,True,0,7,1204183,0,0
neural_ai,True,0,14,1204184,0,0
neural_ai,True,0,14,1204185,0,0
neural_ai,True,0,7,1204186,0,0
neural_ai,True,0,7,1204187,0,0
neural_ai,True,0,7,1204188,0,0
neural_ai,True,0,7,1204189,0,0
neural_ai,True,0,7,1204190,0,0
neural_ai,True,0,21,1204191,0,0
neural_ai,True,0,14,1204192,0,0
neural_ai,True,0,14,1204193,0,0
neural_ai,True,0,14,1204194,0,0
neural_ai,True,0,14,1204195,0,0
neural_ai,True,0,7,1204196,0,0
neural_ai,True,0,14,1204197,0,0
neural_ai,True,0,7,1204198,0,0
neural_ai,True,0,14,1204199,0,0
neural_ai,True,0,14,1204200,0,0
neural_ai,True,0,7,1204201,0,0
neural_ai,True,0,7,1204202,0,0
neural_ai,False,6,21,1204203,0,0
neural_ai,True,0,14,1204204,0,0
neural_ai,True,0,7,1204205,0,0
neural_ai,True,0,7,1204206,0,0
neural_ai,True,0,14,1204207,0,0
neural_ai,True,0,7,1204208,0,0
neural_ai,True,0,7,1204209,0,0
neural_ai,True,0,7,1204210,0,0
neural_ai,True,0,7,1204211,0,0
neural_ai,False,9,21,1204212,0,0
neural_ai,True,0,7,1204213,0,0
neural_ai,True,0,7,1204214,0,0
neural_ai,True,0,14,1204215,0,0
neural_ai,True,0,7,1204216,0,0
neural_ai,True,0,7,1204217,0,0
neural_ai,True,0,7,1204218,0,0
neural_ai,True,0,14,1204219,0,0
neural_ai,False,5,21,1204220,0,0
neural_ai,True,0,7,1204221,0,0
neural_ai,True,0,14,1204222,0,0
neural_ai,True,0,14,1204223,0,0
neural_ai,False,7,21,1204224,0,0
neural_ai,False,9,21,1204225,0,0
neural_ai,True,0,7,1204226,0,0
neural_ai,True,0,7,1204227,0,0
neural_ai,True,0,14,1204228,0,0
neural_ai,True,0,7,1204229,0,0
neural_ai,True,0,14,1204230,0,0
neural_ai,True,0,7,1204231,0,0
neural_ai,True,0,14,1204232,0,0
neural_ai,True,0,14,1204233,0,0
neural_ai,True,0,7,1204234,0,0
neural_ai,True,0,7,1204235,0,0
neural_ai,True,0,7,1204236,0,0
neural_ai,True,0,7,1204237,0,0
neural_ai,True,0,7,1204238,0,0
neural_ai,True,0,14,1204239,0,0
neural_ai,True,0,7,1204240,0,0
neural_ai,True,0,7,1204241,0,0
neural_ai,True,0,14,1204242,0,0
neural_ai,True,0,7,1204243,0,0
neural_ai,True,0,14,1204244,0,0
neural_ai,True,0,14,1204245,0,0
neural_ai,True,0,7,1204246,0,0
neural_ai,True,0,14,1204247,0,0
neural_ai,True,0,7,1204248,0,0
neural_ai,True,0,7,1204249,0,0
neural_ai,True,0,14,1204250,0,0
neural_ai,True,0,7,1204251,0,0
neural_ai,True,0,14,1204252,0,0
neural_ai,True,0,7,1204253,0,0
neural_ai,True,0,7,1204254,0,0
neural_ai,True,0,7,1204255,0,0
neural_ai,True,0,7,1204256,0,0
neural_ai,True,0,14,1204257,0,0
neural_ai,True,0,7,1204258,0,0
neural_ai,True,0,7,1204259,0,0
neural_ai,True,0,7,1204260,0,0
neural_ai,True,0,14,1204261,0,0
neural_ai,True,0,7,1204262,0,0
neural_ai,False,9,21,1204263,0,0
neural_ai,True,0,14,1204264,0,0
neural_ai,True,0,14,1204265,0,0
neural_ai,False,9,21,1204266,0,0
neural_ai,False,7,21,1204267,0,0
neural_ai,True,0,7,1204268,0,0
neural_ai,True,0,7,1204269,0,0
neural_ai,True,0,14,1204270,0,0
neural_ai,False,9,21,1204271,0,0
neural_ai,True,0,7,1204272,0,0
neural_ai,True,0,7,1204273,0,0
neural_ai,True,0,7,1204274,0,0
neural_ai,True,0,7,1204275,0,0
neural_ai,False,6,21,1204276,0,0
neural_ai,True,0,7,1204277,0,0
neural_ai,True,0,14,1204278,0,0
neural_ai,True,0,7,1204279,0,0
neural_ai,True,0,7,1204280,0,0
neural_ai,True,0,7,1204281,0,0
neural_ai,True,0,7,1204282,0,0
neural_ai,False,5,21,1204283,0,0
neural_ai,True,0,7,1204284,0,0
neural_ai,False,6,21,1204285,0,0
neural_ai,True,0,14,1204286,0,0
neural_ai,True,0,14,1204287,0,0
neural_ai,True,0,7,1204288,0,0
neural_ai,True,0,7,1204289,0,0
neural_ai,True,0,14,1204290,0,0
neural_ai,True,0,7,1204291,0,0
neural_ai,True,0,7,1204292,0,0
neural_ai,True,0,7,1204293,0,0
neural_ai,True,0,14,1204294,0,0
neural_ai,True,0,14,1204295,0,0
neural_ai,True,0,14,1204296,0,0
neural_ai,True,0,14,1204297,0,0
neural_ai,True,0,14,1204298,0,0
neural_ai,True,0,14,1204299,0,0
neural_ai,False,7,21,1204300,0,0
neural_ai,True,0,7,1204301,0,0
neural_ai,True,0,7,1204302,0,0
neural_ai,False,9,21,1204303,0,0
neural_ai,True,0,14,1204304,0,0
neural_ai,True,0,14,1204305,0,0
neural_ai,True,0,14,1204306,0,0
neural_ai,True,0,7,1204307,0,0
neural_ai,True,0,14,1204308,0,0
neural_ai,True,0,7,1204309,0,0
neural_ai,False,7,21,1204310,0,0
neural_ai,True,0,21,1204311,0,0
neural_ai,True,0,7,1204312,0,0
neural_ai,True,0,14,1204313,0,0
neural_ai,True,0,7,1204314,0,0
neural_ai,False,4,21,1204315,0,0
neural_ai,False,9,21,1204316,0,0
neural_ai,True,0,7,1204317,0,0
neural_ai,True,0,14,1204318,0,0
neural_ai,True,0,7,1204319,0,0
neural_ai,True,0,14,1204320,0,0
neural_ai,True,0,14,1204321,0,0
neural_ai,True,0,14,1204322,0,0
neural_ai,True,0,7,1204323,0,0
neural_ai,False,8,21,1204324,0,0
neural_ai,True,0,7,1204325,0,0
neural_ai,True,0,14,1204326,0,0
neural_ai,True,0,7,1204327,0,0
neural_ai,True,0,7,1204328,0,0
neural_ai,True,0,7,1204329,0,0
neural_ai,True,0,14,1204330,0,0
neural_ai,True,0,7,1204331,0,0
neural_ai,True,0,7,1204332,0,0
neural_ai,True,0,7,1204333,0,0
neural_ai,True,0,7,1204334,0,0
neural_ai,True,0,7,1204335,0,0
neural_ai,True,0,7,1204336,0,0
neural_ai,True,0,7,1204337,0,0
neural_ai,True,0,14,1204338,0,0
neural_ai,False,9,21,1204339,0,0
neural_ai,True,0,7,1204340,0,0
neural_ai,True,0,14,1204341,0,0
neural_ai,True,0,7,1204342,0,0
neural_ai,True,0,14,1204343,0,0
neural_ai,True,0,14,1204344,0,0
neural_ai,True,0,14,1204345,0,0
neural_ai,True,0,7,1204346,0,0
neural_ai,True,0,7,1204347,0,0
neural_ai,True,0,7,1204348,0,0
neural_ai,True,0,7,1204349,0,0
neural_ai,True,0,7,1204350,0,0
neural_ai,True,0,7,1204351,0,0
neural_ai,True,0,14,1204352,0,0
neural_ai,False,8,21,1204353,0,0
neural_ai,True,0,7,1204354,0,0
neural_ai,True,0,7,1204355,0,0
neural_ai,True,0,7,1204356,0,0
neural_ai,True,0,14,1204357,0,0
neural_ai,True,0,14,1204358,0,0
neural_ai,True,0,14,1204359,0,0
neural_ai,True,0,7,1204360,0,0
neural_ai,False,6,21,1204361,0,0
neural_ai,False,9,21,1204362,0,0
neural_ai,True,0,7,1204363,0,0
neural_ai,True,0,14,1204364,0,0
neural_ai,True,0,14,1204365,0,0
neural_ai,True,0,7,1204366,0,0
neural_ai,True,0,7,1204367,0,0
neural_ai,False,9,21,1204368,0,0
neural_ai,True,0,7,1204369,0,0
neural_ai,True,0,14,1204370,0,0
neural_ai,True,0,14,1204371,0,0
neural_ai,True,0,14,1204372,0,0
neural_ai,True,0,7,1204373,0,0
neural_ai,True,0,14,1204374,0,0
neural_ai,True,0,14,1204375,0,0
neural_ai,True,0,7,1204376,0,0
neural_ai,True,0,7,1204377,0,0
neural_ai,True,0,7,1204378,0,0
neural_ai,True,0,7,1204379,0,0
neural_ai,True,0,7,1204380,0,0
neural_ai,True,0,14,1204381,0,0
neural_ai,True,0,7,1204382,0,0
neural_ai,True,0,7,1204383,0,0
neural_ai,True,0,21,1204384,0,0
neural_ai,True,0,7,1204385,0,0
neural_ai,True,0,7,1204386,0,0
neural_ai,True,0,7,1204387,0,0
neural_ai,False,7,21,1204388,0,0
neural_ai,True,0,7,1204389,0,0
neural_ai,True,0,7,1204390,0,0
neural_ai,True,0,7,1204391,0,0
neural_ai,True,0,7,1204392,0,0
neural_ai,True,0,7,1204393,0,0
neural_ai,True,0,14,1204394,0,0
neural_ai,True,0,14,1204395,0,0
neural_ai,True,0,7,1204396,0,0
neural_ai,True,0,7,1204397,0,0
neural_ai,True,0,14,1204398,0,0
neural_ai,False,10,21,1204399,0,0
neural_ai,True,0,14,1204400,0,0
neural_ai,True,0,14,1204401,0,0
neural_ai,True,0,7,1204402,0,0
neural_ai,True,0,7,1204403,0,0
neural_ai,True,0,7,1204404,0,0
neural_ai,True,0,14,1204405,0,0
neural_ai,True,0,14,1204406,0,0
neural_ai,True,0,7,1204407,0,0
neural_ai,False,7,21,1204408,0,0
neural_ai,True,0,7,1204409,0,0
neural_ai,True,0,7,1204410,0,0
neural_ai,True,0,14,1204411,0,0
neural_ai,True,0,7,1204412,0,0
neural_ai,True,0,7,1204413,0,0
neural_ai,True,0,14,1204414,0,0
neural_ai,True,0,14,1204415,0,0
neural_ai,True,0,7,1204416,0,0
neural_ai,True,0,14,1204417,0,0
neural_ai,True,0,7,1204418,0,0
neural_ai,True,0,7,1204419,0,0
neural_ai,True,0,7,1204420,0,0
neural_ai,True,0,7,1204421,0,0
neural_ai,True,0,7,1204422,0,0
neural_ai,False,7,21,1204423,0,0
neural_ai,True,0,7,1204424,0,0
neural_ai,True,0,7,1204425,0,0
neural_ai,True,0,14,1204426,0,0
neural_ai,True,0,7,1204427,0,0
neural_ai,True,0,14,1204428,0,0
neural_ai,True,0,7,1204429,0,0
neural_ai,True,0,7,1204430,0,0
neural_ai,False,8,21,1204431,0,0
neural_ai,True,0,7,1204432,0,0
neural_ai,True,0,14,1204433,0,0
neural_ai,True,0,14,1204434,0,0
neural_ai,True,0,7,1204435,0,0
neural_ai,True,0,14,1204436,0,0
neural_ai,True,0,14,1204437,0,0
neural_ai,True,0,7,1204438,0,0
neural_ai,True,0,7,1204439,0,0
neural_ai,True,0,7,1204440,0,0
neural_ai,True,0,14,1204441,0,0
neural_ai,True,0,7,1204442,0,0
neural_ai,False,7,21,1204443,0,0
neural_ai,True,0,7,1204444,0,0
neural_ai,True,0,14,1204445,0,0
neural_ai,True,0,7,1204446,0,0
neural_ai,True,0,14,1204447,0,0
neural_ai,True,0,7,1204448,0,0
neural_ai,True,0,7,1204449,0,0
neural_ai,True,0,7,1204450,0,0
neural_ai,True,0,14,1204451,0,0
neural_ai,True,0,14,1204452,0,0
neural_ai,False,5,21,1204453,0,0
neural_ai,True,0,14,1204454,0,0
neural_ai,True,0,14,1204455,0,0
neural_ai,True,0,14,1204456,0,0
neural_ai,True,0,14,1204457,0,0
neural_ai,True,0,7,1204458,0,0
neural_ai,True,0,14,1204459,0,0
neural_ai,True,0,7,1204460,0,0
neural_ai,True,0,14,1204461,0,0
neural_ai,True,0,7,1204462,0,0
neural_ai,True,0,7,1204463,0,0
neural_ai,True,0,14,1204464,0,0
neural_ai,True,0,7,1204465,0,0
neural_ai,True,0,7,1204466,0,0
neural_ai,True,0,7,1204467,0,0
neural_ai,True,0,7,1204468,0,0
neural_ai,True,0,7,1204469,0,0
neural_ai,True,0,7,1204470,0,0
neural_ai,True,0,7,1204471,0,0
neural_ai,True,0,7,1204472,0,0
neural_ai,True,0,7,1204473,0,0
neural_ai,True,0,14,1204474,0,0
neural_ai,True,0,7,1204475,0,0
neural_ai,True,0,14,1204476,0,0
neural_ai,True,0,14,1204477,0,0
neural_ai,True,0,7,1204478,0,0
neural_ai,False,7,21,1204479,0,0
neural_ai,True,0,7,1204480,0,0
neural_ai,True,0,7,1204481,0,0
neural_ai,True,0,7,1204482,0,0
neural_ai,True,0,14,1204483,0,0
neural_ai,False,9,21,1204484,0,0
neural_ai,True,0,7,1204485,0,0
neural_ai,True,0,14,1204486,0,0
neural_ai,True,0,7,1204487,0,0
neural_ai,True,0,7,1204488,0,0
neural_ai,True,0,7,1204489,0,0
neural_ai,True,0,14,1204490,0,0
neural_ai,True,0,7,1204491,0,0
neural_ai,True,0,14,1204492,0,0
neural_ai,True,0,14,1204493,0,0
neural_ai,True,0,21,1204494,0,0
neural_ai,True,0,14,1204495,0,0
neural_ai,True,0,14,1204496,0,0
neural_ai,True,0,14,1204497,0,0
neural_ai,True,0,7,1204498,0,0
neural_ai,True,0,7,1204499,0,0
neural_ai,True,0,7,1204500,0,0
neural_ai,True,0,14,1204501,0,0
neural_ai,True,0,14,1204502,0,0
neural_ai,False,6,21,1204503,0,0
neural_ai,True,0,7,1204504,0,0
neural_ai,True,0,7,1204505,0,0
neural_ai,True,0,14,1204506,0,0
neural_ai,True,0,7,1204507,0,0
neural_ai,True,0,14,1204508,0,0
neural_ai,True,0,7,1204509,0,0
neural_ai,True,0,14,1204510,0,0
neural_ai,True,0,7,1204511,0,0
neural_ai,True,0,14,1204512,0,0
neural_ai,True,0,14,1204513,0,0
neural_ai,True,0,7,1204514,0,0
neural_ai,False,9,21,1204515,0,0
neural_ai,True,0,14,1204516,0,0
neural_ai,False,7,21,1204517,0,0
neural_ai,True,0,7,1204518,0,0
neural_ai,True,0,7,1204519,0,0
neural_ai,True,0,7,1204520,0,0
neural_ai,True,0,7,1204521,0,0
neural_ai,True,0,21,1204522,0,0
neural_ai,True,0,7,1204523,0,0
neural_ai,True,0,14,1204524,0,0
neural_ai,True,0,14,1204525,0,0
neural_ai,True,0,7,1204526,0,0
neural_ai,True,0,7,1204527,0,0
neural_ai,True,0,7,1204528,0,0
neural_ai,True,0,7,1204529,0,0
neural_ai,True,0,7,1204530,0,0
neural_ai,True,0,7,1204531,0,0
neural_ai,True,0,7,1204532,0,0
neural_ai,True,0,14,1204533,0,0
neural_ai,True,0,14,1204534,0,0
neural_ai,False,9,21,1204535,0,0
neural_ai,True,0,7,1204536,0,0
neural_ai,False,5,21,1204537,0,0
neural_ai,True,0,7,1204538,0,0
neural_ai,True,0,7,1204539,0,0
neural_ai,True,0,14,1204540,0,0
neural_ai,True,0,7,1204541,0,0
neural_ai,True,0,7,1204542,0,0
neural_ai,True,0,7,1204543,0,0
neural_ai,True,0,7,1204544,0,0
neural_ai,True,0,7,1204545,0,0
neural_ai,True,0,7,1204546,0,0
neural_ai,True,0,14,1204547,0,0
neural_ai,True,0,7,1204548,0,0
neural_ai,True,0,7,1204549,0,0
neural_ai,True,0,7,1204550,0,0
neural_ai,True,0,14,1204551,0,0
neural_ai,True,0,14,1204552,0,0
neural_ai,True,0,7,1204553,0,0
neural_ai,True,0,14,1204554,0,0
neural_ai,True,0,7,1204555,0,0
neural_ai,True,0,14,1204556,0,0
neural_ai,True,0,7,1204557,0,0
neural_ai,True,0,14,1204558,0,0
neural_ai,True,0,14,1204559,0,0
neural_ai,True,0,14,1204560,0,0
neural_ai,True,0,7,1204561,0,0
neural_ai,True,0,14,1204562,0,0
neural_ai,True,0,7,1204563,0,0
neural_ai,True,0,7,1204564,0,0
neural_ai,True,0,7,1204565,0,0
neural_ai,False,6,21,1204566,0,0
neural_ai,False,4,21,1204567,0,0
neural_ai,True,0,14,1204568,0,0
neural_ai,True,0,7,1204569,0,0
neural_ai,True,0,7,1204570,0,0
neural_ai,True,0,7,1204571,0,0
neural_ai,True,0,7,1204572,0,0
neural_ai,False,5,21,1204573,0,0
neural_ai,True,0,7,1204574,0,0
neural_ai,True,0,7,1204575,0,0
neural_ai,False,9,21,1204576,0,0
neural_ai,False,9,21,1204577,0,0
neural_ai,False,5,21,1204578,0,0
neural_ai,True,0,14,1204579,0,0
neural_ai,True,0,14,1204580,0,0
neural_ai,True,0,7,1204581,0,0
neural_ai,True,0,7,1204582,0,0
neural_ai,True,0,7,1204583,0,0
neural_ai,True,0,7,1204584,0,0
neural_ai,False,9,21,1204585,0,0
neural_ai,True,0,7,1204586,0,0
neural_ai,True,0,14,1204587,0,0
neural_ai,True,0,21,1204588,0,0
neural_ai,True,0,14,1204589,0,0
neural_ai,True,0,7,1204590,0,0
neural_ai,True,0,21,1204591,0,0
neural_ai,False,8,21,1204592,0,0
neural_ai,True,0,7,1204593,0,0
neural_ai,True,0,14,1204594,0,0
neural_ai,True,0,14,1204595,0,0
neural_ai,False,9,21,1204596,0,0
neural_ai,False,5,21,1204597,0,0
neural_ai,True,0,7,1204598,0,0
neural_ai,False,9,21,1204599,0,0
neural_ai,True,0,7,1204600,0,0
neural_ai,True,0,7,1204601,0,0
neural_ai,True,0,14,1204602,0,0
neural_ai,True,0,14,1204603,0,0
neural_ai,True,0,7,1204604,0,0
neural_ai,True,0,14,1204605,0,0
neural_ai,True,0,7,1204606,0,0
neural_ai,True,0,14,1204607,0,0
neural_ai,True,0,7,1204608,0,0
neural_ai,True,0,14,1204609,0,0
neural_ai,True,0,7,1204610,0,0
neural_ai,True,0,7,1204611,0,0
neural_ai,False,9,21,1204612,0,0
neural_ai,True,0,14,1204613,0,0
neural_ai,False,7,21,1204614,0,0
neural_ai,True,0,14,1204615,0,0
neural_ai,True,0,14,1204616,0,0
neural_ai,False,7,21,1204617,0,0
neural_ai,True,0,14,1204618,0,0
neural_ai,True,0,14,1204619,0,0
neural_ai,False,9,21,1204620,0,0
neural_ai,True,0,21,1204621,0,0
neural_ai,True,0,7,1204622,0,0
neural_ai,True,0,7,1204623,0,0
neural_ai,True,0,7,1204624,0,0
neural_ai,True,0,14,1204625,0,0
neural_ai,True,0,14,1204626,0,0
neural_ai,False,9,21,1204627,0,0
neural_ai,False,6,21,1204628,0,0
neural_ai,True,0,7,1204629,0,0
neural_ai,True,0,7,1204630,0,0
neural_ai,True,0,14,1204631,0,0
neural_ai,True,0,14,1204632,0,0
neural_ai,True,0,7,1204633,0,0
neural_ai,True,0,7,1204634,0,0
neural_ai,True,0,14,1204635,0,0
neural_ai,True,0,7,1204636,0,0
neural_ai,True,0,7,1204637,0,0
neural_ai,True,0,7,1204638,0,0
neural_ai,True,0,14,1204639,0,0
neural_ai,True,0,7,1204640,0,0
neural_ai,False,7,21,1204641,0,0
neural_ai,False,9,21,1204642,0,0
neural_ai,True,0,14,1204643,0,0
neural_ai,True,0,14,1204644,0,0
neural_ai,True,0,7,1204645,0,0
neural_ai,True,0,7,1204646,0,0
neural_ai,True,0,14,1204647,0,0
neural_ai,True,0,7,1204648,0,0
neural_ai,True,0,14,1204649,0,0
neural_ai,True,0,7,1204650,0,0
neural_ai,False,9,21,1204651,0,0
neural_ai,True,0,7,1204652,0,0
neural_ai,True,0,14,1204653,0,0
neural_ai,True,0,7,1204654,0,0
neural_ai,True,0,14,1204655,0,0
neural_ai,True,0,7,1204656,0,0
neural_ai,True,0,14,1204657,0,0
neural_ai,True,0,14,1204658,0,0
neural_ai,True,0,7,1204659,0,0
neural_ai,True,0,7,1204660,0,0
neural_ai,True,0,14,1204661,0,0
neural_ai,True,0,7,1204662,0,0
neural_ai,True,0,7,1204663,0,0
neural_ai,True,0,14,1204664,0,0
neural_ai,True,0,14,1204665,0,0
neural_ai,True,0,7,1204666,0,0
neural_ai,True,0,14,1204667,0,0
neural_ai,True,0,7,1204668,0,0
neural_ai,True,0,14,1204669,0,0
neural_ai,True,0,7,1204670,0,0
neural_ai,True,0,7,1204671,0,0
neural_ai,True,0,7,1204672,0,0
neural_ai,True,0,14,1204673,0,0
neural_ai,True,0,7,1204674,0,0
neural_ai,True,0,14,1204675,0,0
neural_ai,True,0,7,1204676,0,0
neural_ai,False,6,21,1204677,0,0
neural_ai,True,0,7,1204678,0,0
neural_ai,True,0,14,1204679,0,0
neural_ai,True,0,7,1204680,0,0
neural_ai,True,0,7,1204681,0,0
neural_ai,True,0,14,1204682,0,0
neural_ai,True,0,7,1204683,0,0
neural_ai,True,0,7,1204684,0,0
neural_ai,True,0,7,1204685,0,0
neural_ai,True,0,7,1204686,0,0
neural_ai,True,0,7,1204687,0,0
neural_ai,True,0,7,1204688,0,0
neural_ai,True,0,7,1204689,0,0
neural_ai,True,0,14,1204690,0,0
neural_ai,True,0,7,1204691,0,0
neural_ai,True,0,14,1204692,0,0
neural_ai,True,0,14,1204693,0,0
neural_ai,False,9,21,1204694,0,0
neural_ai,True,0,14,1204695,0,0
neural_ai,True,0,14,1204696,0,0
neural_ai,True,0,7,1204697,0,0
neural_ai,True,0,14,1204698,0,0
neural_ai,True,0,7,1204699,0,0
neural_ai,True,0,14,1204700,0,0
neural_ai,True,0,14,1204701,0,0
neural_ai,True,0,7,1204702,0,0
neural_ai,True,0,7,1204703,0,0
neural_ai,True,0,7,1204704,0,0
neural_ai,True,0,7,1204705,0,0
neural_ai,True,0,7,1204706,0,0
neural_ai,True,0,7,1204707,0,0
neural_ai,True,0,7,1204708,0,0
neural_ai,True,0,7,1204709,0,0
neural_ai,False,6,21,1204710,0,0
neural_ai,True,0,7,1204711,0,0
neural_ai,True,0,7,1204712,0,0
neural_ai,True,0,7,1204713,0,0
neural_ai,True,0,7,1204714,0,0
neural_ai,True,0,7,1204715,0,0
neural_ai,True,0,14,1204716,0,0
neural_ai,True,0,14,1204717,0,0
neural_ai,True,0,7,1204718,0,0
neural_ai,True,0,7,1204719,0,0
neural_ai,True,0,7,1204720,0,0
neural_ai,True,0,7,1204721,0,0
neural_ai,True,0,14,1204722,0,0
neural_ai,True,0,7,1204723,0,0
neural_ai,True,0,7,1204724,0,0
neural_ai,True,0,7,1204725,0,0
neural_ai,True,0,14,1204726,0,0
neural_ai,False,5,21,1204727,0,0
neural_ai,True,0,7,1204728,0,0
neural_ai,True,0,14,1204729,0,0
neural_ai,False,5,21,1204730,0,0
neural_ai,True,0,7,1204731,0,0
neural_ai,True,0,7,1204732,0,0
neural_ai,True,0,14,1204733,0,0
neural_ai,True,0,7,1204734,0,0
neural_ai,True,0,7,1204735,0,0
neural_ai,True,0,7,1204736,0,0
neural_ai,True,0,14,1204737,0,0
neural_ai,True,0,14,1204738,0,0
neural_ai,True,0,7,1204739,0,0
neural_ai,True,0,7,1204740,0,0
neural_ai,True,0,14,1204741,0,0
neural_ai,True,0,7,1204742,0,0
neural_ai,True,0,7,1204743,0,0
neural_ai,False,7,21,1204744,0,0
neural_ai,True,0,14,1204745,0,0
neural_ai,True,0,14,1204746,0,0
neural_ai,True,0,7,1204747,0,0
neural_ai,True,0,7,1204748,0,0
neural_ai,True,0,7,1204749,0,0
neural_ai,True,0,7,1204750,0,0
neural_ai,True,0,7,1204751,0,0
neural_ai,True,0,7,1204752,0,0
neural_ai,True,0,14,1204753,0,0
neural_ai,True,0,14,1204754,0,0
neural_ai,True,0,7,1204755,0,0
neural_ai,True,0,7,1204756,0,0
neural_ai,True,0,7,1204757,0,0
neural_ai,True,0,14,1204758,0,0
neural_ai,True,0,7,1204759,0,0
neural_ai,True,0,7,1204760,0,0
neural_ai,True,0,14,1204761,0,0
neural_ai,True,0,7,1204762,0,0
neural_ai,True,0,14,1204763,0,0
neural_ai,True,0,7,1204764,0,0
neural_ai,True,0,14,1204765,0,0
neural_ai,False,7,21,1204766,0,0
neural_ai,True,0,7,1204767,0,0
neural_ai,True,0,7,1204768,0,0
neural_ai,True,0,7,1204769,0,0
neural_ai,True,0,7,1204770,0,0
neural_ai,True,0,14,1204771,0,0
neural_ai,True,0,7,1204772,0,0
neural_ai,True,0,7,1204773,0,0
neural_ai,True,0,7,1204774,0,0
neural_ai,True,0,7,1204775,0,0
neural_ai,True,0,7,1204776,0,0
neural_ai,True,0,7,1204777,0,0
neural_ai,True,0,7,1204778,0,0
neural_ai,True,0,7,1204779,0,0
neural_ai,True,0,14,1204780,0,0
neural_ai,True,0,7,1204781,0,0
neural_ai,True,0,7,1204782,0,0
neural_ai,True,0,7,1204783,0,0
neural_ai,True,0,7,1204784,0,0
neural_ai,False,9,21,1204785,0,0
neural_ai,True,0,7,1204786,0,0
neural_ai,True,0,7,1204787,0,0
neural_ai,True,0,7,1204788,0,0
neural_ai,True,0,14,1204789,0,0
neural_ai,True,0,14,1204790,0,0
neural_ai,True,0,7,1204791,0,0
neural_ai,True,0,7,1204792,0,0
neural_ai,True,0,21,1204793,0,0
neural_ai,True,0,14,1204794,0,0
neural_ai,True,0,14,1204795,0,0
neural_ai,True,0,7,1204796,0,0
neural_ai,True,0,14,1204797,0,0
neural_ai,True,0,14,1204798,0,0
neural_ai,True,0,14,1204799,0,0
neural_ai,True,0,21,1204800,0,0
neural_ai,True,0,7,1204801,0,0
neural_ai,True,0,14,1204802,0,0
neural_ai,True,0,7,1204803,0,0
neural_ai,False,6,21,1204804,0,0
neural_ai,True,0,7,1204805,0,0
neural_ai,False,7,21,1204806,0,0
neural_ai,True,0,7,1204807,0,0
neural_ai,True,0,7,1204808,0,0
neural_ai,True,0,14,1204809,0,0
neural_ai,True,0,14,1204810,0,0
neural_ai,True,0,14,1204811,0,0
neural_ai,True,0,14,1204812,0,0
neural_ai,True,0,14,1204813,0,0
neural_ai,True,0,7,1204814,0,0
neural_ai,True,0,14,1204815,0,0
neural_ai,True,0,7,1204816,0,0
neural_ai,True,0,7,1204817,0,0
neural_ai,True,0,7,1204818,0,0
neural_ai,True,0,14,1204819,0,0
neural_ai,True,0,7,1204820,0,0
neural_ai,True,0,7,1204821,0,0
neural_ai,False,8,21,1204822,0,0
neural_ai,False,8,21,1204823,0,0
neural_ai,True,0,7,1204824,0,0
neural_ai,True,0,7,1204825,0,0
neural_ai,True,0,7,1204826,0,0
neural_ai,True,0,7,1204827,0,0
neural_ai,True,0,7,1204828,0,0
neural_ai,True,0,7,1204829,0,0
neural_ai,True,0,7,1204830,0,0
neural_ai,True,0,14,1204831,0,0
neural_ai,True,0,14,1204832,0,0
neural_ai,True,0,14,1204833,0,0
neural_ai,True,0,14,1204834,0,0
neural_ai,True,0,7,1204835,0,0
neural_ai,True,0,7,1204836,0,0
neural_ai,False,7,21,1204837,0,0
neural_ai,True,0,7,1204838,0,0
neural_ai,False,9,21,1204839,0,0
neural_ai,True,0,14,1204840,0,0
neural_ai,True,0,14,1204841,0,0
neural_ai,True,0,14,1204842,0,0
neural_ai,False,8,21,1204843,0,0
neural_ai,True,0,14,1204844,0,0
neural_ai,True,0,7,1204845,0,0
neural_ai,True,0,7,1204846,0,0
neural_ai,True,0,7,1204847,0,0
neural_ai,True,0,7,1204848,0,0
neural_ai,True,0,7,1204849,0,0
neural_ai,True,0,7,1204850,0,0
neural_ai,True,0,7,1204851,0,0
neural_ai,True,0,14,1204852,0,0
neural_ai,True,0,14,1204853,0,0
neural_ai,True,0,7,1204854,0,0
neural_ai,True,0,14,1204855,0,0
neural_ai,True,0,7,1204856,0,0
neural_ai,True,0,7,1204857,0,0
neural_ai,True,0,7,1204858,0,0
neural_ai,True,0,7,1204859,0,0
neural_ai,True,0,7,1204860,0,0
neural_ai,True,0,7,1204861,0,0
neural_ai,True,0,7,1204862,0,0
neural_ai,False,9,21,1204863,0,0
neural_ai,True,0,14,1204864,0,0
neural_ai,True,0,7,1204865,0,0
neural_ai,True,0,21,1204866,0,0
neural_ai,False,9,21,1204867,0,0
neural_ai,True,0,14,1204868,0,0
neural_ai,True,0,14,1204869,0,0
neural_ai,True,0,14,1204870,0,0
neural_ai,True,0,7,1204871,0,0
neural_ai,True,0,7,1204872,0,0
neural_ai,True,0,7,1204873,0,0
neural_ai,True,0,7,1204874,0,0
neural_ai,True,0,7,1204875,0,0
neural_ai,True,0,7,1204876,0,0
neural_ai,True,0,14,1204877,0,0
neural_ai,True,0,14,1204878,0,0
neural_ai,True,0,14,1204879,0,0
neural_ai,True,0,7,1204880,0,0
neural_ai,True,0,14,1204881,0,0
neural_ai,True,0,7,1204882,0,0
neural_ai,True,0,7,1204883,0,0
neural_ai,True,0,7,1204884,0,0
neural_ai,True,0,7,1204885,0,0
neural_ai,True,0,7,1204886,0,0
neural_ai,True,0,7,1204887,0,0
neural_ai,True,0,7,1204888,0,0
neural_ai,True,0,7,1204889,0,0
neural_ai,True,0,14,1204890,0,0
neural_ai,False,5,21,1204891,0,0
neural_ai,True,0,7,1204892,0,0
neural_ai,True,0,14,1204893,0,0
neural_ai,True,0,7,1204894,0,0
neural_ai,True,0,7,1204895,0,0
neural_ai,False,7,21,1204896,0,0
neural_ai,True,0,14,1204897,0,0
neural_ai,True,0,14,1204898,0,0
neural_ai,True,0,7,1204899,0,0
neural_ai,True,0,7,1204900,0,0
neural_ai,True,0,7,1204901,0,0
neural_ai,True,0,7,1204902,0,0
neural_ai,True,0,14,1204903,0,0
neural_ai,True,0,7,1204904,0,0
neural_ai,True,0,14,1204905,0,0
neural_ai,True,0,14,1204906,0,0
neural_ai,True,0,7,1204907,0,0
neural_ai,True,0,7,1204908,0,0
neural_ai,False,9,21,1204909,0,0
neural_ai,True,0,7,1204910,0,0
neural_ai,True,0,14,1204911,0,0
neural_ai,True,0,7,1204912,0,0
neural_ai,False,6,21,1204913,0,0
neural_ai,True,0,7,1204914,0,0
neural_ai,True,0,7,1204915,0,0
neural_ai,False,6,21,1204916,0,0
neural_ai,True,0,14,1204917,0,0
neural_ai,False,6,21,1204918,0,0
neural_ai,True,0,7,1204919,0,0
neural_ai,True,0,14,1204920,0,0
neural_ai,True,0,7,1204921,0,0
neural_ai,True,0,7,1204922,0,0
neural_ai,False,9,21,1204923,0,0
neural_ai,True,0,7,1204924,0,0
neural_ai,True,0,7,1204925,0,0
neural_ai,True,0,14,1204926,0,0
neural_ai,True,0,14,1204927,0,0
neural_ai,True,0,7,1204928,0,0
neural_ai,True,0,7,1204929,0,0
neural_ai,True,0,7,1204930,0,0
neural_ai,False,6,21,1204931,0,0
neural_ai,True,0,14,1204932,0,0
neural_ai,True,0,14,1204933,0,0
neural_ai,True,0,14,1204934,0,0
neural_ai,False,6,21,1204935,0,0
neural_ai,True,0,7,1204936,0,0
neural_ai,False,9,21,1204937,0,0
neural_ai,True,0,7,1204938,0,0
neural_ai,True,0,7,1204939,0,0
neural_ai,True,0,14,1204940,0,0
neural_ai,True,0,7,1204941,0,0
neural_ai,True,0,7,1204942,0,0
neural_ai,False,6,21,1204943,0,0
neural_ai,True,0,7,1204944,0,0
neural_ai,True,0,7,1204945,0,0
neural_ai,True,0,21,1204946,0,0
neural_ai,False,8,21,1204947,0,0
neural_ai,True,0,7,1204948,0,0
neural_ai,True,0,14,1204949,0,0
neural_ai,True,0,7,1204950,0,0
neural_ai,True,0,7,1204951,0,0
neural_ai,False,9,21,1204952,0,0
neural_ai,True,0,14,1204953,0,0
neural_ai,True,0,14,1204954,0,0
neural_ai,True,0,7,1204955,0,0
neural_ai,True,0,7,1204956,0,0
neural_ai,True,0,7,1204957,0,0
neural_ai,True,0,7,1204958,0,0
neural_ai,True,0,14,1204959,0,0
neural_ai,True,0,7,1204960,0,0
neural_ai,True,0,14,1204961,0,0
neural_ai,True,0,14,1204962,0,0
neural_ai,True,0,14,1204963,0,0
neural_ai,True,0,7,1204964,0,0
neural_ai,True,0,14,1204965,0,0
neural_ai,True,0,7,1204966,0,0
neural_ai,True,0,7,1204967,0,0
neural_ai,False,6,21,1204968,0,0
neural_ai,True,0,7,1204969,0,0
neural_ai,True,0,14,1204970,0,0
neural_ai,True,0,14,1204971,0,0
neural_ai,True,0,7,1204972,0,0
neural_ai,True,0,7,1204973,0,0
neural_ai,True,0,14,1204974,0,0
neural_ai,True,0,7,1204975,0,0
neural_ai,True,0,7,1204976,0,0
neural_ai,True,0,21,1204977,0,0
neural_ai,True,0,14,1204978,0,0
neural_ai,True,0,14,1204979,0,0
neural_ai,True,0,14,1204980,0,0
neural_ai,True,0,7,1204981,0,0
neural_ai,True,0,7,1204982,0,0
neural_ai,True,0,7,1204983,0,0
neural_ai,True,0,7,1204984,0,0
neural_ai,True,0,14,1204985,0,0
neural_ai,True,0,7,1204986,0,0
neural_ai,True,0,14,1204987,0,0
neural_ai,True,0,7,1204988,0,0
neural_ai,True,0,14,1204989,0,0
neural_ai,True,0,7,1204990,0,0
neural_ai,True,0,14,1204991,0,0
neural_ai,True,0,7,1204992,0,0
neural_ai,True,0,7,1204993,0,0
neural_ai,True,0,14,1204994,0,0
neural_ai,True,0,7,1204995,0,0
neural_ai,True,0,7,1204996,0,0
neural_ai,False,7,21,1204997,0,0
neural_ai,True,0,14,1204998,0,0
neural_ai,True,0,7,1204999,0,0
