策略,是否失败,总分,回合数,seed,达到12+,达到14+
mcts_distilled_final,False,12,21,1200000,1,0
mcts_distilled_final,False,12,21,1200001,1,0
mcts_distilled_final,False,10,21,1200002,0,0
mcts_distilled_final,False,16,21,1200003,1,1
mcts_distilled_final,False,16,21,1200004,1,1
mcts_distilled_final,False,16,21,1200005,1,1
mcts_distilled_final,False,10,21,1200006,0,0
mcts_distilled_final,False,12,21,1200007,1,0
mcts_distilled_final,False,10,21,1200008,0,0
mcts_distilled_final,False,10,21,1200009,0,0
mcts_distilled_final,False,16,21,1200010,1,1
mcts_distilled_final,False,10,21,1200011,0,0
mcts_distilled_final,False,12,21,1200012,1,0
mcts_distilled_final,False,16,21,1200013,1,1
mcts_distilled_final,False,16,21,1200014,1,1
mcts_distilled_final,False,12,21,1200015,1,0
mcts_distilled_final,False,16,21,1200016,1,1
mcts_distilled_final,False,12,21,1200017,1,0
mcts_distilled_final,False,10,21,1200018,0,0
mcts_distilled_final,False,12,21,1200019,1,0
mcts_distilled_final,False,14,21,1200020,1,1
mcts_distilled_final,False,16,21,1200021,1,1
mcts_distilled_final,False,10,21,1200022,0,0
mcts_distilled_final,False,12,21,1200023,1,0
mcts_distilled_final,False,12,21,1200024,1,0
mcts_distilled_final,False,10,21,1200025,0,0
mcts_distilled_final,False,10,21,1200026,0,0
mcts_distilled_final,False,12,21,1200027,1,0
mcts_distilled_final,False,12,21,1200028,1,0
mcts_distilled_final,False,12,21,1200029,1,0
mcts_distilled_final,False,10,21,1200030,0,0
mcts_distilled_final,False,8,21,1200031,0,0
mcts_distilled_final,False,12,21,1200032,1,0
mcts_distilled_final,False,14,21,1200033,1,1
mcts_distilled_final,False,12,21,1200034,1,0
mcts_distilled_final,False,12,21,1200035,1,0
mcts_distilled_final,False,16,21,1200036,1,1
mcts_distilled_final,False,12,21,1200037,1,0
mcts_distilled_final,False,12,21,1200038,1,0
mcts_distilled_final,False,12,21,1200039,1,0
mcts_distilled_final,False,8,21,1200040,0,0
mcts_distilled_final,False,12,21,1200041,1,0
mcts_distilled_final,False,10,21,1200042,0,0
mcts_distilled_final,False,14,21,1200043,1,1
mcts_distilled_final,False,12,21,1200044,1,0
mcts_distilled_final,False,14,21,1200045,1,1
mcts_distilled_final,False,14,21,1200046,1,1
mcts_distilled_final,False,8,21,1200047,0,0
mcts_distilled_final,False,12,21,1200048,1,0
mcts_distilled_final,False,10,21,1200049,0,0
mcts_distilled_final,False,14,21,1200050,1,1
mcts_distilled_final,False,8,21,1200051,0,0
mcts_distilled_final,False,14,21,1200052,1,1
mcts_distilled_final,False,12,21,1200053,1,0
mcts_distilled_final,False,12,21,1200054,1,0
mcts_distilled_final,False,14,21,1200055,1,1
mcts_distilled_final,False,14,21,1200056,1,1
mcts_distilled_final,False,12,21,1200057,1,0
mcts_distilled_final,False,12,21,1200058,1,0
mcts_distilled_final,False,12,21,1200059,1,0
mcts_distilled_final,False,14,21,1200060,1,1
mcts_distilled_final,False,6,21,1200061,0,0
mcts_distilled_final,False,12,21,1200062,1,0
mcts_distilled_final,False,8,21,1200063,0,0
mcts_distilled_final,False,12,21,1200064,1,0
mcts_distilled_final,False,14,21,1200065,1,1
mcts_distilled_final,False,12,21,1200066,1,0
mcts_distilled_final,False,16,21,1200067,1,1
mcts_distilled_final,False,12,21,1200068,1,0
mcts_distilled_final,False,18,21,1200069,1,1
mcts_distilled_final,False,14,21,1200070,1,1
mcts_distilled_final,False,14,21,1200071,1,1
mcts_distilled_final,False,14,21,1200072,1,1
mcts_distilled_final,False,16,21,1200073,1,1
mcts_distilled_final,False,12,21,1200074,1,0
mcts_distilled_final,False,12,21,1200075,1,0
mcts_distilled_final,False,10,21,1200076,0,0
mcts_distilled_final,False,14,21,1200077,1,1
mcts_distilled_final,False,12,21,1200078,1,0
mcts_distilled_final,False,6,21,1200079,0,0
mcts_distilled_final,False,12,21,1200080,1,0
mcts_distilled_final,False,6,21,1200081,0,0
mcts_distilled_final,False,12,21,1200082,1,0
mcts_distilled_final,False,12,21,1200083,1,0
mcts_distilled_final,False,14,21,1200084,1,1
mcts_distilled_final,False,14,21,1200085,1,1
mcts_distilled_final,False,10,21,1200086,0,0
mcts_distilled_final,False,10,21,1200087,0,0
mcts_distilled_final,False,16,21,1200088,1,1
mcts_distilled_final,False,8,21,1200089,0,0
mcts_distilled_final,False,10,21,1200090,0,0
mcts_distilled_final,False,14,21,1200091,1,1
mcts_distilled_final,False,14,21,1200092,1,1
mcts_distilled_final,False,12,21,1200093,1,0
mcts_distilled_final,False,12,21,1200094,1,0
mcts_distilled_final,False,12,21,1200095,1,0
mcts_distilled_final,False,14,21,1200096,1,1
mcts_distilled_final,False,16,21,1200097,1,1
mcts_distilled_final,False,10,21,1200098,0,0
mcts_distilled_final,False,14,21,1200099,1,1
mcts_distilled_final,False,10,21,1200100,0,0
mcts_distilled_final,False,10,21,1200101,0,0
mcts_distilled_final,False,10,21,1200102,0,0
mcts_distilled_final,False,14,21,1200103,1,1
mcts_distilled_final,False,12,21,1200104,1,0
mcts_distilled_final,False,14,21,1200105,1,1
mcts_distilled_final,False,16,21,1200106,1,1
mcts_distilled_final,False,12,21,1200107,1,0
mcts_distilled_final,False,14,21,1200108,1,1
mcts_distilled_final,False,12,21,1200109,1,0
mcts_distilled_final,False,14,21,1200110,1,1
mcts_distilled_final,False,12,21,1200111,1,0
mcts_distilled_final,False,10,21,1200112,0,0
mcts_distilled_final,False,16,21,1200113,1,1
mcts_distilled_final,False,12,21,1200114,1,0
mcts_distilled_final,False,12,21,1200115,1,0
mcts_distilled_final,False,14,21,1200116,1,1
mcts_distilled_final,False,14,21,1200117,1,1
mcts_distilled_final,False,12,21,1200118,1,0
mcts_distilled_final,False,10,21,1200119,0,0
mcts_distilled_final,False,14,21,1200120,1,1
mcts_distilled_final,False,14,21,1200121,1,1
mcts_distilled_final,False,12,21,1200122,1,0
mcts_distilled_final,False,16,21,1200123,1,1
mcts_distilled_final,False,8,21,1200124,0,0
mcts_distilled_final,False,8,21,1200125,0,0
mcts_distilled_final,False,8,21,1200126,0,0
mcts_distilled_final,False,10,21,1200127,0,0
mcts_distilled_final,False,12,21,1200128,1,0
mcts_distilled_final,False,14,21,1200129,1,1
mcts_distilled_final,False,10,21,1200130,0,0
mcts_distilled_final,False,14,21,1200131,1,1
mcts_distilled_final,False,6,21,1200132,0,0
mcts_distilled_final,False,14,21,1200133,1,1
mcts_distilled_final,False,12,21,1200134,1,0
mcts_distilled_final,False,14,21,1200135,1,1
mcts_distilled_final,False,12,21,1200136,1,0
mcts_distilled_final,False,16,21,1200137,1,1
mcts_distilled_final,False,10,21,1200138,0,0
mcts_distilled_final,False,12,21,1200139,1,0
mcts_distilled_final,False,14,21,1200140,1,1
mcts_distilled_final,False,12,21,1200141,1,0
mcts_distilled_final,False,12,21,1200142,1,0
mcts_distilled_final,False,10,21,1200143,0,0
mcts_distilled_final,False,12,21,1200144,1,0
mcts_distilled_final,False,10,21,1200145,0,0
mcts_distilled_final,False,8,21,1200146,0,0
mcts_distilled_final,False,12,21,1200147,1,0
mcts_distilled_final,False,12,21,1200148,1,0
mcts_distilled_final,False,8,21,1200149,0,0
mcts_distilled_final,False,12,21,1200150,1,0
mcts_distilled_final,False,16,21,1200151,1,1
mcts_distilled_final,False,14,21,1200152,1,1
mcts_distilled_final,False,10,21,1200153,0,0
mcts_distilled_final,False,12,21,1200154,1,0
mcts_distilled_final,False,12,21,1200155,1,0
mcts_distilled_final,False,12,21,1200156,1,0
mcts_distilled_final,False,14,21,1200157,1,1
mcts_distilled_final,False,12,21,1200158,1,0
mcts_distilled_final,False,8,21,1200159,0,0
mcts_distilled_final,False,6,21,1200160,0,0
mcts_distilled_final,False,8,21,1200161,0,0
mcts_distilled_final,False,12,21,1200162,1,0
mcts_distilled_final,False,10,21,1200163,0,0
mcts_distilled_final,False,14,21,1200164,1,1
mcts_distilled_final,False,12,21,1200165,1,0
mcts_distilled_final,False,10,21,1200166,0,0
mcts_distilled_final,False,12,21,1200167,1,0
mcts_distilled_final,False,6,21,1200168,0,0
mcts_distilled_final,False,12,21,1200169,1,0
mcts_distilled_final,False,14,21,1200170,1,1
mcts_distilled_final,False,12,21,1200171,1,0
mcts_distilled_final,False,16,21,1200172,1,1
mcts_distilled_final,False,8,21,1200173,0,0
mcts_distilled_final,False,6,21,1200174,0,0
mcts_distilled_final,False,14,21,1200175,1,1
mcts_distilled_final,False,12,21,1200176,1,0
mcts_distilled_final,False,10,21,1200177,0,0
mcts_distilled_final,False,12,21,1200178,1,0
mcts_distilled_final,False,8,21,1200179,0,0
mcts_distilled_final,False,16,21,1200180,1,1
mcts_distilled_final,False,10,21,1200181,0,0
mcts_distilled_final,False,6,21,1200182,0,0
mcts_distilled_final,False,14,21,1200183,1,1
mcts_distilled_final,False,12,21,1200184,1,0
mcts_distilled_final,False,10,21,1200185,0,0
mcts_distilled_final,False,14,21,1200186,1,1
mcts_distilled_final,False,16,21,1200187,1,1
mcts_distilled_final,False,9,21,1200188,0,0
mcts_distilled_final,False,12,21,1200189,1,0
mcts_distilled_final,False,14,21,1200190,1,1
mcts_distilled_final,False,10,21,1200191,0,0
mcts_distilled_final,False,10,21,1200192,0,0
mcts_distilled_final,False,10,21,1200193,0,0
mcts_distilled_final,False,12,21,1200194,1,0
mcts_distilled_final,False,10,21,1200195,0,0
mcts_distilled_final,False,12,21,1200196,1,0
mcts_distilled_final,False,12,21,1200197,1,0
mcts_distilled_final,False,12,21,1200198,1,0
mcts_distilled_final,False,12,21,1200199,1,0
mcts_distilled_final,False,10,21,1200200,0,0
mcts_distilled_final,False,12,21,1200201,1,0
mcts_distilled_final,False,16,21,1200202,1,1
mcts_distilled_final,False,16,21,1200203,1,1
mcts_distilled_final,False,14,21,1200204,1,1
mcts_distilled_final,False,12,21,1200205,1,0
mcts_distilled_final,False,12,21,1200206,1,0
mcts_distilled_final,False,8,21,1200207,0,0
mcts_distilled_final,False,14,21,1200208,1,1
mcts_distilled_final,False,10,21,1200209,0,0
mcts_distilled_final,False,14,21,1200210,1,1
mcts_distilled_final,False,12,21,1200211,1,0
mcts_distilled_final,False,14,21,1200212,1,1
mcts_distilled_final,False,8,21,1200213,0,0
mcts_distilled_final,False,12,21,1200214,1,0
mcts_distilled_final,False,8,21,1200215,0,0
mcts_distilled_final,False,10,21,1200216,0,0
mcts_distilled_final,False,16,21,1200217,1,1
mcts_distilled_final,False,14,21,1200218,1,1
mcts_distilled_final,False,4,21,1200219,0,0
mcts_distilled_final,False,10,21,1200220,0,0
mcts_distilled_final,False,8,21,1200221,0,0
mcts_distilled_final,False,12,21,1200222,1,0
mcts_distilled_final,False,16,21,1200223,1,1
mcts_distilled_final,False,12,21,1200224,1,0
mcts_distilled_final,False,12,21,1200225,1,0
mcts_distilled_final,False,18,21,1200226,1,1
mcts_distilled_final,False,14,21,1200227,1,1
mcts_distilled_final,False,14,21,1200228,1,1
mcts_distilled_final,False,14,21,1200229,1,1
mcts_distilled_final,False,14,21,1200230,1,1
mcts_distilled_final,False,12,21,1200231,1,0
mcts_distilled_final,False,10,21,1200232,0,0
mcts_distilled_final,False,14,21,1200233,1,1
mcts_distilled_final,False,10,21,1200234,0,0
mcts_distilled_final,False,14,21,1200235,1,1
mcts_distilled_final,False,12,21,1200236,1,0
mcts_distilled_final,False,12,21,1200237,1,0
mcts_distilled_final,False,14,21,1200238,1,1
mcts_distilled_final,False,14,21,1200239,1,1
mcts_distilled_final,False,16,21,1200240,1,1
mcts_distilled_final,False,16,21,1200241,1,1
mcts_distilled_final,False,12,21,1200242,1,0
mcts_distilled_final,False,12,21,1200243,1,0
mcts_distilled_final,False,14,21,1200244,1,1
mcts_distilled_final,False,12,21,1200245,1,0
mcts_distilled_final,False,12,21,1200246,1,0
mcts_distilled_final,False,10,21,1200247,0,0
mcts_distilled_final,False,14,21,1200248,1,1
mcts_distilled_final,False,14,21,1200249,1,1
mcts_distilled_final,False,16,21,1200250,1,1
mcts_distilled_final,False,16,21,1200251,1,1
mcts_distilled_final,False,14,21,1200252,1,1
mcts_distilled_final,False,12,21,1200253,1,0
mcts_distilled_final,False,12,21,1200254,1,0
mcts_distilled_final,False,8,21,1200255,0,0
mcts_distilled_final,False,12,21,1200256,1,0
mcts_distilled_final,False,16,21,1200257,1,1
mcts_distilled_final,False,14,21,1200258,1,1
mcts_distilled_final,False,12,21,1200259,1,0
mcts_distilled_final,False,10,21,1200260,0,0
mcts_distilled_final,False,12,21,1200261,1,0
mcts_distilled_final,False,12,21,1200262,1,0
mcts_distilled_final,False,16,21,1200263,1,1
mcts_distilled_final,False,16,21,1200264,1,1
mcts_distilled_final,False,10,21,1200265,0,0
mcts_distilled_final,False,12,21,1200266,1,0
mcts_distilled_final,False,10,21,1200267,0,0
mcts_distilled_final,False,10,21,1200268,0,0
mcts_distilled_final,False,10,21,1200269,0,0
mcts_distilled_final,False,12,21,1200270,1,0
mcts_distilled_final,False,12,21,1200271,1,0
mcts_distilled_final,False,12,21,1200272,1,0
mcts_distilled_final,False,16,21,1200273,1,1
mcts_distilled_final,False,7,21,1200274,0,0
mcts_distilled_final,False,12,21,1200275,1,0
mcts_distilled_final,False,12,21,1200276,1,0
mcts_distilled_final,False,14,21,1200277,1,1
mcts_distilled_final,False,14,21,1200278,1,1
mcts_distilled_final,False,12,21,1200279,1,0
mcts_distilled_final,False,14,21,1200280,1,1
mcts_distilled_final,False,12,21,1200281,1,0
mcts_distilled_final,False,12,21,1200282,1,0
mcts_distilled_final,False,10,21,1200283,0,0
mcts_distilled_final,False,14,21,1200284,1,1
mcts_distilled_final,False,16,21,1200285,1,1
mcts_distilled_final,False,12,21,1200286,1,0
mcts_distilled_final,False,10,21,1200287,0,0
mcts_distilled_final,False,12,21,1200288,1,0
mcts_distilled_final,False,12,21,1200289,1,0
mcts_distilled_final,False,14,21,1200290,1,1
mcts_distilled_final,False,10,21,1200291,0,0
mcts_distilled_final,False,12,21,1200292,1,0
mcts_distilled_final,False,16,21,1200293,1,1
mcts_distilled_final,False,12,21,1200294,1,0
mcts_distilled_final,False,12,21,1200295,1,0
mcts_distilled_final,False,8,21,1200296,0,0
mcts_distilled_final,False,6,21,1200297,0,0
mcts_distilled_final,False,10,21,1200298,0,0
mcts_distilled_final,False,16,21,1200299,1,1
mcts_distilled_final,False,12,21,1200300,1,0
mcts_distilled_final,False,14,21,1200301,1,1
mcts_distilled_final,False,12,21,1200302,1,0
mcts_distilled_final,False,12,21,1200303,1,0
mcts_distilled_final,False,14,21,1200304,1,1
mcts_distilled_final,False,12,21,1200305,1,0
mcts_distilled_final,False,14,21,1200306,1,1
mcts_distilled_final,False,14,21,1200307,1,1
mcts_distilled_final,False,12,21,1200308,1,0
mcts_distilled_final,False,12,21,1200309,1,0
mcts_distilled_final,False,12,21,1200310,1,0
mcts_distilled_final,False,14,21,1200311,1,1
mcts_distilled_final,False,8,21,1200312,0,0
mcts_distilled_final,False,12,21,1200313,1,0
mcts_distilled_final,False,10,21,1200314,0,0
mcts_distilled_final,False,10,21,1200315,0,0
mcts_distilled_final,False,12,21,1200316,1,0
mcts_distilled_final,False,14,21,1200317,1,1
mcts_distilled_final,False,12,21,1200318,1,0
mcts_distilled_final,False,14,21,1200319,1,1
mcts_distilled_final,False,16,21,1200320,1,1
mcts_distilled_final,False,14,21,1200321,1,1
mcts_distilled_final,False,10,21,1200322,0,0
mcts_distilled_final,False,12,21,1200323,1,0
mcts_distilled_final,False,10,21,1200324,0,0
mcts_distilled_final,False,12,21,1200325,1,0
mcts_distilled_final,False,10,21,1200326,0,0
mcts_distilled_final,False,12,21,1200327,1,0
mcts_distilled_final,False,10,21,1200328,0,0
mcts_distilled_final,False,12,21,1200329,1,0
mcts_distilled_final,False,10,21,1200330,0,0
mcts_distilled_final,False,14,21,1200331,1,1
mcts_distilled_final,False,10,21,1200332,0,0
mcts_distilled_final,False,12,21,1200333,1,0
mcts_distilled_final,False,8,21,1200334,0,0
mcts_distilled_final,False,8,21,1200335,0,0
mcts_distilled_final,False,12,21,1200336,1,0
mcts_distilled_final,False,12,21,1200337,1,0
mcts_distilled_final,False,10,21,1200338,0,0
mcts_distilled_final,False,16,21,1200339,1,1
mcts_distilled_final,False,10,21,1200340,0,0
mcts_distilled_final,False,10,21,1200341,0,0
mcts_distilled_final,False,12,21,1200342,1,0
mcts_distilled_final,False,12,21,1200343,1,0
mcts_distilled_final,False,16,21,1200344,1,1
mcts_distilled_final,False,8,21,1200345,0,0
mcts_distilled_final,False,12,21,1200346,1,0
mcts_distilled_final,False,16,21,1200347,1,1
mcts_distilled_final,False,10,21,1200348,0,0
mcts_distilled_final,False,14,21,1200349,1,1
mcts_distilled_final,False,16,21,1200350,1,1
mcts_distilled_final,False,14,21,1200351,1,1
mcts_distilled_final,False,12,21,1200352,1,0
mcts_distilled_final,False,8,21,1200353,0,0
mcts_distilled_final,False,10,21,1200354,0,0
mcts_distilled_final,False,10,21,1200355,0,0
mcts_distilled_final,False,12,21,1200356,1,0
mcts_distilled_final,False,14,21,1200357,1,1
mcts_distilled_final,False,12,21,1200358,1,0
mcts_distilled_final,False,10,21,1200359,0,0
mcts_distilled_final,False,14,21,1200360,1,1
mcts_distilled_final,False,12,21,1200361,1,0
mcts_distilled_final,True,0,21,1200362,0,0
mcts_distilled_final,False,14,21,1200363,1,1
mcts_distilled_final,False,8,21,1200364,0,0
mcts_distilled_final,False,14,21,1200365,1,1
mcts_distilled_final,False,12,21,1200366,1,0
mcts_distilled_final,False,12,21,1200367,1,0
mcts_distilled_final,False,12,21,1200368,1,0
mcts_distilled_final,False,10,21,1200369,0,0
mcts_distilled_final,False,14,21,1200370,1,1
mcts_distilled_final,False,12,21,1200371,1,0
mcts_distilled_final,False,12,21,1200372,1,0
mcts_distilled_final,False,12,21,1200373,1,0
mcts_distilled_final,False,10,21,1200374,0,0
mcts_distilled_final,False,8,21,1200375,0,0
mcts_distilled_final,False,10,21,1200376,0,0
mcts_distilled_final,False,12,21,1200377,1,0
mcts_distilled_final,False,12,21,1200378,1,0
mcts_distilled_final,False,10,21,1200379,0,0
mcts_distilled_final,False,8,21,1200380,0,0
mcts_distilled_final,False,10,21,1200381,0,0
mcts_distilled_final,False,16,21,1200382,1,1
mcts_distilled_final,False,12,21,1200383,1,0
mcts_distilled_final,False,12,21,1200384,1,0
mcts_distilled_final,False,12,21,1200385,1,0
mcts_distilled_final,False,12,21,1200386,1,0
mcts_distilled_final,False,6,21,1200387,0,0
mcts_distilled_final,False,14,21,1200388,1,1
mcts_distilled_final,False,12,21,1200389,1,0
mcts_distilled_final,False,12,21,1200390,1,0
mcts_distilled_final,False,12,21,1200391,1,0
mcts_distilled_final,False,10,21,1200392,0,0
mcts_distilled_final,False,16,21,1200393,1,1
mcts_distilled_final,False,16,21,1200394,1,1
mcts_distilled_final,False,14,21,1200395,1,1
mcts_distilled_final,False,14,21,1200396,1,1
mcts_distilled_final,False,8,21,1200397,0,0
mcts_distilled_final,False,12,21,1200398,1,0
mcts_distilled_final,False,16,21,1200399,1,1
mcts_distilled_final,False,8,21,1200400,0,0
mcts_distilled_final,False,16,21,1200401,1,1
mcts_distilled_final,False,10,21,1200402,0,0
mcts_distilled_final,False,12,21,1200403,1,0
mcts_distilled_final,False,12,21,1200404,1,0
mcts_distilled_final,False,12,21,1200405,1,0
mcts_distilled_final,False,10,21,1200406,0,0
mcts_distilled_final,False,10,21,1200407,0,0
mcts_distilled_final,False,10,21,1200408,0,0
mcts_distilled_final,False,12,21,1200409,1,0
mcts_distilled_final,False,10,21,1200410,0,0
mcts_distilled_final,False,12,21,1200411,1,0
mcts_distilled_final,False,10,21,1200412,0,0
mcts_distilled_final,False,10,21,1200413,0,0
mcts_distilled_final,False,14,21,1200414,1,1
mcts_distilled_final,False,12,21,1200415,1,0
mcts_distilled_final,False,14,21,1200416,1,1
mcts_distilled_final,False,12,21,1200417,1,0
mcts_distilled_final,False,14,21,1200418,1,1
mcts_distilled_final,False,10,21,1200419,0,0
mcts_distilled_final,False,10,21,1200420,0,0
mcts_distilled_final,False,14,21,1200421,1,1
mcts_distilled_final,False,10,21,1200422,0,0
mcts_distilled_final,False,12,21,1200423,1,0
mcts_distilled_final,False,8,21,1200424,0,0
mcts_distilled_final,False,12,21,1200425,1,0
mcts_distilled_final,False,10,21,1200426,0,0
mcts_distilled_final,False,8,21,1200427,0,0
mcts_distilled_final,False,14,21,1200428,1,1
mcts_distilled_final,False,16,21,1200429,1,1
mcts_distilled_final,False,10,21,1200430,0,0
mcts_distilled_final,False,10,21,1200431,0,0
mcts_distilled_final,False,14,21,1200432,1,1
mcts_distilled_final,False,12,21,1200433,1,0
mcts_distilled_final,False,14,21,1200434,1,1
mcts_distilled_final,False,14,21,1200435,1,1
mcts_distilled_final,False,10,21,1200436,0,0
mcts_distilled_final,False,14,21,1200437,1,1
mcts_distilled_final,False,10,21,1200438,0,0
mcts_distilled_final,False,12,21,1200439,1,0
mcts_distilled_final,False,14,21,1200440,1,1
mcts_distilled_final,False,12,21,1200441,1,0
mcts_distilled_final,False,10,21,1200442,0,0
mcts_distilled_final,False,12,21,1200443,1,0
mcts_distilled_final,False,8,21,1200444,0,0
mcts_distilled_final,False,10,21,1200445,0,0
mcts_distilled_final,False,8,21,1200446,0,0
mcts_distilled_final,False,10,21,1200447,0,0
mcts_distilled_final,False,10,21,1200448,0,0
mcts_distilled_final,False,10,21,1200449,0,0
mcts_distilled_final,False,16,21,1200450,1,1
mcts_distilled_final,False,10,21,1200451,0,0
mcts_distilled_final,False,10,21,1200452,0,0
mcts_distilled_final,False,16,21,1200453,1,1
mcts_distilled_final,False,12,21,1200454,1,0
mcts_distilled_final,False,14,21,1200455,1,1
mcts_distilled_final,False,12,21,1200456,1,0
mcts_distilled_final,False,16,21,1200457,1,1
mcts_distilled_final,False,10,21,1200458,0,0
mcts_distilled_final,False,14,21,1200459,1,1
mcts_distilled_final,False,12,21,1200460,1,0
mcts_distilled_final,False,14,21,1200461,1,1
mcts_distilled_final,False,14,21,1200462,1,1
mcts_distilled_final,False,6,21,1200463,0,0
mcts_distilled_final,False,8,21,1200464,0,0
mcts_distilled_final,False,8,21,1200465,0,0
mcts_distilled_final,False,10,21,1200466,0,0
mcts_distilled_final,False,16,21,1200467,1,1
mcts_distilled_final,False,10,21,1200468,0,0
mcts_distilled_final,False,12,21,1200469,1,0
mcts_distilled_final,False,12,21,1200470,1,0
mcts_distilled_final,False,12,21,1200471,1,0
mcts_distilled_final,False,12,21,1200472,1,0
mcts_distilled_final,False,10,21,1200473,0,0
mcts_distilled_final,False,10,21,1200474,0,0
mcts_distilled_final,False,8,21,1200475,0,0
mcts_distilled_final,False,14,21,1200476,1,1
mcts_distilled_final,False,10,21,1200477,0,0
mcts_distilled_final,False,6,21,1200478,0,0
mcts_distilled_final,False,10,21,1200479,0,0
mcts_distilled_final,False,8,21,1200480,0,0
mcts_distilled_final,False,10,21,1200481,0,0
mcts_distilled_final,False,12,21,1200482,1,0
mcts_distilled_final,False,12,21,1200483,1,0
mcts_distilled_final,False,12,21,1200484,1,0
mcts_distilled_final,False,12,21,1200485,1,0
mcts_distilled_final,False,10,21,1200486,0,0
mcts_distilled_final,False,12,21,1200487,1,0
mcts_distilled_final,False,10,21,1200488,0,0
mcts_distilled_final,False,16,21,1200489,1,1
mcts_distilled_final,False,14,21,1200490,1,1
mcts_distilled_final,False,12,21,1200491,1,0
mcts_distilled_final,False,14,21,1200492,1,1
mcts_distilled_final,False,14,21,1200493,1,1
mcts_distilled_final,False,16,21,1200494,1,1
mcts_distilled_final,False,16,21,1200495,1,1
mcts_distilled_final,False,12,21,1200496,1,0
mcts_distilled_final,False,12,21,1200497,1,0
mcts_distilled_final,False,16,21,1200498,1,1
mcts_distilled_final,False,14,21,1200499,1,1
mcts_distilled_final,False,10,21,1200500,0,0
mcts_distilled_final,False,8,21,1200501,0,0
mcts_distilled_final,False,10,21,1200502,0,0
mcts_distilled_final,False,18,21,1200503,1,1
mcts_distilled_final,False,12,21,1200504,1,0
mcts_distilled_final,False,12,21,1200505,1,0
mcts_distilled_final,False,16,21,1200506,1,1
mcts_distilled_final,False,14,21,1200507,1,1
mcts_distilled_final,False,10,21,1200508,0,0
mcts_distilled_final,False,14,21,1200509,1,1
mcts_distilled_final,False,6,21,1200510,0,0
mcts_distilled_final,False,8,21,1200511,0,0
mcts_distilled_final,False,14,21,1200512,1,1
mcts_distilled_final,False,12,21,1200513,1,0
mcts_distilled_final,False,14,21,1200514,1,1
mcts_distilled_final,False,12,21,1200515,1,0
mcts_distilled_final,False,10,21,1200516,0,0
mcts_distilled_final,False,16,21,1200517,1,1
mcts_distilled_final,False,14,21,1200518,1,1
mcts_distilled_final,False,6,21,1200519,0,0
mcts_distilled_final,False,14,21,1200520,1,1
mcts_distilled_final,False,10,21,1200521,0,0
mcts_distilled_final,False,14,21,1200522,1,1
mcts_distilled_final,False,14,21,1200523,1,1
mcts_distilled_final,False,10,21,1200524,0,0
mcts_distilled_final,False,14,21,1200525,1,1
mcts_distilled_final,False,10,21,1200526,0,0
mcts_distilled_final,False,16,21,1200527,1,1
mcts_distilled_final,False,12,21,1200528,1,0
mcts_distilled_final,False,8,21,1200529,0,0
mcts_distilled_final,False,14,21,1200530,1,1
mcts_distilled_final,False,8,21,1200531,0,0
mcts_distilled_final,False,14,21,1200532,1,1
mcts_distilled_final,False,10,21,1200533,0,0
mcts_distilled_final,False,10,21,1200534,0,0
mcts_distilled_final,False,12,21,1200535,1,0
mcts_distilled_final,False,10,21,1200536,0,0
mcts_distilled_final,False,16,21,1200537,1,1
mcts_distilled_final,False,12,21,1200538,1,0
mcts_distilled_final,False,14,21,1200539,1,1
mcts_distilled_final,False,14,21,1200540,1,1
mcts_distilled_final,False,8,21,1200541,0,0
mcts_distilled_final,False,14,21,1200542,1,1
mcts_distilled_final,False,14,21,1200543,1,1
mcts_distilled_final,False,12,21,1200544,1,0
mcts_distilled_final,False,12,21,1200545,1,0
mcts_distilled_final,False,12,21,1200546,1,0
mcts_distilled_final,False,10,21,1200547,0,0
mcts_distilled_final,False,14,21,1200548,1,1
mcts_distilled_final,False,16,21,1200549,1,1
mcts_distilled_final,False,8,21,1200550,0,0
mcts_distilled_final,False,8,21,1200551,0,0
mcts_distilled_final,False,12,21,1200552,1,0
mcts_distilled_final,False,8,21,1200553,0,0
mcts_distilled_final,False,12,21,1200554,1,0
mcts_distilled_final,False,14,21,1200555,1,1
mcts_distilled_final,False,14,21,1200556,1,1
mcts_distilled_final,False,12,21,1200557,1,0
mcts_distilled_final,False,10,21,1200558,0,0
mcts_distilled_final,False,6,21,1200559,0,0
mcts_distilled_final,False,12,21,1200560,1,0
mcts_distilled_final,False,16,21,1200561,1,1
mcts_distilled_final,False,8,21,1200562,0,0
mcts_distilled_final,False,12,21,1200563,1,0
mcts_distilled_final,False,16,21,1200564,1,1
mcts_distilled_final,False,14,21,1200565,1,1
mcts_distilled_final,False,12,21,1200566,1,0
mcts_distilled_final,False,14,21,1200567,1,1
mcts_distilled_final,False,16,21,1200568,1,1
mcts_distilled_final,False,10,21,1200569,0,0
mcts_distilled_final,False,8,21,1200570,0,0
mcts_distilled_final,False,10,21,1200571,0,0
mcts_distilled_final,False,14,21,1200572,1,1
mcts_distilled_final,False,14,21,1200573,1,1
mcts_distilled_final,False,10,21,1200574,0,0
mcts_distilled_final,False,16,21,1200575,1,1
mcts_distilled_final,False,12,21,1200576,1,0
mcts_distilled_final,False,6,21,1200577,0,0
mcts_distilled_final,False,8,21,1200578,0,0
mcts_distilled_final,False,14,21,1200579,1,1
mcts_distilled_final,False,14,21,1200580,1,1
mcts_distilled_final,False,8,21,1200581,0,0
mcts_distilled_final,False,14,21,1200582,1,1
mcts_distilled_final,False,10,21,1200583,0,0
mcts_distilled_final,False,12,21,1200584,1,0
mcts_distilled_final,False,10,21,1200585,0,0
mcts_distilled_final,False,10,21,1200586,0,0
mcts_distilled_final,False,12,21,1200587,1,0
mcts_distilled_final,False,12,21,1200588,1,0
mcts_distilled_final,False,14,21,1200589,1,1
mcts_distilled_final,False,12,21,1200590,1,0
mcts_distilled_final,False,12,21,1200591,1,0
mcts_distilled_final,False,12,21,1200592,1,0
mcts_distilled_final,False,10,21,1200593,0,0
mcts_distilled_final,False,14,21,1200594,1,1
mcts_distilled_final,False,12,21,1200595,1,0
mcts_distilled_final,False,8,21,1200596,0,0
mcts_distilled_final,False,12,21,1200597,1,0
mcts_distilled_final,False,10,21,1200598,0,0
mcts_distilled_final,False,10,21,1200599,0,0
mcts_distilled_final,False,12,21,1200600,1,0
mcts_distilled_final,False,8,21,1200601,0,0
mcts_distilled_final,False,10,21,1200602,0,0
mcts_distilled_final,False,8,21,1200603,0,0
mcts_distilled_final,False,14,21,1200604,1,1
mcts_distilled_final,False,10,21,1200605,0,0
mcts_distilled_final,False,12,21,1200606,1,0
mcts_distilled_final,False,16,21,1200607,1,1
mcts_distilled_final,False,14,21,1200608,1,1
mcts_distilled_final,False,4,21,1200609,0,0
mcts_distilled_final,False,8,21,1200610,0,0
mcts_distilled_final,False,10,21,1200611,0,0
mcts_distilled_final,False,12,21,1200612,1,0
mcts_distilled_final,False,13,21,1200613,1,0
mcts_distilled_final,False,16,21,1200614,1,1
mcts_distilled_final,False,8,21,1200615,0,0
mcts_distilled_final,False,10,21,1200616,0,0
mcts_distilled_final,False,6,21,1200617,0,0
mcts_distilled_final,False,12,21,1200618,1,0
mcts_distilled_final,False,14,21,1200619,1,1
mcts_distilled_final,False,10,21,1200620,0,0
mcts_distilled_final,False,6,21,1200621,0,0
mcts_distilled_final,False,8,21,1200622,0,0
mcts_distilled_final,False,14,21,1200623,1,1
mcts_distilled_final,False,10,21,1200624,0,0
mcts_distilled_final,False,18,21,1200625,1,1
mcts_distilled_final,False,12,21,1200626,1,0
mcts_distilled_final,False,12,21,1200627,1,0
mcts_distilled_final,False,14,21,1200628,1,1
mcts_distilled_final,False,14,21,1200629,1,1
mcts_distilled_final,False,12,21,1200630,1,0
mcts_distilled_final,False,10,21,1200631,0,0
mcts_distilled_final,False,8,21,1200632,0,0
mcts_distilled_final,False,10,21,1200633,0,0
mcts_distilled_final,False,16,21,1200634,1,1
mcts_distilled_final,False,10,21,1200635,0,0
mcts_distilled_final,False,10,21,1200636,0,0
mcts_distilled_final,False,10,21,1200637,0,0
mcts_distilled_final,False,14,21,1200638,1,1
mcts_distilled_final,False,14,21,1200639,1,1
mcts_distilled_final,False,12,21,1200640,1,0
mcts_distilled_final,False,14,21,1200641,1,1
mcts_distilled_final,False,10,21,1200642,0,0
mcts_distilled_final,False,12,21,1200643,1,0
mcts_distilled_final,False,14,21,1200644,1,1
mcts_distilled_final,False,12,21,1200645,1,0
mcts_distilled_final,False,10,21,1200646,0,0
mcts_distilled_final,False,16,21,1200647,1,1
mcts_distilled_final,False,14,21,1200648,1,1
mcts_distilled_final,False,10,21,1200649,0,0
mcts_distilled_final,False,14,21,1200650,1,1
mcts_distilled_final,False,8,21,1200651,0,0
mcts_distilled_final,False,10,21,1200652,0,0
mcts_distilled_final,False,16,21,1200653,1,1
mcts_distilled_final,False,12,21,1200654,1,0
mcts_distilled_final,False,10,21,1200655,0,0
mcts_distilled_final,False,14,21,1200656,1,1
mcts_distilled_final,False,8,21,1200657,0,0
mcts_distilled_final,False,12,21,1200658,1,0
mcts_distilled_final,False,10,21,1200659,0,0
mcts_distilled_final,False,16,21,1200660,1,1
mcts_distilled_final,False,12,21,1200661,1,0
mcts_distilled_final,False,5,21,1200662,0,0
mcts_distilled_final,False,10,21,1200663,0,0
mcts_distilled_final,False,14,21,1200664,1,1
mcts_distilled_final,False,12,21,1200665,1,0
mcts_distilled_final,False,12,21,1200666,1,0
mcts_distilled_final,False,10,21,1200667,0,0
mcts_distilled_final,False,12,21,1200668,1,0
mcts_distilled_final,False,12,21,1200669,1,0
mcts_distilled_final,False,14,21,1200670,1,1
mcts_distilled_final,False,12,21,1200671,1,0
mcts_distilled_final,False,12,21,1200672,1,0
mcts_distilled_final,False,16,21,1200673,1,1
mcts_distilled_final,False,8,21,1200674,0,0
mcts_distilled_final,False,12,21,1200675,1,0
mcts_distilled_final,False,10,21,1200676,0,0
mcts_distilled_final,False,14,21,1200677,1,1
mcts_distilled_final,True,0,21,1200678,0,0
mcts_distilled_final,False,16,21,1200679,1,1
mcts_distilled_final,False,16,21,1200680,1,1
mcts_distilled_final,False,10,21,1200681,0,0
mcts_distilled_final,False,12,21,1200682,1,0
mcts_distilled_final,False,10,21,1200683,0,0
mcts_distilled_final,False,8,21,1200684,0,0
mcts_distilled_final,False,10,21,1200685,0,0
mcts_distilled_final,False,10,21,1200686,0,0
mcts_distilled_final,False,10,21,1200687,0,0
mcts_distilled_final,False,12,21,1200688,1,0
mcts_distilled_final,False,10,21,1200689,0,0
mcts_distilled_final,False,12,21,1200690,1,0
mcts_distilled_final,False,16,21,1200691,1,1
mcts_distilled_final,False,14,21,1200692,1,1
mcts_distilled_final,False,16,21,1200693,1,1
mcts_distilled_final,False,14,21,1200694,1,1
mcts_distilled_final,False,8,21,1200695,0,0
mcts_distilled_final,False,10,21,1200696,0,0
mcts_distilled_final,False,12,21,1200697,1,0
mcts_distilled_final,False,12,21,1200698,1,0
mcts_distilled_final,False,14,21,1200699,1,1
mcts_distilled_final,False,14,21,1200700,1,1
mcts_distilled_final,False,10,21,1200701,0,0
mcts_distilled_final,False,10,21,1200702,0,0
mcts_distilled_final,False,14,21,1200703,1,1
mcts_distilled_final,False,12,21,1200704,1,0
mcts_distilled_final,False,14,21,1200705,1,1
mcts_distilled_final,False,10,21,1200706,0,0
mcts_distilled_final,False,14,21,1200707,1,1
mcts_distilled_final,False,14,21,1200708,1,1
mcts_distilled_final,False,12,21,1200709,1,0
mcts_distilled_final,False,12,21,1200710,1,0
mcts_distilled_final,False,10,21,1200711,0,0
mcts_distilled_final,False,14,21,1200712,1,1
mcts_distilled_final,False,12,21,1200713,1,0
mcts_distilled_final,False,12,21,1200714,1,0
mcts_distilled_final,False,12,21,1200715,1,0
mcts_distilled_final,False,8,21,1200716,0,0
mcts_distilled_final,False,12,21,1200717,1,0
mcts_distilled_final,False,14,21,1200718,1,1
mcts_distilled_final,False,12,21,1200719,1,0
mcts_distilled_final,False,16,21,1200720,1,1
mcts_distilled_final,False,8,21,1200721,0,0
mcts_distilled_final,False,8,21,1200722,0,0
mcts_distilled_final,False,12,21,1200723,1,0
mcts_distilled_final,False,12,21,1200724,1,0
mcts_distilled_final,False,16,21,1200725,1,1
mcts_distilled_final,False,14,21,1200726,1,1
mcts_distilled_final,False,14,21,1200727,1,1
mcts_distilled_final,False,12,21,1200728,1,0
mcts_distilled_final,False,14,21,1200729,1,1
mcts_distilled_final,False,10,21,1200730,0,0
mcts_distilled_final,False,16,21,1200731,1,1
mcts_distilled_final,False,12,21,1200732,1,0
mcts_distilled_final,False,10,21,1200733,0,0
mcts_distilled_final,False,10,21,1200734,0,0
mcts_distilled_final,False,12,21,1200735,1,0
mcts_distilled_final,False,10,21,1200736,0,0
mcts_distilled_final,False,14,21,1200737,1,1
mcts_distilled_final,False,10,21,1200738,0,0
mcts_distilled_final,False,12,21,1200739,1,0
mcts_distilled_final,False,10,21,1200740,0,0
mcts_distilled_final,False,12,21,1200741,1,0
mcts_distilled_final,False,16,21,1200742,1,1
mcts_distilled_final,False,14,21,1200743,1,1
mcts_distilled_final,False,10,21,1200744,0,0
mcts_distilled_final,False,14,21,1200745,1,1
mcts_distilled_final,False,14,21,1200746,1,1
mcts_distilled_final,False,12,21,1200747,1,0
mcts_distilled_final,False,12,21,1200748,1,0
mcts_distilled_final,False,12,21,1200749,1,0
mcts_distilled_final,False,14,21,1200750,1,1
mcts_distilled_final,False,14,21,1200751,1,1
mcts_distilled_final,False,10,21,1200752,0,0
mcts_distilled_final,False,14,21,1200753,1,1
mcts_distilled_final,False,16,21,1200754,1,1
mcts_distilled_final,False,10,21,1200755,0,0
mcts_distilled_final,False,16,21,1200756,1,1
mcts_distilled_final,False,16,21,1200757,1,1
mcts_distilled_final,False,16,21,1200758,1,1
mcts_distilled_final,False,14,21,1200759,1,1
mcts_distilled_final,False,12,21,1200760,1,0
mcts_distilled_final,False,12,21,1200761,1,0
mcts_distilled_final,False,12,21,1200762,1,0
mcts_distilled_final,False,12,21,1200763,1,0
mcts_distilled_final,False,10,21,1200764,0,0
mcts_distilled_final,False,10,21,1200765,0,0
mcts_distilled_final,False,14,21,1200766,1,1
mcts_distilled_final,False,10,21,1200767,0,0
mcts_distilled_final,False,14,21,1200768,1,1
mcts_distilled_final,False,12,21,1200769,1,0
mcts_distilled_final,False,12,21,1200770,1,0
mcts_distilled_final,False,12,21,1200771,1,0
mcts_distilled_final,False,12,21,1200772,1,0
mcts_distilled_final,False,12,21,1200773,1,0
mcts_distilled_final,False,8,21,1200774,0,0
mcts_distilled_final,False,14,21,1200775,1,1
mcts_distilled_final,False,16,21,1200776,1,1
mcts_distilled_final,False,10,21,1200777,0,0
mcts_distilled_final,False,8,21,1200778,0,0
mcts_distilled_final,False,12,21,1200779,1,0
mcts_distilled_final,False,12,21,1200780,1,0
mcts_distilled_final,False,10,21,1200781,0,0
mcts_distilled_final,False,10,21,1200782,0,0
mcts_distilled_final,False,12,21,1200783,1,0
mcts_distilled_final,False,10,21,1200784,0,0
mcts_distilled_final,False,12,21,1200785,1,0
mcts_distilled_final,False,4,21,1200786,0,0
mcts_distilled_final,False,10,21,1200787,0,0
mcts_distilled_final,False,12,21,1200788,1,0
mcts_distilled_final,False,8,21,1200789,0,0
mcts_distilled_final,False,8,21,1200790,0,0
mcts_distilled_final,False,10,21,1200791,0,0
mcts_distilled_final,False,12,21,1200792,1,0
mcts_distilled_final,False,14,21,1200793,1,1
mcts_distilled_final,False,10,21,1200794,0,0
mcts_distilled_final,False,12,21,1200795,1,0
mcts_distilled_final,False,10,21,1200796,0,0
mcts_distilled_final,False,8,21,1200797,0,0
mcts_distilled_final,False,10,21,1200798,0,0
mcts_distilled_final,False,12,21,1200799,1,0
mcts_distilled_final,False,14,21,1200800,1,1
mcts_distilled_final,False,16,21,1200801,1,1
mcts_distilled_final,False,10,21,1200802,0,0
mcts_distilled_final,False,10,21,1200803,0,0
mcts_distilled_final,False,12,21,1200804,1,0
mcts_distilled_final,False,16,21,1200805,1,1
mcts_distilled_final,False,12,21,1200806,1,0
mcts_distilled_final,False,14,21,1200807,1,1
mcts_distilled_final,False,12,21,1200808,1,0
mcts_distilled_final,False,12,21,1200809,1,0
mcts_distilled_final,False,8,21,1200810,0,0
mcts_distilled_final,False,14,21,1200811,1,1
mcts_distilled_final,False,10,21,1200812,0,0
mcts_distilled_final,False,16,21,1200813,1,1
mcts_distilled_final,False,16,21,1200814,1,1
mcts_distilled_final,False,16,21,1200815,1,1
mcts_distilled_final,False,14,21,1200816,1,1
mcts_distilled_final,False,12,21,1200817,1,0
mcts_distilled_final,False,14,21,1200818,1,1
mcts_distilled_final,False,6,21,1200819,0,0
mcts_distilled_final,False,10,21,1200820,0,0
mcts_distilled_final,False,8,21,1200821,0,0
mcts_distilled_final,False,10,21,1200822,0,0
mcts_distilled_final,False,16,21,1200823,1,1
mcts_distilled_final,False,14,21,1200824,1,1
mcts_distilled_final,False,10,21,1200825,0,0
mcts_distilled_final,False,10,21,1200826,0,0
mcts_distilled_final,False,14,21,1200827,1,1
mcts_distilled_final,False,12,21,1200828,1,0
mcts_distilled_final,False,14,21,1200829,1,1
mcts_distilled_final,False,8,21,1200830,0,0
mcts_distilled_final,False,16,21,1200831,1,1
mcts_distilled_final,False,8,21,1200832,0,0
mcts_distilled_final,False,12,21,1200833,1,0
mcts_distilled_final,False,16,21,1200834,1,1
mcts_distilled_final,False,8,21,1200835,0,0
mcts_distilled_final,False,10,21,1200836,0,0
mcts_distilled_final,False,14,21,1200837,1,1
mcts_distilled_final,False,12,21,1200838,1,0
mcts_distilled_final,False,14,21,1200839,1,1
mcts_distilled_final,False,12,21,1200840,1,0
mcts_distilled_final,False,8,21,1200841,0,0
mcts_distilled_final,False,14,21,1200842,1,1
mcts_distilled_final,False,14,21,1200843,1,1
mcts_distilled_final,False,8,21,1200844,0,0
mcts_distilled_final,False,14,21,1200845,1,1
mcts_distilled_final,False,12,21,1200846,1,0
mcts_distilled_final,False,10,21,1200847,0,0
mcts_distilled_final,False,10,21,1200848,0,0
mcts_distilled_final,False,12,21,1200849,1,0
mcts_distilled_final,False,12,21,1200850,1,0
mcts_distilled_final,False,14,21,1200851,1,1
mcts_distilled_final,False,10,21,1200852,0,0
mcts_distilled_final,False,8,21,1200853,0,0
mcts_distilled_final,False,16,21,1200854,1,1
mcts_distilled_final,False,8,21,1200855,0,0
mcts_distilled_final,False,12,21,1200856,1,0
mcts_distilled_final,False,10,21,1200857,0,0
mcts_distilled_final,False,12,21,1200858,1,0
mcts_distilled_final,False,12,21,1200859,1,0
mcts_distilled_final,False,10,21,1200860,0,0
mcts_distilled_final,False,12,21,1200861,1,0
mcts_distilled_final,False,16,21,1200862,1,1
mcts_distilled_final,False,10,21,1200863,0,0
mcts_distilled_final,False,14,21,1200864,1,1
mcts_distilled_final,False,16,21,1200865,1,1
mcts_distilled_final,False,14,21,1200866,1,1
mcts_distilled_final,False,12,21,1200867,1,0
mcts_distilled_final,False,14,21,1200868,1,1
mcts_distilled_final,False,10,21,1200869,0,0
mcts_distilled_final,False,12,21,1200870,1,0
mcts_distilled_final,False,12,21,1200871,1,0
mcts_distilled_final,False,14,21,1200872,1,1
mcts_distilled_final,False,8,21,1200873,0,0
mcts_distilled_final,False,14,21,1200874,1,1
mcts_distilled_final,False,12,21,1200875,1,0
mcts_distilled_final,False,14,21,1200876,1,1
mcts_distilled_final,False,14,21,1200877,1,1
mcts_distilled_final,False,10,21,1200878,0,0
mcts_distilled_final,False,12,21,1200879,1,0
mcts_distilled_final,False,12,21,1200880,1,0
mcts_distilled_final,False,10,21,1200881,0,0
mcts_distilled_final,False,10,21,1200882,0,0
mcts_distilled_final,False,8,21,1200883,0,0
mcts_distilled_final,False,16,21,1200884,1,1
mcts_distilled_final,False,14,21,1200885,1,1
mcts_distilled_final,False,14,21,1200886,1,1
mcts_distilled_final,False,14,21,1200887,1,1
mcts_distilled_final,False,8,21,1200888,0,0
mcts_distilled_final,False,10,21,1200889,0,0
mcts_distilled_final,False,14,21,1200890,1,1
mcts_distilled_final,False,10,21,1200891,0,0
mcts_distilled_final,False,12,21,1200892,1,0
mcts_distilled_final,False,12,21,1200893,1,0
mcts_distilled_final,False,8,21,1200894,0,0
mcts_distilled_final,False,12,21,1200895,1,0
mcts_distilled_final,False,14,21,1200896,1,1
mcts_distilled_final,False,10,21,1200897,0,0
mcts_distilled_final,False,14,21,1200898,1,1
mcts_distilled_final,False,12,21,1200899,1,0
mcts_distilled_final,False,10,21,1200900,0,0
mcts_distilled_final,False,10,21,1200901,0,0
mcts_distilled_final,False,8,21,1200902,0,0
mcts_distilled_final,False,14,21,1200903,1,1
mcts_distilled_final,False,10,21,1200904,0,0
mcts_distilled_final,False,6,21,1200905,0,0
mcts_distilled_final,False,10,21,1200906,0,0
mcts_distilled_final,False,14,21,1200907,1,1
mcts_distilled_final,False,14,21,1200908,1,1
mcts_distilled_final,False,12,21,1200909,1,0
mcts_distilled_final,False,14,21,1200910,1,1
mcts_distilled_final,False,12,21,1200911,1,0
mcts_distilled_final,False,14,21,1200912,1,1
mcts_distilled_final,False,10,21,1200913,0,0
mcts_distilled_final,False,12,21,1200914,1,0
mcts_distilled_final,False,8,21,1200915,0,0
mcts_distilled_final,False,16,21,1200916,1,1
mcts_distilled_final,False,8,21,1200917,0,0
mcts_distilled_final,False,10,21,1200918,0,0
mcts_distilled_final,False,12,21,1200919,1,0
mcts_distilled_final,False,14,21,1200920,1,1
mcts_distilled_final,False,10,21,1200921,0,0
mcts_distilled_final,False,14,21,1200922,1,1
mcts_distilled_final,False,10,21,1200923,0,0
mcts_distilled_final,False,10,21,1200924,0,0
mcts_distilled_final,False,14,21,1200925,1,1
mcts_distilled_final,False,12,21,1200926,1,0
mcts_distilled_final,False,12,21,1200927,1,0
mcts_distilled_final,False,8,21,1200928,0,0
mcts_distilled_final,False,10,21,1200929,0,0
mcts_distilled_final,False,10,21,1200930,0,0
mcts_distilled_final,False,12,21,1200931,1,0
mcts_distilled_final,False,16,21,1200932,1,1
mcts_distilled_final,False,12,21,1200933,1,0
mcts_distilled_final,False,12,21,1200934,1,0
mcts_distilled_final,False,12,21,1200935,1,0
mcts_distilled_final,False,10,21,1200936,0,0
mcts_distilled_final,False,8,21,1200937,0,0
mcts_distilled_final,False,16,21,1200938,1,1
mcts_distilled_final,False,10,21,1200939,0,0
mcts_distilled_final,False,16,21,1200940,1,1
mcts_distilled_final,False,14,21,1200941,1,1
mcts_distilled_final,False,12,21,1200942,1,0
mcts_distilled_final,False,14,21,1200943,1,1
mcts_distilled_final,False,12,21,1200944,1,0
mcts_distilled_final,False,10,21,1200945,0,0
mcts_distilled_final,False,12,21,1200946,1,0
mcts_distilled_final,False,10,21,1200947,0,0
mcts_distilled_final,False,10,21,1200948,0,0
mcts_distilled_final,False,10,21,1200949,0,0
mcts_distilled_final,False,12,21,1200950,1,0
mcts_distilled_final,False,14,21,1200951,1,1
mcts_distilled_final,False,10,21,1200952,0,0
mcts_distilled_final,False,8,21,1200953,0,0
mcts_distilled_final,False,14,21,1200954,1,1
mcts_distilled_final,False,10,21,1200955,0,0
mcts_distilled_final,False,12,21,1200956,1,0
mcts_distilled_final,False,12,21,1200957,1,0
mcts_distilled_final,False,8,21,1200958,0,0
mcts_distilled_final,False,6,21,1200959,0,0
mcts_distilled_final,False,12,21,1200960,1,0
mcts_distilled_final,False,8,21,1200961,0,0
mcts_distilled_final,False,12,21,1200962,1,0
mcts_distilled_final,False,16,21,1200963,1,1
mcts_distilled_final,False,6,21,1200964,0,0
mcts_distilled_final,False,8,21,1200965,0,0
mcts_distilled_final,False,10,21,1200966,0,0
mcts_distilled_final,False,8,21,1200967,0,0
mcts_distilled_final,False,12,21,1200968,1,0
mcts_distilled_final,False,16,21,1200969,1,1
mcts_distilled_final,False,14,21,1200970,1,1
mcts_distilled_final,False,10,21,1200971,0,0
mcts_distilled_final,False,14,21,1200972,1,1
mcts_distilled_final,False,14,21,1200973,1,1
mcts_distilled_final,False,12,21,1200974,1,0
mcts_distilled_final,False,12,21,1200975,1,0
mcts_distilled_final,False,6,21,1200976,0,0
mcts_distilled_final,False,8,21,1200977,0,0
mcts_distilled_final,False,10,21,1200978,0,0
mcts_distilled_final,False,14,21,1200979,1,1
mcts_distilled_final,False,12,21,1200980,1,0
mcts_distilled_final,False,14,21,1200981,1,1
mcts_distilled_final,False,14,21,1200982,1,1
mcts_distilled_final,False,14,21,1200983,1,1
mcts_distilled_final,False,12,21,1200984,1,0
mcts_distilled_final,False,14,21,1200985,1,1
mcts_distilled_final,False,14,21,1200986,1,1
mcts_distilled_final,False,14,21,1200987,1,1
mcts_distilled_final,False,10,21,1200988,0,0
mcts_distilled_final,False,14,21,1200989,1,1
mcts_distilled_final,False,12,21,1200990,1,0
mcts_distilled_final,False,16,21,1200991,1,1
mcts_distilled_final,False,12,21,1200992,1,0
mcts_distilled_final,False,12,21,1200993,1,0
mcts_distilled_final,False,14,21,1200994,1,1
mcts_distilled_final,False,14,21,1200995,1,1
mcts_distilled_final,False,12,21,1200996,1,0
mcts_distilled_final,False,10,21,1200997,0,0
mcts_distilled_final,False,12,21,1200998,1,0
mcts_distilled_final,False,10,21,1200999,0,0
mcts_distilled_final,False,10,21,1201000,0,0
mcts_distilled_final,False,10,21,1201001,0,0
mcts_distilled_final,False,14,21,1201002,1,1
mcts_distilled_final,False,14,21,1201003,1,1
mcts_distilled_final,False,12,21,1201004,1,0
mcts_distilled_final,False,12,21,1201005,1,0
mcts_distilled_final,False,12,21,1201006,1,0
mcts_distilled_final,False,12,21,1201007,1,0
mcts_distilled_final,False,8,21,1201008,0,0
mcts_distilled_final,False,12,21,1201009,1,0
mcts_distilled_final,False,10,21,1201010,0,0
mcts_distilled_final,False,10,21,1201011,0,0
mcts_distilled_final,False,12,21,1201012,1,0
mcts_distilled_final,False,12,21,1201013,1,0
mcts_distilled_final,False,14,21,1201014,1,1
mcts_distilled_final,False,12,21,1201015,1,0
mcts_distilled_final,False,12,21,1201016,1,0
mcts_distilled_final,False,10,21,1201017,0,0
mcts_distilled_final,False,10,21,1201018,0,0
mcts_distilled_final,False,10,21,1201019,0,0
mcts_distilled_final,False,14,21,1201020,1,1
mcts_distilled_final,False,8,21,1201021,0,0
mcts_distilled_final,False,8,21,1201022,0,0
mcts_distilled_final,True,0,21,1201023,0,0
mcts_distilled_final,False,12,21,1201024,1,0
mcts_distilled_final,False,14,21,1201025,1,1
mcts_distilled_final,False,12,21,1201026,1,0
mcts_distilled_final,False,12,21,1201027,1,0
mcts_distilled_final,False,10,21,1201028,0,0
mcts_distilled_final,False,10,21,1201029,0,0
mcts_distilled_final,False,10,21,1201030,0,0
mcts_distilled_final,False,12,21,1201031,1,0
mcts_distilled_final,False,10,21,1201032,0,0
mcts_distilled_final,False,12,21,1201033,1,0
mcts_distilled_final,False,14,21,1201034,1,1
mcts_distilled_final,False,8,21,1201035,0,0
mcts_distilled_final,False,12,21,1201036,1,0
mcts_distilled_final,False,12,21,1201037,1,0
mcts_distilled_final,False,12,21,1201038,1,0
mcts_distilled_final,False,14,21,1201039,1,1
mcts_distilled_final,False,10,21,1201040,0,0
mcts_distilled_final,False,8,21,1201041,0,0
mcts_distilled_final,False,10,21,1201042,0,0
mcts_distilled_final,False,8,21,1201043,0,0
mcts_distilled_final,False,12,21,1201044,1,0
mcts_distilled_final,False,10,21,1201045,0,0
mcts_distilled_final,False,12,21,1201046,1,0
mcts_distilled_final,False,12,21,1201047,1,0
mcts_distilled_final,False,8,21,1201048,0,0
mcts_distilled_final,False,10,21,1201049,0,0
mcts_distilled_final,False,14,21,1201050,1,1
mcts_distilled_final,False,16,21,1201051,1,1
mcts_distilled_final,False,10,21,1201052,0,0
mcts_distilled_final,False,12,21,1201053,1,0
mcts_distilled_final,False,12,21,1201054,1,0
mcts_distilled_final,False,12,21,1201055,1,0
mcts_distilled_final,False,10,21,1201056,0,0
mcts_distilled_final,False,12,21,1201057,1,0
mcts_distilled_final,False,18,21,1201058,1,1
mcts_distilled_final,False,16,21,1201059,1,1
mcts_distilled_final,False,12,21,1201060,1,0
mcts_distilled_final,False,12,21,1201061,1,0
mcts_distilled_final,False,10,21,1201062,0,0
mcts_distilled_final,False,12,21,1201063,1,0
mcts_distilled_final,False,10,21,1201064,0,0
mcts_distilled_final,False,8,21,1201065,0,0
mcts_distilled_final,False,8,21,1201066,0,0
mcts_distilled_final,False,8,21,1201067,0,0
mcts_distilled_final,False,16,21,1201068,1,1
mcts_distilled_final,False,14,21,1201069,1,1
mcts_distilled_final,False,8,21,1201070,0,0
mcts_distilled_final,False,12,21,1201071,1,0
mcts_distilled_final,False,10,21,1201072,0,0
mcts_distilled_final,False,8,21,1201073,0,0
mcts_distilled_final,False,10,21,1201074,0,0
mcts_distilled_final,False,14,21,1201075,1,1
mcts_distilled_final,False,6,21,1201076,0,0
mcts_distilled_final,False,14,21,1201077,1,1
mcts_distilled_final,False,8,21,1201078,0,0
mcts_distilled_final,False,10,21,1201079,0,0
mcts_distilled_final,False,14,21,1201080,1,1
mcts_distilled_final,False,12,21,1201081,1,0
mcts_distilled_final,False,12,21,1201082,1,0
mcts_distilled_final,False,10,21,1201083,0,0
mcts_distilled_final,False,12,21,1201084,1,0
mcts_distilled_final,False,16,21,1201085,1,1
mcts_distilled_final,False,12,21,1201086,1,0
mcts_distilled_final,False,14,21,1201087,1,1
mcts_distilled_final,False,8,21,1201088,0,0
mcts_distilled_final,False,10,21,1201089,0,0
mcts_distilled_final,False,10,21,1201090,0,0
mcts_distilled_final,False,10,21,1201091,0,0
mcts_distilled_final,False,10,21,1201092,0,0
mcts_distilled_final,False,14,21,1201093,1,1
mcts_distilled_final,False,6,21,1201094,0,0
mcts_distilled_final,False,12,21,1201095,1,0
mcts_distilled_final,False,10,21,1201096,0,0
mcts_distilled_final,False,12,21,1201097,1,0
mcts_distilled_final,False,8,21,1201098,0,0
mcts_distilled_final,False,16,21,1201099,1,1
mcts_distilled_final,False,14,21,1201100,1,1
mcts_distilled_final,False,8,21,1201101,0,0
mcts_distilled_final,False,6,21,1201102,0,0
mcts_distilled_final,False,8,21,1201103,0,0
mcts_distilled_final,False,14,21,1201104,1,1
mcts_distilled_final,False,14,21,1201105,1,1
mcts_distilled_final,False,8,21,1201106,0,0
mcts_distilled_final,False,8,21,1201107,0,0
mcts_distilled_final,False,6,21,1201108,0,0
mcts_distilled_final,False,14,21,1201109,1,1
mcts_distilled_final,False,14,21,1201110,1,1
mcts_distilled_final,False,12,21,1201111,1,0
mcts_distilled_final,False,16,21,1201112,1,1
mcts_distilled_final,False,14,21,1201113,1,1
mcts_distilled_final,False,12,21,1201114,1,0
mcts_distilled_final,False,14,21,1201115,1,1
mcts_distilled_final,False,14,21,1201116,1,1
mcts_distilled_final,False,12,21,1201117,1,0
mcts_distilled_final,False,14,21,1201118,1,1
mcts_distilled_final,False,16,21,1201119,1,1
mcts_distilled_final,False,10,21,1201120,0,0
mcts_distilled_final,False,12,21,1201121,1,0
mcts_distilled_final,False,8,21,1201122,0,0
mcts_distilled_final,False,10,21,1201123,0,0
mcts_distilled_final,False,8,21,1201124,0,0
mcts_distilled_final,False,16,21,1201125,1,1
mcts_distilled_final,False,10,21,1201126,0,0
mcts_distilled_final,False,8,21,1201127,0,0
mcts_distilled_final,False,10,21,1201128,0,0
mcts_distilled_final,False,8,21,1201129,0,0
mcts_distilled_final,False,16,21,1201130,1,1
mcts_distilled_final,False,10,21,1201131,0,0
mcts_distilled_final,False,14,21,1201132,1,1
mcts_distilled_final,False,8,21,1201133,0,0
mcts_distilled_final,False,12,21,1201134,1,0
mcts_distilled_final,False,10,21,1201135,0,0
mcts_distilled_final,False,14,21,1201136,1,1
mcts_distilled_final,False,14,21,1201137,1,1
mcts_distilled_final,False,12,21,1201138,1,0
mcts_distilled_final,False,10,21,1201139,0,0
mcts_distilled_final,False,16,21,1201140,1,1
mcts_distilled_final,False,14,21,1201141,1,1
mcts_distilled_final,False,14,21,1201142,1,1
mcts_distilled_final,False,10,21,1201143,0,0
mcts_distilled_final,False,10,21,1201144,0,0
mcts_distilled_final,False,16,21,1201145,1,1
mcts_distilled_final,False,12,21,1201146,1,0
mcts_distilled_final,False,12,21,1201147,1,0
mcts_distilled_final,False,12,21,1201148,1,0
mcts_distilled_final,False,12,21,1201149,1,0
mcts_distilled_final,False,10,21,1201150,0,0
mcts_distilled_final,False,10,21,1201151,0,0
mcts_distilled_final,False,16,21,1201152,1,1
mcts_distilled_final,False,10,21,1201153,0,0
mcts_distilled_final,False,8,21,1201154,0,0
mcts_distilled_final,False,10,21,1201155,0,0
mcts_distilled_final,False,8,21,1201156,0,0
mcts_distilled_final,False,12,21,1201157,1,0
mcts_distilled_final,False,10,21,1201158,0,0
mcts_distilled_final,False,6,21,1201159,0,0
mcts_distilled_final,False,6,21,1201160,0,0
mcts_distilled_final,False,12,21,1201161,1,0
mcts_distilled_final,False,14,21,1201162,1,1
mcts_distilled_final,False,12,21,1201163,1,0
mcts_distilled_final,False,14,21,1201164,1,1
mcts_distilled_final,False,10,21,1201165,0,0
mcts_distilled_final,False,10,21,1201166,0,0
mcts_distilled_final,False,10,21,1201167,0,0
mcts_distilled_final,False,8,21,1201168,0,0
mcts_distilled_final,False,10,21,1201169,0,0
mcts_distilled_final,False,14,21,1201170,1,1
mcts_distilled_final,False,8,21,1201171,0,0
mcts_distilled_final,False,10,21,1201172,0,0
mcts_distilled_final,False,10,21,1201173,0,0
mcts_distilled_final,False,10,21,1201174,0,0
mcts_distilled_final,False,10,21,1201175,0,0
mcts_distilled_final,False,12,21,1201176,1,0
mcts_distilled_final,False,12,21,1201177,1,0
mcts_distilled_final,False,12,21,1201178,1,0
mcts_distilled_final,False,12,21,1201179,1,0
mcts_distilled_final,False,12,21,1201180,1,0
mcts_distilled_final,False,10,21,1201181,0,0
mcts_distilled_final,False,8,21,1201182,0,0
mcts_distilled_final,False,12,21,1201183,1,0
mcts_distilled_final,False,12,21,1201184,1,0
mcts_distilled_final,False,12,21,1201185,1,0
mcts_distilled_final,False,14,21,1201186,1,1
mcts_distilled_final,False,16,21,1201187,1,1
mcts_distilled_final,False,12,21,1201188,1,0
mcts_distilled_final,False,10,21,1201189,0,0
mcts_distilled_final,False,16,21,1201190,1,1
mcts_distilled_final,False,14,21,1201191,1,1
mcts_distilled_final,False,16,21,1201192,1,1
mcts_distilled_final,False,16,21,1201193,1,1
mcts_distilled_final,False,12,21,1201194,1,0
mcts_distilled_final,False,16,21,1201195,1,1
mcts_distilled_final,False,12,21,1201196,1,0
mcts_distilled_final,False,12,21,1201197,1,0
mcts_distilled_final,False,18,21,1201198,1,1
mcts_distilled_final,False,10,21,1201199,0,0
mcts_distilled_final,False,10,21,1201200,0,0
mcts_distilled_final,False,12,21,1201201,1,0
mcts_distilled_final,False,14,21,1201202,1,1
mcts_distilled_final,False,14,21,1201203,1,1
mcts_distilled_final,False,14,21,1201204,1,1
mcts_distilled_final,False,12,21,1201205,1,0
mcts_distilled_final,False,10,21,1201206,0,0
mcts_distilled_final,False,10,21,1201207,0,0
mcts_distilled_final,False,12,21,1201208,1,0
mcts_distilled_final,False,10,21,1201209,0,0
mcts_distilled_final,False,10,21,1201210,0,0
mcts_distilled_final,False,12,21,1201211,1,0
mcts_distilled_final,False,10,21,1201212,0,0
mcts_distilled_final,False,8,21,1201213,0,0
mcts_distilled_final,False,10,21,1201214,0,0
mcts_distilled_final,False,12,21,1201215,1,0
mcts_distilled_final,False,10,21,1201216,0,0
mcts_distilled_final,False,14,21,1201217,1,1
mcts_distilled_final,False,12,21,1201218,1,0
mcts_distilled_final,False,12,21,1201219,1,0
mcts_distilled_final,False,14,21,1201220,1,1
mcts_distilled_final,False,12,21,1201221,1,0
mcts_distilled_final,False,12,21,1201222,1,0
mcts_distilled_final,False,12,21,1201223,1,0
mcts_distilled_final,False,12,21,1201224,1,0
mcts_distilled_final,False,14,21,1201225,1,1
mcts_distilled_final,False,14,21,1201226,1,1
mcts_distilled_final,False,8,21,1201227,0,0
mcts_distilled_final,False,14,21,1201228,1,1
mcts_distilled_final,False,10,21,1201229,0,0
mcts_distilled_final,False,10,21,1201230,0,0
mcts_distilled_final,False,16,21,1201231,1,1
mcts_distilled_final,False,12,21,1201232,1,0
mcts_distilled_final,False,14,21,1201233,1,1
mcts_distilled_final,False,12,21,1201234,1,0
mcts_distilled_final,False,12,21,1201235,1,0
mcts_distilled_final,False,12,21,1201236,1,0
mcts_distilled_final,False,10,21,1201237,0,0
mcts_distilled_final,False,14,21,1201238,1,1
mcts_distilled_final,False,12,21,1201239,1,0
mcts_distilled_final,False,8,21,1201240,0,0
mcts_distilled_final,True,0,21,1201241,0,0
mcts_distilled_final,False,10,21,1201242,0,0
mcts_distilled_final,False,10,21,1201243,0,0
mcts_distilled_final,False,10,21,1201244,0,0
mcts_distilled_final,False,14,21,1201245,1,1
mcts_distilled_final,False,10,21,1201246,0,0
mcts_distilled_final,False,14,21,1201247,1,1
mcts_distilled_final,False,12,21,1201248,1,0
mcts_distilled_final,False,12,21,1201249,1,0
mcts_distilled_final,False,14,21,1201250,1,1
mcts_distilled_final,False,12,21,1201251,1,0
mcts_distilled_final,False,14,21,1201252,1,1
mcts_distilled_final,False,8,21,1201253,0,0
mcts_distilled_final,False,12,21,1201254,1,0
mcts_distilled_final,False,16,21,1201255,1,1
mcts_distilled_final,False,16,21,1201256,1,1
mcts_distilled_final,False,10,21,1201257,0,0
mcts_distilled_final,False,14,21,1201258,1,1
mcts_distilled_final,False,16,21,1201259,1,1
mcts_distilled_final,False,14,21,1201260,1,1
mcts_distilled_final,False,12,21,1201261,1,0
mcts_distilled_final,False,12,21,1201262,1,0
mcts_distilled_final,False,12,21,1201263,1,0
mcts_distilled_final,False,8,21,1201264,0,0
mcts_distilled_final,False,10,21,1201265,0,0
mcts_distilled_final,False,14,21,1201266,1,1
mcts_distilled_final,False,8,21,1201267,0,0
mcts_distilled_final,False,12,21,1201268,1,0
mcts_distilled_final,False,12,21,1201269,1,0
mcts_distilled_final,False,12,21,1201270,1,0
mcts_distilled_final,False,14,21,1201271,1,1
mcts_distilled_final,False,16,21,1201272,1,1
mcts_distilled_final,False,10,21,1201273,0,0
mcts_distilled_final,False,16,21,1201274,1,1
mcts_distilled_final,False,12,21,1201275,1,0
mcts_distilled_final,False,10,21,1201276,0,0
mcts_distilled_final,False,12,21,1201277,1,0
mcts_distilled_final,False,14,21,1201278,1,1
mcts_distilled_final,False,10,21,1201279,0,0
mcts_distilled_final,False,12,21,1201280,1,0
mcts_distilled_final,False,12,21,1201281,1,0
mcts_distilled_final,False,14,21,1201282,1,1
mcts_distilled_final,False,10,21,1201283,0,0
mcts_distilled_final,True,0,21,1201284,0,0
mcts_distilled_final,False,6,21,1201285,0,0
mcts_distilled_final,False,16,21,1201286,1,1
mcts_distilled_final,False,6,21,1201287,0,0
mcts_distilled_final,False,16,21,1201288,1,1
mcts_distilled_final,False,14,21,1201289,1,1
mcts_distilled_final,False,16,21,1201290,1,1
mcts_distilled_final,False,10,21,1201291,0,0
mcts_distilled_final,False,10,21,1201292,0,0
mcts_distilled_final,False,10,21,1201293,0,0
mcts_distilled_final,False,14,21,1201294,1,1
mcts_distilled_final,False,8,21,1201295,0,0
mcts_distilled_final,False,8,21,1201296,0,0
mcts_distilled_final,False,14,21,1201297,1,1
mcts_distilled_final,False,12,21,1201298,1,0
mcts_distilled_final,False,12,21,1201299,1,0
mcts_distilled_final,False,12,21,1201300,1,0
mcts_distilled_final,False,12,21,1201301,1,0
mcts_distilled_final,False,10,21,1201302,0,0
mcts_distilled_final,False,10,21,1201303,0,0
mcts_distilled_final,False,12,21,1201304,1,0
mcts_distilled_final,False,14,21,1201305,1,1
mcts_distilled_final,False,10,21,1201306,0,0
mcts_distilled_final,False,14,21,1201307,1,1
mcts_distilled_final,False,10,21,1201308,0,0
mcts_distilled_final,False,12,21,1201309,1,0
mcts_distilled_final,False,12,21,1201310,1,0
mcts_distilled_final,False,12,21,1201311,1,0
mcts_distilled_final,False,8,21,1201312,0,0
mcts_distilled_final,False,10,21,1201313,0,0
mcts_distilled_final,False,8,21,1201314,0,0
mcts_distilled_final,False,8,21,1201315,0,0
mcts_distilled_final,False,14,21,1201316,1,1
mcts_distilled_final,False,14,21,1201317,1,1
mcts_distilled_final,False,12,21,1201318,1,0
mcts_distilled_final,False,10,21,1201319,0,0
mcts_distilled_final,False,18,21,1201320,1,1
mcts_distilled_final,False,14,21,1201321,1,1
mcts_distilled_final,False,14,21,1201322,1,1
mcts_distilled_final,False,10,21,1201323,0,0
mcts_distilled_final,False,12,21,1201324,1,0
mcts_distilled_final,False,12,21,1201325,1,0
mcts_distilled_final,False,6,21,1201326,0,0
mcts_distilled_final,False,10,21,1201327,0,0
mcts_distilled_final,False,12,21,1201328,1,0
mcts_distilled_final,False,12,21,1201329,1,0
mcts_distilled_final,False,10,21,1201330,0,0
mcts_distilled_final,False,12,21,1201331,1,0
mcts_distilled_final,False,6,21,1201332,0,0
mcts_distilled_final,False,10,21,1201333,0,0
mcts_distilled_final,False,12,21,1201334,1,0
mcts_distilled_final,False,12,21,1201335,1,0
mcts_distilled_final,False,12,21,1201336,1,0
mcts_distilled_final,False,10,21,1201337,0,0
mcts_distilled_final,False,10,21,1201338,0,0
mcts_distilled_final,False,10,21,1201339,0,0
mcts_distilled_final,False,12,21,1201340,1,0
mcts_distilled_final,False,8,21,1201341,0,0
mcts_distilled_final,False,14,21,1201342,1,1
mcts_distilled_final,False,10,21,1201343,0,0
mcts_distilled_final,False,14,21,1201344,1,1
mcts_distilled_final,False,10,21,1201345,0,0
mcts_distilled_final,False,12,21,1201346,1,0
mcts_distilled_final,False,6,21,1201347,0,0
mcts_distilled_final,False,6,21,1201348,0,0
mcts_distilled_final,False,12,21,1201349,1,0
mcts_distilled_final,False,12,21,1201350,1,0
mcts_distilled_final,False,12,21,1201351,1,0
mcts_distilled_final,False,12,21,1201352,1,0
mcts_distilled_final,False,12,21,1201353,1,0
mcts_distilled_final,False,10,21,1201354,0,0
mcts_distilled_final,False,16,21,1201355,1,1
mcts_distilled_final,False,10,21,1201356,0,0
mcts_distilled_final,False,14,21,1201357,1,1
mcts_distilled_final,False,11,21,1201358,0,0
mcts_distilled_final,False,10,21,1201359,0,0
mcts_distilled_final,False,10,21,1201360,0,0
mcts_distilled_final,False,10,21,1201361,0,0
mcts_distilled_final,False,12,21,1201362,1,0
mcts_distilled_final,False,10,21,1201363,0,0
mcts_distilled_final,False,13,21,1201364,1,0
mcts_distilled_final,False,14,21,1201365,1,1
mcts_distilled_final,False,14,21,1201366,1,1
mcts_distilled_final,False,10,21,1201367,0,0
mcts_distilled_final,False,16,21,1201368,1,1
mcts_distilled_final,False,6,21,1201369,0,0
mcts_distilled_final,False,10,21,1201370,0,0
mcts_distilled_final,False,12,21,1201371,1,0
mcts_distilled_final,False,12,21,1201372,1,0
mcts_distilled_final,False,14,21,1201373,1,1
mcts_distilled_final,False,12,21,1201374,1,0
mcts_distilled_final,False,6,21,1201375,0,0
mcts_distilled_final,False,10,21,1201376,0,0
mcts_distilled_final,False,12,21,1201377,1,0
mcts_distilled_final,False,14,21,1201378,1,1
mcts_distilled_final,False,14,21,1201379,1,1
mcts_distilled_final,False,14,21,1201380,1,1
mcts_distilled_final,False,10,21,1201381,0,0
mcts_distilled_final,False,12,21,1201382,1,0
mcts_distilled_final,False,8,21,1201383,0,0
mcts_distilled_final,False,12,21,1201384,1,0
mcts_distilled_final,False,12,21,1201385,1,0
mcts_distilled_final,False,12,21,1201386,1,0
mcts_distilled_final,False,10,21,1201387,0,0
mcts_distilled_final,False,10,21,1201388,0,0
mcts_distilled_final,False,12,21,1201389,1,0
mcts_distilled_final,False,8,21,1201390,0,0
mcts_distilled_final,False,8,21,1201391,0,0
mcts_distilled_final,False,10,21,1201392,0,0
mcts_distilled_final,False,12,21,1201393,1,0
mcts_distilled_final,False,14,21,1201394,1,1
mcts_distilled_final,False,6,21,1201395,0,0
mcts_distilled_final,False,10,21,1201396,0,0
mcts_distilled_final,False,12,21,1201397,1,0
mcts_distilled_final,False,8,21,1201398,0,0
mcts_distilled_final,False,14,21,1201399,1,1
mcts_distilled_final,False,14,21,1201400,1,1
mcts_distilled_final,False,12,21,1201401,1,0
mcts_distilled_final,False,12,21,1201402,1,0
mcts_distilled_final,False,12,21,1201403,1,0
mcts_distilled_final,False,14,21,1201404,1,1
mcts_distilled_final,False,8,21,1201405,0,0
mcts_distilled_final,False,11,21,1201406,0,0
mcts_distilled_final,False,12,21,1201407,1,0
mcts_distilled_final,False,10,21,1201408,0,0
mcts_distilled_final,False,12,21,1201409,1,0
mcts_distilled_final,False,12,21,1201410,1,0
mcts_distilled_final,False,14,21,1201411,1,1
mcts_distilled_final,False,12,21,1201412,1,0
mcts_distilled_final,False,10,21,1201413,0,0
mcts_distilled_final,False,14,21,1201414,1,1
mcts_distilled_final,False,14,21,1201415,1,1
mcts_distilled_final,False,10,21,1201416,0,0
mcts_distilled_final,False,6,21,1201417,0,0
mcts_distilled_final,False,16,21,1201418,1,1
mcts_distilled_final,False,10,21,1201419,0,0
mcts_distilled_final,False,12,21,1201420,1,0
mcts_distilled_final,False,14,21,1201421,1,1
mcts_distilled_final,False,12,21,1201422,1,0
mcts_distilled_final,False,14,21,1201423,1,1
mcts_distilled_final,False,14,21,1201424,1,1
mcts_distilled_final,False,14,21,1201425,1,1
mcts_distilled_final,False,10,21,1201426,0,0
mcts_distilled_final,False,8,21,1201427,0,0
mcts_distilled_final,False,14,21,1201428,1,1
mcts_distilled_final,False,14,21,1201429,1,1
mcts_distilled_final,False,16,21,1201430,1,1
mcts_distilled_final,False,12,21,1201431,1,0
mcts_distilled_final,False,12,21,1201432,1,0
mcts_distilled_final,False,8,21,1201433,0,0
mcts_distilled_final,False,10,21,1201434,0,0
mcts_distilled_final,False,14,21,1201435,1,1
mcts_distilled_final,False,10,21,1201436,0,0
mcts_distilled_final,False,14,21,1201437,1,1
mcts_distilled_final,False,18,21,1201438,1,1
mcts_distilled_final,False,12,21,1201439,1,0
mcts_distilled_final,False,8,21,1201440,0,0
mcts_distilled_final,False,16,21,1201441,1,1
mcts_distilled_final,False,10,21,1201442,0,0
mcts_distilled_final,False,12,21,1201443,1,0
mcts_distilled_final,False,14,21,1201444,1,1
mcts_distilled_final,False,16,21,1201445,1,1
mcts_distilled_final,False,14,21,1201446,1,1
mcts_distilled_final,False,10,21,1201447,0,0
mcts_distilled_final,False,14,21,1201448,1,1
mcts_distilled_final,False,14,21,1201449,1,1
mcts_distilled_final,False,12,21,1201450,1,0
mcts_distilled_final,False,14,21,1201451,1,1
mcts_distilled_final,False,14,21,1201452,1,1
mcts_distilled_final,False,12,21,1201453,1,0
mcts_distilled_final,False,12,21,1201454,1,0
mcts_distilled_final,False,12,21,1201455,1,0
mcts_distilled_final,False,12,21,1201456,1,0
mcts_distilled_final,False,12,21,1201457,1,0
mcts_distilled_final,False,10,21,1201458,0,0
mcts_distilled_final,False,14,21,1201459,1,1
mcts_distilled_final,False,10,21,1201460,0,0
mcts_distilled_final,False,18,21,1201461,1,1
mcts_distilled_final,False,12,21,1201462,1,0
mcts_distilled_final,False,8,21,1201463,0,0
mcts_distilled_final,False,12,21,1201464,1,0
mcts_distilled_final,False,10,21,1201465,0,0
mcts_distilled_final,False,12,21,1201466,1,0
mcts_distilled_final,False,6,21,1201467,0,0
mcts_distilled_final,False,8,21,1201468,0,0
mcts_distilled_final,False,10,21,1201469,0,0
mcts_distilled_final,False,12,21,1201470,1,0
mcts_distilled_final,False,10,21,1201471,0,0
mcts_distilled_final,False,16,21,1201472,1,1
mcts_distilled_final,False,12,21,1201473,1,0
mcts_distilled_final,False,8,21,1201474,0,0
mcts_distilled_final,False,12,21,1201475,1,0
mcts_distilled_final,False,10,21,1201476,0,0
mcts_distilled_final,False,10,21,1201477,0,0
mcts_distilled_final,False,12,21,1201478,1,0
mcts_distilled_final,False,14,21,1201479,1,1
mcts_distilled_final,False,12,21,1201480,1,0
mcts_distilled_final,False,12,21,1201481,1,0
mcts_distilled_final,False,12,21,1201482,1,0
mcts_distilled_final,False,10,21,1201483,0,0
mcts_distilled_final,False,12,21,1201484,1,0
mcts_distilled_final,False,10,21,1201485,0,0
mcts_distilled_final,False,12,21,1201486,1,0
mcts_distilled_final,False,14,21,1201487,1,1
mcts_distilled_final,False,12,21,1201488,1,0
mcts_distilled_final,False,12,21,1201489,1,0
mcts_distilled_final,False,16,21,1201490,1,1
mcts_distilled_final,False,12,21,1201491,1,0
mcts_distilled_final,False,16,21,1201492,1,1
mcts_distilled_final,False,12,21,1201493,1,0
mcts_distilled_final,False,8,21,1201494,0,0
mcts_distilled_final,False,8,21,1201495,0,0
mcts_distilled_final,False,10,21,1201496,0,0
mcts_distilled_final,False,10,21,1201497,0,0
mcts_distilled_final,False,12,21,1201498,1,0
mcts_distilled_final,False,16,21,1201499,1,1
mcts_distilled_final,False,14,21,1201500,1,1
mcts_distilled_final,False,10,21,1201501,0,0
mcts_distilled_final,False,10,21,1201502,0,0
mcts_distilled_final,False,8,21,1201503,0,0
mcts_distilled_final,False,8,21,1201504,0,0
mcts_distilled_final,False,16,21,1201505,1,1
mcts_distilled_final,False,10,21,1201506,0,0
mcts_distilled_final,False,12,21,1201507,1,0
mcts_distilled_final,False,14,21,1201508,1,1
mcts_distilled_final,False,8,21,1201509,0,0
mcts_distilled_final,False,12,21,1201510,1,0
mcts_distilled_final,False,10,21,1201511,0,0
mcts_distilled_final,False,14,21,1201512,1,1
mcts_distilled_final,False,12,21,1201513,1,0
mcts_distilled_final,False,12,21,1201514,1,0
mcts_distilled_final,False,16,21,1201515,1,1
mcts_distilled_final,False,10,21,1201516,0,0
mcts_distilled_final,False,12,21,1201517,1,0
mcts_distilled_final,False,8,21,1201518,0,0
mcts_distilled_final,False,10,21,1201519,0,0
mcts_distilled_final,False,12,21,1201520,1,0
mcts_distilled_final,False,12,21,1201521,1,0
mcts_distilled_final,False,12,21,1201522,1,0
mcts_distilled_final,False,12,21,1201523,1,0
mcts_distilled_final,False,8,21,1201524,0,0
mcts_distilled_final,False,14,21,1201525,1,1
mcts_distilled_final,False,14,21,1201526,1,1
mcts_distilled_final,False,16,21,1201527,1,1
mcts_distilled_final,False,12,21,1201528,1,0
mcts_distilled_final,False,12,21,1201529,1,0
mcts_distilled_final,False,14,21,1201530,1,1
mcts_distilled_final,False,12,21,1201531,1,0
mcts_distilled_final,False,12,21,1201532,1,0
mcts_distilled_final,False,10,21,1201533,0,0
mcts_distilled_final,False,16,21,1201534,1,1
mcts_distilled_final,False,10,21,1201535,0,0
mcts_distilled_final,False,12,21,1201536,1,0
mcts_distilled_final,False,8,21,1201537,0,0
mcts_distilled_final,False,8,21,1201538,0,0
mcts_distilled_final,False,10,21,1201539,0,0
mcts_distilled_final,False,12,21,1201540,1,0
mcts_distilled_final,False,10,21,1201541,0,0
mcts_distilled_final,False,14,21,1201542,1,1
mcts_distilled_final,False,12,21,1201543,1,0
mcts_distilled_final,False,14,21,1201544,1,1
mcts_distilled_final,False,12,21,1201545,1,0
mcts_distilled_final,False,12,21,1201546,1,0
mcts_distilled_final,False,16,21,1201547,1,1
mcts_distilled_final,False,14,21,1201548,1,1
mcts_distilled_final,False,10,21,1201549,0,0
mcts_distilled_final,False,12,21,1201550,1,0
mcts_distilled_final,False,14,21,1201551,1,1
mcts_distilled_final,False,8,21,1201552,0,0
mcts_distilled_final,False,12,21,1201553,1,0
mcts_distilled_final,False,14,21,1201554,1,1
mcts_distilled_final,False,14,21,1201555,1,1
mcts_distilled_final,False,8,21,1201556,0,0
mcts_distilled_final,False,10,21,1201557,0,0
mcts_distilled_final,False,10,21,1201558,0,0
mcts_distilled_final,False,10,21,1201559,0,0
mcts_distilled_final,False,18,21,1201560,1,1
mcts_distilled_final,False,10,21,1201561,0,0
mcts_distilled_final,False,12,21,1201562,1,0
mcts_distilled_final,False,12,21,1201563,1,0
mcts_distilled_final,False,10,21,1201564,0,0
mcts_distilled_final,False,10,21,1201565,0,0
mcts_distilled_final,False,12,21,1201566,1,0
mcts_distilled_final,False,10,21,1201567,0,0
mcts_distilled_final,False,12,21,1201568,1,0
mcts_distilled_final,False,12,21,1201569,1,0
mcts_distilled_final,False,8,21,1201570,0,0
mcts_distilled_final,False,14,21,1201571,1,1
mcts_distilled_final,False,10,21,1201572,0,0
mcts_distilled_final,False,10,21,1201573,0,0
mcts_distilled_final,False,12,21,1201574,1,0
mcts_distilled_final,False,14,21,1201575,1,1
mcts_distilled_final,False,14,21,1201576,1,1
mcts_distilled_final,False,16,21,1201577,1,1
mcts_distilled_final,False,8,21,1201578,0,0
mcts_distilled_final,False,6,21,1201579,0,0
mcts_distilled_final,False,14,21,1201580,1,1
mcts_distilled_final,False,14,21,1201581,1,1
mcts_distilled_final,False,12,21,1201582,1,0
mcts_distilled_final,False,14,21,1201583,1,1
mcts_distilled_final,False,14,21,1201584,1,1
mcts_distilled_final,False,14,21,1201585,1,1
mcts_distilled_final,False,10,21,1201586,0,0
mcts_distilled_final,False,8,21,1201587,0,0
mcts_distilled_final,False,12,21,1201588,1,0
mcts_distilled_final,False,12,21,1201589,1,0
mcts_distilled_final,False,10,21,1201590,0,0
mcts_distilled_final,False,10,21,1201591,0,0
mcts_distilled_final,False,10,21,1201592,0,0
mcts_distilled_final,False,12,21,1201593,1,0
mcts_distilled_final,False,12,21,1201594,1,0
mcts_distilled_final,False,12,21,1201595,1,0
mcts_distilled_final,False,14,21,1201596,1,1
mcts_distilled_final,False,12,21,1201597,1,0
mcts_distilled_final,False,10,21,1201598,0,0
mcts_distilled_final,False,14,21,1201599,1,1
mcts_distilled_final,False,14,21,1201600,1,1
mcts_distilled_final,False,10,21,1201601,0,0
mcts_distilled_final,False,10,21,1201602,0,0
mcts_distilled_final,False,14,21,1201603,1,1
mcts_distilled_final,False,10,21,1201604,0,0
mcts_distilled_final,False,14,21,1201605,1,1
mcts_distilled_final,False,10,21,1201606,0,0
mcts_distilled_final,False,12,21,1201607,1,0
mcts_distilled_final,False,10,21,1201608,0,0
mcts_distilled_final,False,12,21,1201609,1,0
mcts_distilled_final,False,14,21,1201610,1,1
mcts_distilled_final,False,10,21,1201611,0,0
mcts_distilled_final,False,8,21,1201612,0,0
mcts_distilled_final,False,12,21,1201613,1,0
mcts_distilled_final,False,16,21,1201614,1,1
mcts_distilled_final,False,14,21,1201615,1,1
mcts_distilled_final,False,14,21,1201616,1,1
mcts_distilled_final,False,12,21,1201617,1,0
mcts_distilled_final,False,14,21,1201618,1,1
mcts_distilled_final,False,10,21,1201619,0,0
mcts_distilled_final,False,14,21,1201620,1,1
mcts_distilled_final,False,10,21,1201621,0,0
mcts_distilled_final,False,12,21,1201622,1,0
mcts_distilled_final,False,14,21,1201623,1,1
mcts_distilled_final,False,12,21,1201624,1,0
mcts_distilled_final,False,14,21,1201625,1,1
mcts_distilled_final,False,10,21,1201626,0,0
mcts_distilled_final,False,12,21,1201627,1,0
mcts_distilled_final,False,10,21,1201628,0,0
mcts_distilled_final,False,14,21,1201629,1,1
mcts_distilled_final,False,12,21,1201630,1,0
mcts_distilled_final,False,8,21,1201631,0,0
mcts_distilled_final,False,14,21,1201632,1,1
mcts_distilled_final,False,14,21,1201633,1,1
mcts_distilled_final,False,14,21,1201634,1,1
mcts_distilled_final,False,12,21,1201635,1,0
mcts_distilled_final,False,10,21,1201636,0,0
mcts_distilled_final,False,14,21,1201637,1,1
mcts_distilled_final,False,14,21,1201638,1,1
mcts_distilled_final,False,8,21,1201639,0,0
mcts_distilled_final,False,6,21,1201640,0,0
mcts_distilled_final,False,10,21,1201641,0,0
mcts_distilled_final,False,10,21,1201642,0,0
mcts_distilled_final,False,14,21,1201643,1,1
mcts_distilled_final,False,12,21,1201644,1,0
mcts_distilled_final,False,12,21,1201645,1,0
mcts_distilled_final,False,14,21,1201646,1,1
mcts_distilled_final,False,14,21,1201647,1,1
mcts_distilled_final,False,10,21,1201648,0,0
mcts_distilled_final,False,10,21,1201649,0,0
mcts_distilled_final,False,16,21,1201650,1,1
mcts_distilled_final,False,8,21,1201651,0,0
mcts_distilled_final,False,12,21,1201652,1,0
mcts_distilled_final,False,12,21,1201653,1,0
mcts_distilled_final,False,8,21,1201654,0,0
mcts_distilled_final,False,16,21,1201655,1,1
mcts_distilled_final,False,14,21,1201656,1,1
mcts_distilled_final,False,10,21,1201657,0,0
mcts_distilled_final,False,12,21,1201658,1,0
mcts_distilled_final,False,16,21,1201659,1,1
mcts_distilled_final,False,14,21,1201660,1,1
mcts_distilled_final,False,10,21,1201661,0,0
mcts_distilled_final,False,10,21,1201662,0,0
mcts_distilled_final,False,14,21,1201663,1,1
mcts_distilled_final,False,12,21,1201664,1,0
mcts_distilled_final,False,8,21,1201665,0,0
mcts_distilled_final,False,12,21,1201666,1,0
mcts_distilled_final,False,10,21,1201667,0,0
mcts_distilled_final,False,12,21,1201668,1,0
mcts_distilled_final,False,12,21,1201669,1,0
mcts_distilled_final,False,16,21,1201670,1,1
mcts_distilled_final,False,14,21,1201671,1,1
mcts_distilled_final,False,14,21,1201672,1,1
mcts_distilled_final,False,18,21,1201673,1,1
mcts_distilled_final,False,12,21,1201674,1,0
mcts_distilled_final,False,14,21,1201675,1,1
mcts_distilled_final,False,14,21,1201676,1,1
mcts_distilled_final,False,12,21,1201677,1,0
mcts_distilled_final,False,14,21,1201678,1,1
mcts_distilled_final,False,10,21,1201679,0,0
mcts_distilled_final,False,14,21,1201680,1,1
mcts_distilled_final,False,10,21,1201681,0,0
mcts_distilled_final,False,10,21,1201682,0,0
mcts_distilled_final,False,12,21,1201683,1,0
mcts_distilled_final,False,14,21,1201684,1,1
mcts_distilled_final,False,12,21,1201685,1,0
mcts_distilled_final,False,8,21,1201686,0,0
mcts_distilled_final,False,14,21,1201687,1,1
mcts_distilled_final,True,0,21,1201688,0,0
mcts_distilled_final,False,14,21,1201689,1,1
mcts_distilled_final,False,14,21,1201690,1,1
mcts_distilled_final,False,12,21,1201691,1,0
mcts_distilled_final,False,10,21,1201692,0,0
mcts_distilled_final,False,12,21,1201693,1,0
mcts_distilled_final,False,10,21,1201694,0,0
mcts_distilled_final,False,14,21,1201695,1,1
mcts_distilled_final,False,6,21,1201696,0,0
mcts_distilled_final,False,10,21,1201697,0,0
mcts_distilled_final,False,14,21,1201698,1,1
mcts_distilled_final,False,12,21,1201699,1,0
mcts_distilled_final,False,10,21,1201700,0,0
mcts_distilled_final,False,12,21,1201701,1,0
mcts_distilled_final,False,12,21,1201702,1,0
mcts_distilled_final,False,12,21,1201703,1,0
mcts_distilled_final,False,12,21,1201704,1,0
mcts_distilled_final,False,14,21,1201705,1,1
mcts_distilled_final,False,12,21,1201706,1,0
mcts_distilled_final,False,12,21,1201707,1,0
mcts_distilled_final,False,10,21,1201708,0,0
mcts_distilled_final,False,10,21,1201709,0,0
mcts_distilled_final,False,16,21,1201710,1,1
mcts_distilled_final,False,14,21,1201711,1,1
mcts_distilled_final,False,10,21,1201712,0,0
mcts_distilled_final,False,10,21,1201713,0,0
mcts_distilled_final,False,12,21,1201714,1,0
mcts_distilled_final,False,10,21,1201715,0,0
mcts_distilled_final,False,14,21,1201716,1,1
mcts_distilled_final,False,14,21,1201717,1,1
mcts_distilled_final,False,10,21,1201718,0,0
mcts_distilled_final,False,14,21,1201719,1,1
mcts_distilled_final,False,10,21,1201720,0,0
mcts_distilled_final,False,14,21,1201721,1,1
mcts_distilled_final,False,16,21,1201722,1,1
mcts_distilled_final,False,12,21,1201723,1,0
mcts_distilled_final,False,12,21,1201724,1,0
mcts_distilled_final,False,14,21,1201725,1,1
mcts_distilled_final,False,16,21,1201726,1,1
mcts_distilled_final,False,12,21,1201727,1,0
mcts_distilled_final,False,12,21,1201728,1,0
mcts_distilled_final,False,14,21,1201729,1,1
mcts_distilled_final,False,12,21,1201730,1,0
mcts_distilled_final,False,10,21,1201731,0,0
mcts_distilled_final,False,12,21,1201732,1,0
mcts_distilled_final,False,10,21,1201733,0,0
mcts_distilled_final,False,10,21,1201734,0,0
mcts_distilled_final,False,12,21,1201735,1,0
mcts_distilled_final,False,12,21,1201736,1,0
mcts_distilled_final,False,16,21,1201737,1,1
mcts_distilled_final,False,12,21,1201738,1,0
mcts_distilled_final,False,14,21,1201739,1,1
mcts_distilled_final,False,10,21,1201740,0,0
mcts_distilled_final,False,14,21,1201741,1,1
mcts_distilled_final,False,14,21,1201742,1,1
mcts_distilled_final,False,14,21,1201743,1,1
mcts_distilled_final,False,12,21,1201744,1,0
mcts_distilled_final,False,10,21,1201745,0,0
mcts_distilled_final,False,8,21,1201746,0,0
mcts_distilled_final,False,16,21,1201747,1,1
mcts_distilled_final,False,10,21,1201748,0,0
mcts_distilled_final,False,10,21,1201749,0,0
mcts_distilled_final,False,14,21,1201750,1,1
mcts_distilled_final,False,12,21,1201751,1,0
mcts_distilled_final,False,12,21,1201752,1,0
mcts_distilled_final,False,8,21,1201753,0,0
mcts_distilled_final,False,14,21,1201754,1,1
mcts_distilled_final,False,16,21,1201755,1,1
mcts_distilled_final,False,12,21,1201756,1,0
mcts_distilled_final,False,12,21,1201757,1,0
mcts_distilled_final,False,16,21,1201758,1,1
mcts_distilled_final,False,10,21,1201759,0,0
mcts_distilled_final,False,14,21,1201760,1,1
mcts_distilled_final,False,16,21,1201761,1,1
mcts_distilled_final,False,14,21,1201762,1,1
mcts_distilled_final,False,14,21,1201763,1,1
mcts_distilled_final,False,14,21,1201764,1,1
mcts_distilled_final,False,12,21,1201765,1,0
mcts_distilled_final,False,16,21,1201766,1,1
mcts_distilled_final,False,8,21,1201767,0,0
mcts_distilled_final,False,8,21,1201768,0,0
mcts_distilled_final,False,12,21,1201769,1,0
mcts_distilled_final,False,12,21,1201770,1,0
mcts_distilled_final,False,12,21,1201771,1,0
mcts_distilled_final,False,11,21,1201772,0,0
mcts_distilled_final,False,12,21,1201773,1,0
mcts_distilled_final,False,12,21,1201774,1,0
mcts_distilled_final,False,16,21,1201775,1,1
mcts_distilled_final,False,14,21,1201776,1,1
mcts_distilled_final,False,16,21,1201777,1,1
mcts_distilled_final,False,12,21,1201778,1,0
mcts_distilled_final,False,14,21,1201779,1,1
mcts_distilled_final,False,12,21,1201780,1,0
mcts_distilled_final,False,14,21,1201781,1,1
mcts_distilled_final,False,12,21,1201782,1,0
mcts_distilled_final,False,10,21,1201783,0,0
mcts_distilled_final,False,12,21,1201784,1,0
mcts_distilled_final,False,14,21,1201785,1,1
mcts_distilled_final,False,14,21,1201786,1,1
mcts_distilled_final,False,12,21,1201787,1,0
mcts_distilled_final,False,8,21,1201788,0,0
mcts_distilled_final,False,14,21,1201789,1,1
mcts_distilled_final,False,12,21,1201790,1,0
mcts_distilled_final,False,16,21,1201791,1,1
mcts_distilled_final,False,8,21,1201792,0,0
mcts_distilled_final,False,16,21,1201793,1,1
mcts_distilled_final,False,8,21,1201794,0,0
mcts_distilled_final,False,14,21,1201795,1,1
mcts_distilled_final,False,12,21,1201796,1,0
mcts_distilled_final,False,14,21,1201797,1,1
mcts_distilled_final,False,12,21,1201798,1,0
mcts_distilled_final,False,10,21,1201799,0,0
mcts_distilled_final,False,7,21,1201800,0,0
mcts_distilled_final,False,12,21,1201801,1,0
mcts_distilled_final,False,12,21,1201802,1,0
mcts_distilled_final,False,14,21,1201803,1,1
mcts_distilled_final,False,6,21,1201804,0,0
mcts_distilled_final,False,10,21,1201805,0,0
mcts_distilled_final,False,14,21,1201806,1,1
mcts_distilled_final,False,14,21,1201807,1,1
mcts_distilled_final,False,8,21,1201808,0,0
mcts_distilled_final,False,16,21,1201809,1,1
mcts_distilled_final,False,6,21,1201810,0,0
mcts_distilled_final,False,12,21,1201811,1,0
mcts_distilled_final,False,14,21,1201812,1,1
mcts_distilled_final,False,14,21,1201813,1,1
mcts_distilled_final,False,12,21,1201814,1,0
mcts_distilled_final,False,12,21,1201815,1,0
mcts_distilled_final,False,14,21,1201816,1,1
mcts_distilled_final,False,14,21,1201817,1,1
mcts_distilled_final,False,6,21,1201818,0,0
mcts_distilled_final,False,6,21,1201819,0,0
mcts_distilled_final,False,12,21,1201820,1,0
mcts_distilled_final,False,12,21,1201821,1,0
mcts_distilled_final,False,10,21,1201822,0,0
mcts_distilled_final,False,10,21,1201823,0,0
mcts_distilled_final,False,10,21,1201824,0,0
mcts_distilled_final,False,12,21,1201825,1,0
mcts_distilled_final,False,14,21,1201826,1,1
mcts_distilled_final,False,10,21,1201827,0,0
mcts_distilled_final,False,10,21,1201828,0,0
mcts_distilled_final,False,10,21,1201829,0,0
mcts_distilled_final,False,12,21,1201830,1,0
mcts_distilled_final,False,12,21,1201831,1,0
mcts_distilled_final,False,16,21,1201832,1,1
mcts_distilled_final,False,16,21,1201833,1,1
mcts_distilled_final,False,12,21,1201834,1,0
mcts_distilled_final,False,12,21,1201835,1,0
mcts_distilled_final,False,8,21,1201836,0,0
mcts_distilled_final,False,12,21,1201837,1,0
mcts_distilled_final,False,12,21,1201838,1,0
mcts_distilled_final,False,12,21,1201839,1,0
mcts_distilled_final,False,10,21,1201840,0,0
mcts_distilled_final,False,12,21,1201841,1,0
mcts_distilled_final,False,10,21,1201842,0,0
mcts_distilled_final,False,12,21,1201843,1,0
mcts_distilled_final,False,16,21,1201844,1,1
mcts_distilled_final,False,12,21,1201845,1,0
mcts_distilled_final,False,10,21,1201846,0,0
mcts_distilled_final,False,16,21,1201847,1,1
mcts_distilled_final,False,12,21,1201848,1,0
mcts_distilled_final,False,12,21,1201849,1,0
mcts_distilled_final,False,16,21,1201850,1,1
mcts_distilled_final,False,14,21,1201851,1,1
mcts_distilled_final,False,10,21,1201852,0,0
mcts_distilled_final,False,6,21,1201853,0,0
mcts_distilled_final,False,12,21,1201854,1,0
mcts_distilled_final,False,12,21,1201855,1,0
mcts_distilled_final,False,12,21,1201856,1,0
mcts_distilled_final,False,12,21,1201857,1,0
mcts_distilled_final,False,10,21,1201858,0,0
mcts_distilled_final,False,12,21,1201859,1,0
mcts_distilled_final,False,14,21,1201860,1,1
mcts_distilled_final,False,12,21,1201861,1,0
mcts_distilled_final,False,14,21,1201862,1,1
mcts_distilled_final,False,12,21,1201863,1,0
mcts_distilled_final,False,14,21,1201864,1,1
mcts_distilled_final,False,10,21,1201865,0,0
mcts_distilled_final,False,10,21,1201866,0,0
mcts_distilled_final,False,12,21,1201867,1,0
mcts_distilled_final,False,10,21,1201868,0,0
mcts_distilled_final,False,12,21,1201869,1,0
mcts_distilled_final,False,8,21,1201870,0,0
mcts_distilled_final,False,14,21,1201871,1,1
mcts_distilled_final,False,12,21,1201872,1,0
mcts_distilled_final,False,18,21,1201873,1,1
mcts_distilled_final,False,12,21,1201874,1,0
mcts_distilled_final,False,14,21,1201875,1,1
mcts_distilled_final,False,16,21,1201876,1,1
mcts_distilled_final,False,14,21,1201877,1,1
mcts_distilled_final,False,14,21,1201878,1,1
mcts_distilled_final,False,12,21,1201879,1,0
mcts_distilled_final,False,12,21,1201880,1,0
mcts_distilled_final,False,8,21,1201881,0,0
mcts_distilled_final,False,10,21,1201882,0,0
mcts_distilled_final,False,18,21,1201883,1,1
mcts_distilled_final,False,10,21,1201884,0,0
mcts_distilled_final,False,10,21,1201885,0,0
mcts_distilled_final,False,8,21,1201886,0,0
mcts_distilled_final,False,12,21,1201887,1,0
mcts_distilled_final,False,12,21,1201888,1,0
mcts_distilled_final,False,12,21,1201889,1,0
mcts_distilled_final,False,12,21,1201890,1,0
mcts_distilled_final,False,10,21,1201891,0,0
mcts_distilled_final,False,16,21,1201892,1,1
mcts_distilled_final,False,8,21,1201893,0,0
mcts_distilled_final,False,16,21,1201894,1,1
mcts_distilled_final,False,12,21,1201895,1,0
mcts_distilled_final,False,8,21,1201896,0,0
mcts_distilled_final,False,12,21,1201897,1,0
mcts_distilled_final,False,8,21,1201898,0,0
mcts_distilled_final,False,14,21,1201899,1,1
mcts_distilled_final,False,10,21,1201900,0,0
mcts_distilled_final,False,14,21,1201901,1,1
mcts_distilled_final,False,12,21,1201902,1,0
mcts_distilled_final,False,10,21,1201903,0,0
mcts_distilled_final,False,10,21,1201904,0,0
mcts_distilled_final,False,12,21,1201905,1,0
mcts_distilled_final,False,8,21,1201906,0,0
mcts_distilled_final,False,12,21,1201907,1,0
mcts_distilled_final,False,16,21,1201908,1,1
mcts_distilled_final,False,10,21,1201909,0,0
mcts_distilled_final,False,8,21,1201910,0,0
mcts_distilled_final,False,12,21,1201911,1,0
mcts_distilled_final,False,12,21,1201912,1,0
mcts_distilled_final,False,14,21,1201913,1,1
mcts_distilled_final,False,12,21,1201914,1,0
mcts_distilled_final,False,10,21,1201915,0,0
mcts_distilled_final,False,10,21,1201916,0,0
mcts_distilled_final,False,14,21,1201917,1,1
mcts_distilled_final,False,10,21,1201918,0,0
mcts_distilled_final,False,6,21,1201919,0,0
mcts_distilled_final,False,12,21,1201920,1,0
mcts_distilled_final,False,10,21,1201921,0,0
mcts_distilled_final,False,14,21,1201922,1,1
mcts_distilled_final,False,12,21,1201923,1,0
mcts_distilled_final,False,10,21,1201924,0,0
mcts_distilled_final,False,14,21,1201925,1,1
mcts_distilled_final,False,10,21,1201926,0,0
mcts_distilled_final,False,12,21,1201927,1,0
mcts_distilled_final,False,12,21,1201928,1,0
mcts_distilled_final,False,16,21,1201929,1,1
mcts_distilled_final,False,14,21,1201930,1,1
mcts_distilled_final,False,10,21,1201931,0,0
mcts_distilled_final,False,14,21,1201932,1,1
mcts_distilled_final,False,8,21,1201933,0,0
mcts_distilled_final,False,14,21,1201934,1,1
mcts_distilled_final,False,8,21,1201935,0,0
mcts_distilled_final,False,12,21,1201936,1,0
mcts_distilled_final,False,12,21,1201937,1,0
mcts_distilled_final,False,8,21,1201938,0,0
mcts_distilled_final,False,10,21,1201939,0,0
mcts_distilled_final,False,12,21,1201940,1,0
mcts_distilled_final,False,10,21,1201941,0,0
mcts_distilled_final,False,12,21,1201942,1,0
mcts_distilled_final,False,10,21,1201943,0,0
mcts_distilled_final,False,16,21,1201944,1,1
mcts_distilled_final,False,10,21,1201945,0,0
mcts_distilled_final,False,12,21,1201946,1,0
mcts_distilled_final,False,16,21,1201947,1,1
mcts_distilled_final,False,14,21,1201948,1,1
mcts_distilled_final,False,12,21,1201949,1,0
mcts_distilled_final,False,6,21,1201950,0,0
mcts_distilled_final,False,10,21,1201951,0,0
mcts_distilled_final,False,12,21,1201952,1,0
mcts_distilled_final,False,12,21,1201953,1,0
mcts_distilled_final,False,14,21,1201954,1,1
mcts_distilled_final,False,10,21,1201955,0,0
mcts_distilled_final,False,12,21,1201956,1,0
mcts_distilled_final,False,10,21,1201957,0,0
mcts_distilled_final,False,14,21,1201958,1,1
mcts_distilled_final,False,12,21,1201959,1,0
mcts_distilled_final,False,12,21,1201960,1,0
mcts_distilled_final,False,16,21,1201961,1,1
mcts_distilled_final,False,18,21,1201962,1,1
mcts_distilled_final,False,16,21,1201963,1,1
mcts_distilled_final,False,12,21,1201964,1,0
mcts_distilled_final,False,6,21,1201965,0,0
mcts_distilled_final,False,12,21,1201966,1,0
mcts_distilled_final,False,10,21,1201967,0,0
mcts_distilled_final,False,16,21,1201968,1,1
mcts_distilled_final,False,16,21,1201969,1,1
mcts_distilled_final,False,12,21,1201970,1,0
mcts_distilled_final,False,12,21,1201971,1,0
mcts_distilled_final,False,12,21,1201972,1,0
mcts_distilled_final,False,10,21,1201973,0,0
mcts_distilled_final,False,8,21,1201974,0,0
mcts_distilled_final,False,10,21,1201975,0,0
mcts_distilled_final,False,8,21,1201976,0,0
mcts_distilled_final,False,10,21,1201977,0,0
mcts_distilled_final,False,12,21,1201978,1,0
mcts_distilled_final,False,12,21,1201979,1,0
mcts_distilled_final,False,10,21,1201980,0,0
mcts_distilled_final,False,12,21,1201981,1,0
mcts_distilled_final,False,8,21,1201982,0,0
mcts_distilled_final,False,10,21,1201983,0,0
mcts_distilled_final,False,14,21,1201984,1,1
mcts_distilled_final,False,12,21,1201985,1,0
mcts_distilled_final,False,12,21,1201986,1,0
mcts_distilled_final,False,8,21,1201987,0,0
mcts_distilled_final,False,8,21,1201988,0,0
mcts_distilled_final,False,8,21,1201989,0,0
mcts_distilled_final,False,14,21,1201990,1,1
mcts_distilled_final,False,10,21,1201991,0,0
mcts_distilled_final,False,12,21,1201992,1,0
mcts_distilled_final,False,12,21,1201993,1,0
mcts_distilled_final,False,8,21,1201994,0,0
mcts_distilled_final,False,14,21,1201995,1,1
mcts_distilled_final,False,10,21,1201996,0,0
mcts_distilled_final,False,10,21,1201997,0,0
mcts_distilled_final,False,8,21,1201998,0,0
mcts_distilled_final,False,10,21,1201999,0,0
mcts_distilled_final,False,4,21,1202000,0,0
mcts_distilled_final,False,12,21,1202001,1,0
mcts_distilled_final,False,14,21,1202002,1,1
mcts_distilled_final,False,12,21,1202003,1,0
mcts_distilled_final,False,12,21,1202004,1,0
mcts_distilled_final,False,6,21,1202005,0,0
mcts_distilled_final,False,16,21,1202006,1,1
mcts_distilled_final,False,14,21,1202007,1,1
mcts_distilled_final,False,12,21,1202008,1,0
mcts_distilled_final,False,6,21,1202009,0,0
mcts_distilled_final,False,12,21,1202010,1,0
mcts_distilled_final,False,14,21,1202011,1,1
mcts_distilled_final,False,12,21,1202012,1,0
mcts_distilled_final,False,14,21,1202013,1,1
mcts_distilled_final,False,18,21,1202014,1,1
mcts_distilled_final,False,14,21,1202015,1,1
mcts_distilled_final,False,12,21,1202016,1,0
mcts_distilled_final,False,14,21,1202017,1,1
mcts_distilled_final,False,8,21,1202018,0,0
mcts_distilled_final,False,14,21,1202019,1,1
mcts_distilled_final,False,14,21,1202020,1,1
mcts_distilled_final,False,14,21,1202021,1,1
mcts_distilled_final,False,8,21,1202022,0,0
mcts_distilled_final,False,12,21,1202023,1,0
mcts_distilled_final,False,16,21,1202024,1,1
mcts_distilled_final,False,10,21,1202025,0,0
mcts_distilled_final,False,16,21,1202026,1,1
mcts_distilled_final,False,16,21,1202027,1,1
mcts_distilled_final,False,14,21,1202028,1,1
mcts_distilled_final,False,14,21,1202029,1,1
mcts_distilled_final,False,8,21,1202030,0,0
mcts_distilled_final,False,10,21,1202031,0,0
mcts_distilled_final,False,16,21,1202032,1,1
mcts_distilled_final,False,16,21,1202033,1,1
mcts_distilled_final,False,12,21,1202034,1,0
mcts_distilled_final,False,10,21,1202035,0,0
mcts_distilled_final,False,16,21,1202036,1,1
mcts_distilled_final,False,12,21,1202037,1,0
mcts_distilled_final,False,6,21,1202038,0,0
mcts_distilled_final,True,0,21,1202039,0,0
mcts_distilled_final,False,14,21,1202040,1,1
mcts_distilled_final,False,12,21,1202041,1,0
mcts_distilled_final,False,12,21,1202042,1,0
mcts_distilled_final,False,14,21,1202043,1,1
mcts_distilled_final,False,12,21,1202044,1,0
mcts_distilled_final,False,12,21,1202045,1,0
mcts_distilled_final,False,14,21,1202046,1,1
mcts_distilled_final,False,8,21,1202047,0,0
mcts_distilled_final,False,14,21,1202048,1,1
mcts_distilled_final,False,8,21,1202049,0,0
mcts_distilled_final,False,14,21,1202050,1,1
mcts_distilled_final,False,10,21,1202051,0,0
mcts_distilled_final,False,14,21,1202052,1,1
mcts_distilled_final,False,8,21,1202053,0,0
mcts_distilled_final,False,16,21,1202054,1,1
mcts_distilled_final,False,14,21,1202055,1,1
mcts_distilled_final,False,12,21,1202056,1,0
mcts_distilled_final,False,12,21,1202057,1,0
mcts_distilled_final,False,16,21,1202058,1,1
mcts_distilled_final,False,12,21,1202059,1,0
mcts_distilled_final,False,10,21,1202060,0,0
mcts_distilled_final,False,6,21,1202061,0,0
mcts_distilled_final,False,14,21,1202062,1,1
mcts_distilled_final,False,10,21,1202063,0,0
mcts_distilled_final,False,14,21,1202064,1,1
mcts_distilled_final,False,10,21,1202065,0,0
mcts_distilled_final,False,6,21,1202066,0,0
mcts_distilled_final,False,12,21,1202067,1,0
mcts_distilled_final,False,14,21,1202068,1,1
mcts_distilled_final,False,10,21,1202069,0,0
mcts_distilled_final,False,12,21,1202070,1,0
mcts_distilled_final,False,10,21,1202071,0,0
mcts_distilled_final,False,10,21,1202072,0,0
mcts_distilled_final,False,16,21,1202073,1,1
mcts_distilled_final,False,8,21,1202074,0,0
mcts_distilled_final,False,8,21,1202075,0,0
mcts_distilled_final,False,12,21,1202076,1,0
mcts_distilled_final,False,10,21,1202077,0,0
mcts_distilled_final,False,12,21,1202078,1,0
mcts_distilled_final,False,12,21,1202079,1,0
mcts_distilled_final,False,10,21,1202080,0,0
mcts_distilled_final,False,16,21,1202081,1,1
mcts_distilled_final,False,10,21,1202082,0,0
mcts_distilled_final,False,10,21,1202083,0,0
mcts_distilled_final,False,14,21,1202084,1,1
mcts_distilled_final,False,12,21,1202085,1,0
mcts_distilled_final,False,14,21,1202086,1,1
mcts_distilled_final,False,12,21,1202087,1,0
mcts_distilled_final,False,16,21,1202088,1,1
mcts_distilled_final,False,10,21,1202089,0,0
mcts_distilled_final,False,16,21,1202090,1,1
mcts_distilled_final,False,16,21,1202091,1,1
mcts_distilled_final,False,16,21,1202092,1,1
mcts_distilled_final,False,18,21,1202093,1,1
mcts_distilled_final,False,12,21,1202094,1,0
mcts_distilled_final,False,16,21,1202095,1,1
mcts_distilled_final,False,10,21,1202096,0,0
mcts_distilled_final,False,12,21,1202097,1,0
mcts_distilled_final,False,12,21,1202098,1,0
mcts_distilled_final,False,16,21,1202099,1,1
mcts_distilled_final,False,10,21,1202100,0,0
mcts_distilled_final,False,16,21,1202101,1,1
mcts_distilled_final,False,10,21,1202102,0,0
mcts_distilled_final,False,14,21,1202103,1,1
mcts_distilled_final,False,16,21,1202104,1,1
mcts_distilled_final,False,14,21,1202105,1,1
mcts_distilled_final,False,10,21,1202106,0,0
mcts_distilled_final,False,16,21,1202107,1,1
mcts_distilled_final,False,10,21,1202108,0,0
mcts_distilled_final,False,12,21,1202109,1,0
mcts_distilled_final,False,14,21,1202110,1,1
mcts_distilled_final,False,14,21,1202111,1,1
mcts_distilled_final,False,16,21,1202112,1,1
mcts_distilled_final,False,12,21,1202113,1,0
mcts_distilled_final,False,12,21,1202114,1,0
mcts_distilled_final,False,10,21,1202115,0,0
mcts_distilled_final,False,16,21,1202116,1,1
mcts_distilled_final,False,14,21,1202117,1,1
mcts_distilled_final,False,10,21,1202118,0,0
mcts_distilled_final,False,14,21,1202119,1,1
mcts_distilled_final,False,12,21,1202120,1,0
mcts_distilled_final,False,8,21,1202121,0,0
mcts_distilled_final,False,14,21,1202122,1,1
mcts_distilled_final,False,10,21,1202123,0,0
mcts_distilled_final,False,12,21,1202124,1,0
mcts_distilled_final,False,14,21,1202125,1,1
mcts_distilled_final,False,16,21,1202126,1,1
mcts_distilled_final,False,14,21,1202127,1,1
mcts_distilled_final,False,10,21,1202128,0,0
mcts_distilled_final,False,6,21,1202129,0,0
mcts_distilled_final,False,14,21,1202130,1,1
mcts_distilled_final,False,12,21,1202131,1,0
mcts_distilled_final,False,14,21,1202132,1,1
mcts_distilled_final,False,12,21,1202133,1,0
mcts_distilled_final,False,12,21,1202134,1,0
mcts_distilled_final,False,12,21,1202135,1,0
mcts_distilled_final,False,8,21,1202136,0,0
mcts_distilled_final,False,12,21,1202137,1,0
mcts_distilled_final,False,8,21,1202138,0,0
mcts_distilled_final,False,12,21,1202139,1,0
mcts_distilled_final,False,14,21,1202140,1,1
mcts_distilled_final,False,12,21,1202141,1,0
mcts_distilled_final,False,8,21,1202142,0,0
mcts_distilled_final,False,14,21,1202143,1,1
mcts_distilled_final,False,10,21,1202144,0,0
mcts_distilled_final,False,14,21,1202145,1,1
mcts_distilled_final,False,12,21,1202146,1,0
mcts_distilled_final,False,16,21,1202147,1,1
mcts_distilled_final,False,12,21,1202148,1,0
mcts_distilled_final,False,14,21,1202149,1,1
mcts_distilled_final,False,6,21,1202150,0,0
mcts_distilled_final,False,6,21,1202151,0,0
mcts_distilled_final,False,12,21,1202152,1,0
mcts_distilled_final,False,14,21,1202153,1,1
mcts_distilled_final,False,6,21,1202154,0,0
mcts_distilled_final,False,14,21,1202155,1,1
mcts_distilled_final,False,10,21,1202156,0,0
mcts_distilled_final,False,12,21,1202157,1,0
mcts_distilled_final,False,16,21,1202158,1,1
mcts_distilled_final,False,8,21,1202159,0,0
mcts_distilled_final,False,10,21,1202160,0,0
mcts_distilled_final,False,14,21,1202161,1,1
mcts_distilled_final,False,12,21,1202162,1,0
mcts_distilled_final,False,14,21,1202163,1,1
mcts_distilled_final,False,10,21,1202164,0,0
mcts_distilled_final,False,14,21,1202165,1,1
mcts_distilled_final,False,12,21,1202166,1,0
mcts_distilled_final,False,14,21,1202167,1,1
mcts_distilled_final,False,10,21,1202168,0,0
mcts_distilled_final,False,16,21,1202169,1,1
mcts_distilled_final,False,12,21,1202170,1,0
mcts_distilled_final,False,16,21,1202171,1,1
mcts_distilled_final,False,10,21,1202172,0,0
mcts_distilled_final,False,12,21,1202173,1,0
mcts_distilled_final,False,12,21,1202174,1,0
mcts_distilled_final,False,12,21,1202175,1,0
mcts_distilled_final,False,12,21,1202176,1,0
mcts_distilled_final,False,14,21,1202177,1,1
mcts_distilled_final,False,14,21,1202178,1,1
mcts_distilled_final,False,8,21,1202179,0,0
mcts_distilled_final,False,10,21,1202180,0,0
mcts_distilled_final,False,14,21,1202181,1,1
mcts_distilled_final,False,12,21,1202182,1,0
mcts_distilled_final,False,10,21,1202183,0,0
mcts_distilled_final,False,6,21,1202184,0,0
mcts_distilled_final,False,14,21,1202185,1,1
mcts_distilled_final,False,12,21,1202186,1,0
mcts_distilled_final,False,12,21,1202187,1,0
mcts_distilled_final,False,8,21,1202188,0,0
mcts_distilled_final,False,12,21,1202189,1,0
mcts_distilled_final,False,10,21,1202190,0,0
mcts_distilled_final,False,6,21,1202191,0,0
mcts_distilled_final,False,14,21,1202192,1,1
mcts_distilled_final,False,10,21,1202193,0,0
mcts_distilled_final,False,14,21,1202194,1,1
mcts_distilled_final,False,10,21,1202195,0,0
mcts_distilled_final,False,10,21,1202196,0,0
mcts_distilled_final,False,14,21,1202197,1,1
mcts_distilled_final,False,12,21,1202198,1,0
mcts_distilled_final,False,12,21,1202199,1,0
mcts_distilled_final,False,16,21,1202200,1,1
mcts_distilled_final,False,14,21,1202201,1,1
mcts_distilled_final,False,12,21,1202202,1,0
mcts_distilled_final,False,12,21,1202203,1,0
mcts_distilled_final,False,14,21,1202204,1,1
mcts_distilled_final,False,10,21,1202205,0,0
mcts_distilled_final,False,12,21,1202206,1,0
mcts_distilled_final,False,10,21,1202207,0,0
mcts_distilled_final,False,16,21,1202208,1,1
mcts_distilled_final,False,18,21,1202209,1,1
mcts_distilled_final,False,12,21,1202210,1,0
mcts_distilled_final,False,9,21,1202211,0,0
mcts_distilled_final,False,14,21,1202212,1,1
mcts_distilled_final,False,16,21,1202213,1,1
mcts_distilled_final,False,12,21,1202214,1,0
mcts_distilled_final,False,12,21,1202215,1,0
mcts_distilled_final,False,14,21,1202216,1,1
mcts_distilled_final,False,8,21,1202217,0,0
mcts_distilled_final,False,8,21,1202218,0,0
mcts_distilled_final,False,14,21,1202219,1,1
mcts_distilled_final,False,14,21,1202220,1,1
mcts_distilled_final,False,12,21,1202221,1,0
mcts_distilled_final,False,10,21,1202222,0,0
mcts_distilled_final,False,10,21,1202223,0,0
mcts_distilled_final,False,8,21,1202224,0,0
mcts_distilled_final,False,10,21,1202225,0,0
mcts_distilled_final,False,12,21,1202226,1,0
mcts_distilled_final,False,10,21,1202227,0,0
mcts_distilled_final,False,16,21,1202228,1,1
mcts_distilled_final,False,6,21,1202229,0,0
mcts_distilled_final,False,10,21,1202230,0,0
mcts_distilled_final,False,10,21,1202231,0,0
mcts_distilled_final,False,10,21,1202232,0,0
mcts_distilled_final,False,16,21,1202233,1,1
mcts_distilled_final,False,6,21,1202234,0,0
mcts_distilled_final,False,14,21,1202235,1,1
mcts_distilled_final,False,10,21,1202236,0,0
mcts_distilled_final,False,12,21,1202237,1,0
mcts_distilled_final,False,14,21,1202238,1,1
mcts_distilled_final,False,16,21,1202239,1,1
mcts_distilled_final,False,14,21,1202240,1,1
mcts_distilled_final,False,8,21,1202241,0,0
mcts_distilled_final,False,14,21,1202242,1,1
mcts_distilled_final,False,12,21,1202243,1,0
mcts_distilled_final,False,8,21,1202244,0,0
mcts_distilled_final,False,10,21,1202245,0,0
mcts_distilled_final,False,10,21,1202246,0,0
mcts_distilled_final,False,12,21,1202247,1,0
mcts_distilled_final,False,14,21,1202248,1,1
mcts_distilled_final,False,8,21,1202249,0,0
mcts_distilled_final,False,14,21,1202250,1,1
mcts_distilled_final,False,10,21,1202251,0,0
mcts_distilled_final,False,12,21,1202252,1,0
mcts_distilled_final,False,12,21,1202253,1,0
mcts_distilled_final,False,12,21,1202254,1,0
mcts_distilled_final,False,16,21,1202255,1,1
mcts_distilled_final,False,14,21,1202256,1,1
mcts_distilled_final,False,12,21,1202257,1,0
mcts_distilled_final,False,10,21,1202258,0,0
mcts_distilled_final,False,14,21,1202259,1,1
mcts_distilled_final,False,12,21,1202260,1,0
mcts_distilled_final,False,16,21,1202261,1,1
mcts_distilled_final,False,10,21,1202262,0,0
mcts_distilled_final,False,10,21,1202263,0,0
mcts_distilled_final,False,10,21,1202264,0,0
mcts_distilled_final,False,16,21,1202265,1,1
mcts_distilled_final,False,12,21,1202266,1,0
mcts_distilled_final,False,16,21,1202267,1,1
mcts_distilled_final,False,14,21,1202268,1,1
mcts_distilled_final,False,10,21,1202269,0,0
mcts_distilled_final,False,12,21,1202270,1,0
mcts_distilled_final,False,12,21,1202271,1,0
mcts_distilled_final,False,10,21,1202272,0,0
mcts_distilled_final,False,6,21,1202273,0,0
mcts_distilled_final,False,16,21,1202274,1,1
mcts_distilled_final,False,10,21,1202275,0,0
mcts_distilled_final,False,12,21,1202276,1,0
mcts_distilled_final,False,12,21,1202277,1,0
mcts_distilled_final,False,12,21,1202278,1,0
mcts_distilled_final,False,10,21,1202279,0,0
mcts_distilled_final,False,14,21,1202280,1,1
mcts_distilled_final,False,14,21,1202281,1,1
mcts_distilled_final,False,10,21,1202282,0,0
mcts_distilled_final,False,6,21,1202283,0,0
mcts_distilled_final,False,10,21,1202284,0,0
mcts_distilled_final,False,14,21,1202285,1,1
mcts_distilled_final,False,14,21,1202286,1,1
mcts_distilled_final,False,8,21,1202287,0,0
mcts_distilled_final,False,14,21,1202288,1,1
mcts_distilled_final,False,10,21,1202289,0,0
mcts_distilled_final,False,10,21,1202290,0,0
mcts_distilled_final,False,12,21,1202291,1,0
mcts_distilled_final,False,12,21,1202292,1,0
mcts_distilled_final,False,14,21,1202293,1,1
mcts_distilled_final,False,14,21,1202294,1,1
mcts_distilled_final,False,14,21,1202295,1,1
mcts_distilled_final,False,12,21,1202296,1,0
mcts_distilled_final,False,6,21,1202297,0,0
mcts_distilled_final,False,12,21,1202298,1,0
mcts_distilled_final,False,12,21,1202299,1,0
mcts_distilled_final,False,10,21,1202300,0,0
mcts_distilled_final,False,12,21,1202301,1,0
mcts_distilled_final,False,14,21,1202302,1,1
mcts_distilled_final,False,10,21,1202303,0,0
mcts_distilled_final,False,12,21,1202304,1,0
mcts_distilled_final,False,14,21,1202305,1,1
mcts_distilled_final,False,12,21,1202306,1,0
mcts_distilled_final,False,10,21,1202307,0,0
mcts_distilled_final,False,14,21,1202308,1,1
mcts_distilled_final,False,12,21,1202309,1,0
mcts_distilled_final,False,16,21,1202310,1,1
mcts_distilled_final,False,16,21,1202311,1,1
mcts_distilled_final,False,6,21,1202312,0,0
mcts_distilled_final,False,8,21,1202313,0,0
mcts_distilled_final,False,10,21,1202314,0,0
mcts_distilled_final,False,10,21,1202315,0,0
mcts_distilled_final,False,12,21,1202316,1,0
mcts_distilled_final,False,16,21,1202317,1,1
mcts_distilled_final,False,14,21,1202318,1,1
mcts_distilled_final,False,14,21,1202319,1,1
mcts_distilled_final,False,14,21,1202320,1,1
mcts_distilled_final,False,16,21,1202321,1,1
mcts_distilled_final,False,16,21,1202322,1,1
mcts_distilled_final,False,12,21,1202323,1,0
mcts_distilled_final,False,12,21,1202324,1,0
mcts_distilled_final,False,12,21,1202325,1,0
mcts_distilled_final,False,14,21,1202326,1,1
mcts_distilled_final,False,14,21,1202327,1,1
mcts_distilled_final,False,14,21,1202328,1,1
mcts_distilled_final,False,12,21,1202329,1,0
mcts_distilled_final,False,10,21,1202330,0,0
mcts_distilled_final,False,10,21,1202331,0,0
mcts_distilled_final,False,16,21,1202332,1,1
mcts_distilled_final,False,8,21,1202333,0,0
mcts_distilled_final,False,16,21,1202334,1,1
mcts_distilled_final,False,12,21,1202335,1,0
mcts_distilled_final,False,12,21,1202336,1,0
mcts_distilled_final,False,12,21,1202337,1,0
mcts_distilled_final,False,12,21,1202338,1,0
mcts_distilled_final,False,14,21,1202339,1,1
mcts_distilled_final,False,12,21,1202340,1,0
mcts_distilled_final,False,12,21,1202341,1,0
mcts_distilled_final,False,8,21,1202342,0,0
mcts_distilled_final,False,12,21,1202343,1,0
mcts_distilled_final,False,10,21,1202344,0,0
mcts_distilled_final,False,14,21,1202345,1,1
mcts_distilled_final,False,12,21,1202346,1,0
mcts_distilled_final,False,12,21,1202347,1,0
mcts_distilled_final,False,14,21,1202348,1,1
mcts_distilled_final,False,12,21,1202349,1,0
mcts_distilled_final,False,16,21,1202350,1,1
mcts_distilled_final,True,0,21,1202351,0,0
mcts_distilled_final,False,12,21,1202352,1,0
mcts_distilled_final,False,14,21,1202353,1,1
mcts_distilled_final,False,12,21,1202354,1,0
mcts_distilled_final,False,16,21,1202355,1,1
mcts_distilled_final,False,14,21,1202356,1,1
mcts_distilled_final,False,12,21,1202357,1,0
mcts_distilled_final,False,12,21,1202358,1,0
mcts_distilled_final,False,12,21,1202359,1,0
mcts_distilled_final,False,10,21,1202360,0,0
mcts_distilled_final,False,14,21,1202361,1,1
mcts_distilled_final,False,14,21,1202362,1,1
mcts_distilled_final,False,14,21,1202363,1,1
mcts_distilled_final,False,12,21,1202364,1,0
mcts_distilled_final,False,14,21,1202365,1,1
mcts_distilled_final,False,10,21,1202366,0,0
mcts_distilled_final,False,10,21,1202367,0,0
mcts_distilled_final,False,12,21,1202368,1,0
mcts_distilled_final,False,10,21,1202369,0,0
mcts_distilled_final,False,10,21,1202370,0,0
mcts_distilled_final,False,12,21,1202371,1,0
mcts_distilled_final,False,10,21,1202372,0,0
mcts_distilled_final,False,10,21,1202373,0,0
mcts_distilled_final,False,12,21,1202374,1,0
mcts_distilled_final,False,12,21,1202375,1,0
mcts_distilled_final,False,8,21,1202376,0,0
mcts_distilled_final,False,10,21,1202377,0,0
mcts_distilled_final,False,12,21,1202378,1,0
mcts_distilled_final,False,16,21,1202379,1,1
mcts_distilled_final,False,14,21,1202380,1,1
mcts_distilled_final,False,14,21,1202381,1,1
mcts_distilled_final,False,14,21,1202382,1,1
mcts_distilled_final,False,10,21,1202383,0,0
mcts_distilled_final,False,16,21,1202384,1,1
mcts_distilled_final,False,16,21,1202385,1,1
mcts_distilled_final,False,12,21,1202386,1,0
mcts_distilled_final,False,16,21,1202387,1,1
mcts_distilled_final,False,14,21,1202388,1,1
mcts_distilled_final,False,14,21,1202389,1,1
mcts_distilled_final,False,10,21,1202390,0,0
mcts_distilled_final,False,8,21,1202391,0,0
mcts_distilled_final,False,14,21,1202392,1,1
mcts_distilled_final,False,12,21,1202393,1,0
mcts_distilled_final,False,16,21,1202394,1,1
mcts_distilled_final,False,8,21,1202395,0,0
mcts_distilled_final,False,14,21,1202396,1,1
mcts_distilled_final,False,12,21,1202397,1,0
mcts_distilled_final,False,16,21,1202398,1,1
mcts_distilled_final,False,12,21,1202399,1,0
mcts_distilled_final,False,10,21,1202400,0,0
mcts_distilled_final,False,14,21,1202401,1,1
mcts_distilled_final,False,12,21,1202402,1,0
mcts_distilled_final,False,14,21,1202403,1,1
mcts_distilled_final,False,16,21,1202404,1,1
mcts_distilled_final,False,16,21,1202405,1,1
mcts_distilled_final,False,16,21,1202406,1,1
mcts_distilled_final,False,14,21,1202407,1,1
mcts_distilled_final,False,14,21,1202408,1,1
mcts_distilled_final,False,12,21,1202409,1,0
mcts_distilled_final,False,14,21,1202410,1,1
mcts_distilled_final,False,16,21,1202411,1,1
mcts_distilled_final,False,12,21,1202412,1,0
mcts_distilled_final,False,10,21,1202413,0,0
mcts_distilled_final,False,14,21,1202414,1,1
mcts_distilled_final,False,8,21,1202415,0,0
mcts_distilled_final,False,10,21,1202416,0,0
mcts_distilled_final,False,14,21,1202417,1,1
mcts_distilled_final,False,12,21,1202418,1,0
mcts_distilled_final,False,12,21,1202419,1,0
mcts_distilled_final,False,12,21,1202420,1,0
mcts_distilled_final,False,16,21,1202421,1,1
mcts_distilled_final,False,12,21,1202422,1,0
mcts_distilled_final,False,12,21,1202423,1,0
mcts_distilled_final,False,10,21,1202424,0,0
mcts_distilled_final,False,14,21,1202425,1,1
mcts_distilled_final,False,6,21,1202426,0,0
mcts_distilled_final,False,14,21,1202427,1,1
mcts_distilled_final,False,10,21,1202428,0,0
mcts_distilled_final,False,12,21,1202429,1,0
mcts_distilled_final,False,14,21,1202430,1,1
mcts_distilled_final,False,12,21,1202431,1,0
mcts_distilled_final,False,10,21,1202432,0,0
mcts_distilled_final,False,14,21,1202433,1,1
mcts_distilled_final,False,14,21,1202434,1,1
mcts_distilled_final,False,12,21,1202435,1,0
mcts_distilled_final,False,16,21,1202436,1,1
mcts_distilled_final,False,12,21,1202437,1,0
mcts_distilled_final,False,8,21,1202438,0,0
mcts_distilled_final,False,8,21,1202439,0,0
mcts_distilled_final,False,10,21,1202440,0,0
mcts_distilled_final,False,12,21,1202441,1,0
mcts_distilled_final,False,10,21,1202442,0,0
mcts_distilled_final,False,10,21,1202443,0,0
mcts_distilled_final,False,12,21,1202444,1,0
mcts_distilled_final,False,14,21,1202445,1,1
mcts_distilled_final,False,12,21,1202446,1,0
mcts_distilled_final,False,10,21,1202447,0,0
mcts_distilled_final,False,10,21,1202448,0,0
mcts_distilled_final,False,12,21,1202449,1,0
mcts_distilled_final,False,10,21,1202450,0,0
mcts_distilled_final,False,14,21,1202451,1,1
mcts_distilled_final,False,10,21,1202452,0,0
mcts_distilled_final,False,14,21,1202453,1,1
mcts_distilled_final,False,14,21,1202454,1,1
mcts_distilled_final,False,10,21,1202455,0,0
mcts_distilled_final,False,12,21,1202456,1,0
mcts_distilled_final,False,8,21,1202457,0,0
mcts_distilled_final,False,14,21,1202458,1,1
mcts_distilled_final,False,12,21,1202459,1,0
mcts_distilled_final,False,16,21,1202460,1,1
mcts_distilled_final,False,14,21,1202461,1,1
mcts_distilled_final,False,12,21,1202462,1,0
mcts_distilled_final,False,12,21,1202463,1,0
mcts_distilled_final,False,10,21,1202464,0,0
mcts_distilled_final,False,14,21,1202465,1,1
mcts_distilled_final,False,10,21,1202466,0,0
mcts_distilled_final,False,14,21,1202467,1,1
mcts_distilled_final,False,14,21,1202468,1,1
mcts_distilled_final,False,14,21,1202469,1,1
mcts_distilled_final,False,14,21,1202470,1,1
mcts_distilled_final,False,8,21,1202471,0,0
mcts_distilled_final,False,8,21,1202472,0,0
mcts_distilled_final,False,14,21,1202473,1,1
mcts_distilled_final,False,12,21,1202474,1,0
mcts_distilled_final,False,16,21,1202475,1,1
mcts_distilled_final,False,8,21,1202476,0,0
mcts_distilled_final,False,6,21,1202477,0,0
mcts_distilled_final,False,12,21,1202478,1,0
mcts_distilled_final,False,12,21,1202479,1,0
mcts_distilled_final,False,8,21,1202480,0,0
mcts_distilled_final,False,12,21,1202481,1,0
mcts_distilled_final,False,10,21,1202482,0,0
mcts_distilled_final,False,16,21,1202483,1,1
mcts_distilled_final,False,14,21,1202484,1,1
mcts_distilled_final,False,8,21,1202485,0,0
mcts_distilled_final,False,14,21,1202486,1,1
mcts_distilled_final,False,16,21,1202487,1,1
mcts_distilled_final,False,12,21,1202488,1,0
mcts_distilled_final,False,16,21,1202489,1,1
mcts_distilled_final,False,14,21,1202490,1,1
mcts_distilled_final,False,14,21,1202491,1,1
mcts_distilled_final,False,10,21,1202492,0,0
mcts_distilled_final,False,12,21,1202493,1,0
mcts_distilled_final,False,10,21,1202494,0,0
mcts_distilled_final,False,10,21,1202495,0,0
mcts_distilled_final,False,12,21,1202496,1,0
mcts_distilled_final,False,8,21,1202497,0,0
mcts_distilled_final,False,14,21,1202498,1,1
mcts_distilled_final,False,10,21,1202499,0,0
mcts_distilled_final,False,8,21,1202500,0,0
mcts_distilled_final,False,10,21,1202501,0,0
mcts_distilled_final,False,14,21,1202502,1,1
mcts_distilled_final,False,12,21,1202503,1,0
mcts_distilled_final,False,12,21,1202504,1,0
mcts_distilled_final,False,10,21,1202505,0,0
mcts_distilled_final,False,8,21,1202506,0,0
mcts_distilled_final,False,12,21,1202507,1,0
mcts_distilled_final,False,14,21,1202508,1,1
mcts_distilled_final,False,14,21,1202509,1,1
mcts_distilled_final,False,6,21,1202510,0,0
mcts_distilled_final,False,10,21,1202511,0,0
mcts_distilled_final,False,12,21,1202512,1,0
mcts_distilled_final,False,8,21,1202513,0,0
mcts_distilled_final,False,12,21,1202514,1,0
mcts_distilled_final,False,14,21,1202515,1,1
mcts_distilled_final,False,14,21,1202516,1,1
mcts_distilled_final,False,14,21,1202517,1,1
mcts_distilled_final,False,10,21,1202518,0,0
mcts_distilled_final,False,10,21,1202519,0,0
mcts_distilled_final,False,10,21,1202520,0,0
mcts_distilled_final,False,12,21,1202521,1,0
mcts_distilled_final,False,6,21,1202522,0,0
mcts_distilled_final,False,10,21,1202523,0,0
mcts_distilled_final,False,14,21,1202524,1,1
mcts_distilled_final,False,14,21,1202525,1,1
mcts_distilled_final,False,10,21,1202526,0,0
mcts_distilled_final,False,16,21,1202527,1,1
mcts_distilled_final,True,0,7,1202528,0,0
mcts_distilled_final,False,16,21,1202529,1,1
mcts_distilled_final,False,14,21,1202530,1,1
mcts_distilled_final,False,8,21,1202531,0,0
mcts_distilled_final,False,10,21,1202532,0,0
mcts_distilled_final,False,12,21,1202533,1,0
mcts_distilled_final,False,10,21,1202534,0,0
mcts_distilled_final,False,12,21,1202535,1,0
mcts_distilled_final,False,12,21,1202536,1,0
mcts_distilled_final,False,12,21,1202537,1,0
mcts_distilled_final,False,14,21,1202538,1,1
mcts_distilled_final,False,8,21,1202539,0,0
mcts_distilled_final,False,10,21,1202540,0,0
mcts_distilled_final,False,6,21,1202541,0,0
mcts_distilled_final,False,12,21,1202542,1,0
mcts_distilled_final,True,0,21,1202543,0,0
mcts_distilled_final,False,8,21,1202544,0,0
mcts_distilled_final,False,10,21,1202545,0,0
mcts_distilled_final,False,12,21,1202546,1,0
mcts_distilled_final,False,10,21,1202547,0,0
mcts_distilled_final,False,6,21,1202548,0,0
mcts_distilled_final,False,4,21,1202549,0,0
mcts_distilled_final,False,12,21,1202550,1,0
mcts_distilled_final,False,8,21,1202551,0,0
mcts_distilled_final,False,10,21,1202552,0,0
mcts_distilled_final,False,12,21,1202553,1,0
mcts_distilled_final,False,10,21,1202554,0,0
mcts_distilled_final,False,14,21,1202555,1,1
mcts_distilled_final,False,12,21,1202556,1,0
mcts_distilled_final,False,10,21,1202557,0,0
mcts_distilled_final,False,10,21,1202558,0,0
mcts_distilled_final,False,14,21,1202559,1,1
mcts_distilled_final,False,10,21,1202560,0,0
mcts_distilled_final,False,6,21,1202561,0,0
mcts_distilled_final,False,14,21,1202562,1,1
mcts_distilled_final,False,14,21,1202563,1,1
mcts_distilled_final,False,10,21,1202564,0,0
mcts_distilled_final,False,8,21,1202565,0,0
mcts_distilled_final,False,16,21,1202566,1,1
mcts_distilled_final,False,10,21,1202567,0,0
mcts_distilled_final,False,14,21,1202568,1,1
mcts_distilled_final,False,12,21,1202569,1,0
mcts_distilled_final,False,10,21,1202570,0,0
mcts_distilled_final,False,10,21,1202571,0,0
mcts_distilled_final,False,16,21,1202572,1,1
mcts_distilled_final,False,12,21,1202573,1,0
mcts_distilled_final,False,14,21,1202574,1,1
mcts_distilled_final,False,8,21,1202575,0,0
mcts_distilled_final,False,12,21,1202576,1,0
mcts_distilled_final,False,12,21,1202577,1,0
mcts_distilled_final,False,8,21,1202578,0,0
mcts_distilled_final,False,10,21,1202579,0,0
mcts_distilled_final,False,10,21,1202580,0,0
mcts_distilled_final,False,10,21,1202581,0,0
mcts_distilled_final,False,12,21,1202582,1,0
mcts_distilled_final,False,12,21,1202583,1,0
mcts_distilled_final,False,10,21,1202584,0,0
mcts_distilled_final,False,16,21,1202585,1,1
mcts_distilled_final,False,12,21,1202586,1,0
mcts_distilled_final,False,12,21,1202587,1,0
mcts_distilled_final,False,10,21,1202588,0,0
mcts_distilled_final,False,12,21,1202589,1,0
mcts_distilled_final,False,14,21,1202590,1,1
mcts_distilled_final,False,10,21,1202591,0,0
mcts_distilled_final,False,14,21,1202592,1,1
mcts_distilled_final,False,10,21,1202593,0,0
mcts_distilled_final,False,14,21,1202594,1,1
mcts_distilled_final,False,14,21,1202595,1,1
mcts_distilled_final,False,16,21,1202596,1,1
mcts_distilled_final,False,12,21,1202597,1,0
mcts_distilled_final,False,16,21,1202598,1,1
mcts_distilled_final,False,8,21,1202599,0,0
mcts_distilled_final,False,12,21,1202600,1,0
mcts_distilled_final,False,14,21,1202601,1,1
mcts_distilled_final,False,14,21,1202602,1,1
mcts_distilled_final,False,12,21,1202603,1,0
mcts_distilled_final,False,4,21,1202604,0,0
mcts_distilled_final,False,12,21,1202605,1,0
mcts_distilled_final,False,14,21,1202606,1,1
mcts_distilled_final,False,14,21,1202607,1,1
mcts_distilled_final,False,6,21,1202608,0,0
mcts_distilled_final,False,14,21,1202609,1,1
mcts_distilled_final,False,14,21,1202610,1,1
mcts_distilled_final,False,14,21,1202611,1,1
mcts_distilled_final,False,10,21,1202612,0,0
mcts_distilled_final,False,16,21,1202613,1,1
mcts_distilled_final,False,10,21,1202614,0,0
mcts_distilled_final,False,10,21,1202615,0,0
mcts_distilled_final,False,10,21,1202616,0,0
mcts_distilled_final,False,12,21,1202617,1,0
mcts_distilled_final,False,10,21,1202618,0,0
mcts_distilled_final,False,12,21,1202619,1,0
mcts_distilled_final,False,16,21,1202620,1,1
mcts_distilled_final,False,10,21,1202621,0,0
mcts_distilled_final,False,12,21,1202622,1,0
mcts_distilled_final,False,16,21,1202623,1,1
mcts_distilled_final,False,12,21,1202624,1,0
mcts_distilled_final,False,12,21,1202625,1,0
mcts_distilled_final,False,16,21,1202626,1,1
mcts_distilled_final,False,14,21,1202627,1,1
mcts_distilled_final,False,14,21,1202628,1,1
mcts_distilled_final,False,14,21,1202629,1,1
mcts_distilled_final,False,10,21,1202630,0,0
mcts_distilled_final,False,12,21,1202631,1,0
mcts_distilled_final,False,12,21,1202632,1,0
mcts_distilled_final,False,14,21,1202633,1,1
mcts_distilled_final,False,12,21,1202634,1,0
mcts_distilled_final,False,12,21,1202635,1,0
mcts_distilled_final,False,14,21,1202636,1,1
mcts_distilled_final,False,8,21,1202637,0,0
mcts_distilled_final,False,14,21,1202638,1,1
mcts_distilled_final,False,10,21,1202639,0,0
mcts_distilled_final,False,10,21,1202640,0,0
mcts_distilled_final,False,14,21,1202641,1,1
mcts_distilled_final,False,12,21,1202642,1,0
mcts_distilled_final,False,10,21,1202643,0,0
mcts_distilled_final,False,10,21,1202644,0,0
mcts_distilled_final,False,12,21,1202645,1,0
mcts_distilled_final,False,12,21,1202646,1,0
mcts_distilled_final,False,10,21,1202647,0,0
mcts_distilled_final,False,12,21,1202648,1,0
mcts_distilled_final,False,8,21,1202649,0,0
mcts_distilled_final,False,10,21,1202650,0,0
mcts_distilled_final,False,8,21,1202651,0,0
mcts_distilled_final,False,10,21,1202652,0,0
mcts_distilled_final,False,12,21,1202653,1,0
mcts_distilled_final,False,10,21,1202654,0,0
mcts_distilled_final,False,12,21,1202655,1,0
mcts_distilled_final,False,10,21,1202656,0,0
mcts_distilled_final,False,14,21,1202657,1,1
mcts_distilled_final,False,14,21,1202658,1,1
mcts_distilled_final,False,10,21,1202659,0,0
mcts_distilled_final,False,12,21,1202660,1,0
mcts_distilled_final,False,16,21,1202661,1,1
mcts_distilled_final,False,10,21,1202662,0,0
mcts_distilled_final,False,14,21,1202663,1,1
mcts_distilled_final,False,14,21,1202664,1,1
mcts_distilled_final,False,18,21,1202665,1,1
mcts_distilled_final,False,12,21,1202666,1,0
mcts_distilled_final,False,14,21,1202667,1,1
mcts_distilled_final,False,6,21,1202668,0,0
mcts_distilled_final,False,12,21,1202669,1,0
mcts_distilled_final,False,10,21,1202670,0,0
mcts_distilled_final,False,16,21,1202671,1,1
mcts_distilled_final,False,10,21,1202672,0,0
mcts_distilled_final,False,8,21,1202673,0,0
mcts_distilled_final,False,12,21,1202674,1,0
mcts_distilled_final,False,12,21,1202675,1,0
mcts_distilled_final,False,8,21,1202676,0,0
mcts_distilled_final,False,12,21,1202677,1,0
mcts_distilled_final,False,10,21,1202678,0,0
mcts_distilled_final,False,10,21,1202679,0,0
mcts_distilled_final,False,14,21,1202680,1,1
mcts_distilled_final,False,14,21,1202681,1,1
mcts_distilled_final,False,10,21,1202682,0,0
mcts_distilled_final,False,10,21,1202683,0,0
mcts_distilled_final,False,6,21,1202684,0,0
mcts_distilled_final,False,12,21,1202685,1,0
mcts_distilled_final,False,10,21,1202686,0,0
mcts_distilled_final,False,14,21,1202687,1,1
mcts_distilled_final,False,10,21,1202688,0,0
mcts_distilled_final,False,10,21,1202689,0,0
mcts_distilled_final,False,10,21,1202690,0,0
mcts_distilled_final,False,6,21,1202691,0,0
mcts_distilled_final,False,12,21,1202692,1,0
mcts_distilled_final,False,12,21,1202693,1,0
mcts_distilled_final,False,10,21,1202694,0,0
mcts_distilled_final,False,12,21,1202695,1,0
mcts_distilled_final,False,8,21,1202696,0,0
mcts_distilled_final,False,16,21,1202697,1,1
mcts_distilled_final,False,18,21,1202698,1,1
mcts_distilled_final,False,10,21,1202699,0,0
mcts_distilled_final,False,14,21,1202700,1,1
mcts_distilled_final,False,12,21,1202701,1,0
mcts_distilled_final,False,12,21,1202702,1,0
mcts_distilled_final,False,10,21,1202703,0,0
mcts_distilled_final,False,14,21,1202704,1,1
mcts_distilled_final,False,14,21,1202705,1,1
mcts_distilled_final,False,10,21,1202706,0,0
mcts_distilled_final,False,10,21,1202707,0,0
mcts_distilled_final,False,16,21,1202708,1,1
mcts_distilled_final,False,12,21,1202709,1,0
mcts_distilled_final,False,10,21,1202710,0,0
mcts_distilled_final,False,10,21,1202711,0,0
mcts_distilled_final,False,14,21,1202712,1,1
mcts_distilled_final,False,12,21,1202713,1,0
mcts_distilled_final,False,16,21,1202714,1,1
mcts_distilled_final,False,12,21,1202715,1,0
mcts_distilled_final,False,12,21,1202716,1,0
mcts_distilled_final,False,10,21,1202717,0,0
mcts_distilled_final,False,14,21,1202718,1,1
mcts_distilled_final,False,14,21,1202719,1,1
mcts_distilled_final,False,8,21,1202720,0,0
mcts_distilled_final,False,14,21,1202721,1,1
mcts_distilled_final,False,6,21,1202722,0,0
mcts_distilled_final,False,12,21,1202723,1,0
mcts_distilled_final,False,10,21,1202724,0,0
mcts_distilled_final,False,12,21,1202725,1,0
mcts_distilled_final,False,6,21,1202726,0,0
mcts_distilled_final,False,10,21,1202727,0,0
mcts_distilled_final,False,12,21,1202728,1,0
mcts_distilled_final,False,10,21,1202729,0,0
mcts_distilled_final,False,16,21,1202730,1,1
mcts_distilled_final,False,14,21,1202731,1,1
mcts_distilled_final,False,12,21,1202732,1,0
mcts_distilled_final,False,8,21,1202733,0,0
mcts_distilled_final,False,12,21,1202734,1,0
mcts_distilled_final,False,14,21,1202735,1,1
mcts_distilled_final,False,12,21,1202736,1,0
mcts_distilled_final,False,12,21,1202737,1,0
mcts_distilled_final,False,14,21,1202738,1,1
mcts_distilled_final,False,8,21,1202739,0,0
mcts_distilled_final,False,12,21,1202740,1,0
mcts_distilled_final,False,10,21,1202741,0,0
mcts_distilled_final,False,16,21,1202742,1,1
mcts_distilled_final,False,12,21,1202743,1,0
mcts_distilled_final,False,10,21,1202744,0,0
mcts_distilled_final,False,12,21,1202745,1,0
mcts_distilled_final,False,14,21,1202746,1,1
mcts_distilled_final,False,10,21,1202747,0,0
mcts_distilled_final,False,10,21,1202748,0,0
mcts_distilled_final,False,14,21,1202749,1,1
mcts_distilled_final,False,12,21,1202750,1,0
mcts_distilled_final,False,10,21,1202751,0,0
mcts_distilled_final,False,18,21,1202752,1,1
mcts_distilled_final,False,14,21,1202753,1,1
mcts_distilled_final,False,14,21,1202754,1,1
mcts_distilled_final,False,16,21,1202755,1,1
mcts_distilled_final,False,14,21,1202756,1,1
mcts_distilled_final,False,10,21,1202757,0,0
mcts_distilled_final,False,10,21,1202758,0,0
mcts_distilled_final,False,8,21,1202759,0,0
mcts_distilled_final,False,8,21,1202760,0,0
mcts_distilled_final,False,4,21,1202761,0,0
mcts_distilled_final,False,12,21,1202762,1,0
mcts_distilled_final,False,12,21,1202763,1,0
mcts_distilled_final,False,10,21,1202764,0,0
mcts_distilled_final,False,14,21,1202765,1,1
mcts_distilled_final,False,8,21,1202766,0,0
mcts_distilled_final,False,14,21,1202767,1,1
mcts_distilled_final,False,14,21,1202768,1,1
mcts_distilled_final,False,12,21,1202769,1,0
mcts_distilled_final,False,10,21,1202770,0,0
mcts_distilled_final,False,12,21,1202771,1,0
mcts_distilled_final,False,10,21,1202772,0,0
mcts_distilled_final,False,10,21,1202773,0,0
mcts_distilled_final,False,12,21,1202774,1,0
mcts_distilled_final,False,6,21,1202775,0,0
mcts_distilled_final,False,12,21,1202776,1,0
mcts_distilled_final,False,14,21,1202777,1,1
mcts_distilled_final,False,10,21,1202778,0,0
mcts_distilled_final,False,10,21,1202779,0,0
mcts_distilled_final,False,14,21,1202780,1,1
mcts_distilled_final,False,12,21,1202781,1,0
mcts_distilled_final,False,16,21,1202782,1,1
mcts_distilled_final,False,14,21,1202783,1,1
mcts_distilled_final,False,10,21,1202784,0,0
mcts_distilled_final,False,12,21,1202785,1,0
mcts_distilled_final,False,12,21,1202786,1,0
mcts_distilled_final,False,12,21,1202787,1,0
mcts_distilled_final,False,12,21,1202788,1,0
mcts_distilled_final,False,12,21,1202789,1,0
mcts_distilled_final,False,6,21,1202790,0,0
mcts_distilled_final,False,12,21,1202791,1,0
mcts_distilled_final,False,14,21,1202792,1,1
mcts_distilled_final,False,6,21,1202793,0,0
mcts_distilled_final,False,10,21,1202794,0,0
mcts_distilled_final,False,12,21,1202795,1,0
mcts_distilled_final,False,12,21,1202796,1,0
mcts_distilled_final,False,6,21,1202797,0,0
mcts_distilled_final,False,16,21,1202798,1,1
mcts_distilled_final,False,14,21,1202799,1,1
mcts_distilled_final,False,14,21,1202800,1,1
mcts_distilled_final,False,10,21,1202801,0,0
mcts_distilled_final,False,12,21,1202802,1,0
mcts_distilled_final,False,8,21,1202803,0,0
mcts_distilled_final,False,10,21,1202804,0,0
mcts_distilled_final,False,10,21,1202805,0,0
mcts_distilled_final,False,6,21,1202806,0,0
mcts_distilled_final,False,10,21,1202807,0,0
mcts_distilled_final,False,12,21,1202808,1,0
mcts_distilled_final,False,8,21,1202809,0,0
mcts_distilled_final,False,16,21,1202810,1,1
mcts_distilled_final,False,12,21,1202811,1,0
mcts_distilled_final,False,14,21,1202812,1,1
mcts_distilled_final,False,10,21,1202813,0,0
mcts_distilled_final,False,16,21,1202814,1,1
mcts_distilled_final,False,12,21,1202815,1,0
mcts_distilled_final,False,12,21,1202816,1,0
mcts_distilled_final,False,16,21,1202817,1,1
mcts_distilled_final,False,10,21,1202818,0,0
mcts_distilled_final,False,16,21,1202819,1,1
mcts_distilled_final,False,16,21,1202820,1,1
mcts_distilled_final,False,14,21,1202821,1,1
mcts_distilled_final,False,8,21,1202822,0,0
mcts_distilled_final,False,16,21,1202823,1,1
mcts_distilled_final,False,12,21,1202824,1,0
mcts_distilled_final,False,12,21,1202825,1,0
mcts_distilled_final,False,12,21,1202826,1,0
mcts_distilled_final,False,12,21,1202827,1,0
mcts_distilled_final,False,10,21,1202828,0,0
mcts_distilled_final,False,12,21,1202829,1,0
mcts_distilled_final,False,16,21,1202830,1,1
mcts_distilled_final,False,10,21,1202831,0,0
mcts_distilled_final,False,12,21,1202832,1,0
mcts_distilled_final,False,14,21,1202833,1,1
mcts_distilled_final,False,10,21,1202834,0,0
mcts_distilled_final,False,10,21,1202835,0,0
mcts_distilled_final,False,8,21,1202836,0,0
mcts_distilled_final,False,14,21,1202837,1,1
mcts_distilled_final,False,12,21,1202838,1,0
mcts_distilled_final,False,12,21,1202839,1,0
mcts_distilled_final,False,14,21,1202840,1,1
mcts_distilled_final,False,10,21,1202841,0,0
mcts_distilled_final,False,10,21,1202842,0,0
mcts_distilled_final,False,8,21,1202843,0,0
mcts_distilled_final,False,12,21,1202844,1,0
mcts_distilled_final,False,10,21,1202845,0,0
mcts_distilled_final,False,14,21,1202846,1,1
mcts_distilled_final,False,12,21,1202847,1,0
mcts_distilled_final,False,12,21,1202848,1,0
mcts_distilled_final,False,12,21,1202849,1,0
mcts_distilled_final,False,10,21,1202850,0,0
mcts_distilled_final,False,16,21,1202851,1,1
mcts_distilled_final,False,12,21,1202852,1,0
mcts_distilled_final,False,14,21,1202853,1,1
mcts_distilled_final,False,12,21,1202854,1,0
mcts_distilled_final,False,14,21,1202855,1,1
mcts_distilled_final,False,12,21,1202856,1,0
mcts_distilled_final,False,10,21,1202857,0,0
mcts_distilled_final,False,12,21,1202858,1,0
mcts_distilled_final,False,18,21,1202859,1,1
mcts_distilled_final,False,12,21,1202860,1,0
mcts_distilled_final,False,8,21,1202861,0,0
mcts_distilled_final,False,14,21,1202862,1,1
mcts_distilled_final,False,12,21,1202863,1,0
mcts_distilled_final,False,12,21,1202864,1,0
mcts_distilled_final,False,12,21,1202865,1,0
mcts_distilled_final,False,8,21,1202866,0,0
mcts_distilled_final,False,10,21,1202867,0,0
mcts_distilled_final,False,14,21,1202868,1,1
mcts_distilled_final,False,14,21,1202869,1,1
mcts_distilled_final,False,14,21,1202870,1,1
mcts_distilled_final,False,12,21,1202871,1,0
mcts_distilled_final,False,10,21,1202872,0,0
mcts_distilled_final,False,10,21,1202873,0,0
mcts_distilled_final,False,16,21,1202874,1,1
mcts_distilled_final,False,12,21,1202875,1,0
mcts_distilled_final,False,12,21,1202876,1,0
mcts_distilled_final,False,10,21,1202877,0,0
mcts_distilled_final,False,12,21,1202878,1,0
mcts_distilled_final,False,12,21,1202879,1,0
mcts_distilled_final,False,8,21,1202880,0,0
mcts_distilled_final,False,14,21,1202881,1,1
mcts_distilled_final,False,12,21,1202882,1,0
mcts_distilled_final,False,12,21,1202883,1,0
mcts_distilled_final,False,10,21,1202884,0,0
mcts_distilled_final,False,12,21,1202885,1,0
mcts_distilled_final,False,4,21,1202886,0,0
mcts_distilled_final,False,14,21,1202887,1,1
mcts_distilled_final,False,14,21,1202888,1,1
mcts_distilled_final,False,8,21,1202889,0,0
mcts_distilled_final,False,14,21,1202890,1,1
mcts_distilled_final,False,10,21,1202891,0,0
mcts_distilled_final,False,10,21,1202892,0,0
mcts_distilled_final,False,12,21,1202893,1,0
mcts_distilled_final,False,12,21,1202894,1,0
mcts_distilled_final,False,14,21,1202895,1,1
mcts_distilled_final,False,12,21,1202896,1,0
mcts_distilled_final,False,12,21,1202897,1,0
mcts_distilled_final,False,12,21,1202898,1,0
mcts_distilled_final,False,14,21,1202899,1,1
mcts_distilled_final,False,14,21,1202900,1,1
mcts_distilled_final,False,14,21,1202901,1,1
mcts_distilled_final,False,14,21,1202902,1,1
mcts_distilled_final,False,14,21,1202903,1,1
mcts_distilled_final,False,14,21,1202904,1,1
mcts_distilled_final,False,8,21,1202905,0,0
mcts_distilled_final,False,12,21,1202906,1,0
mcts_distilled_final,False,8,21,1202907,0,0
mcts_distilled_final,False,10,21,1202908,0,0
mcts_distilled_final,False,16,21,1202909,1,1
mcts_distilled_final,False,8,21,1202910,0,0
mcts_distilled_final,False,14,21,1202911,1,1
mcts_distilled_final,False,14,21,1202912,1,1
mcts_distilled_final,False,16,21,1202913,1,1
mcts_distilled_final,False,14,21,1202914,1,1
mcts_distilled_final,False,10,21,1202915,0,0
mcts_distilled_final,False,12,21,1202916,1,0
mcts_distilled_final,False,10,21,1202917,0,0
mcts_distilled_final,False,14,21,1202918,1,1
mcts_distilled_final,False,12,21,1202919,1,0
mcts_distilled_final,False,12,21,1202920,1,0
mcts_distilled_final,False,8,21,1202921,0,0
mcts_distilled_final,False,12,21,1202922,1,0
mcts_distilled_final,False,16,21,1202923,1,1
mcts_distilled_final,False,6,21,1202924,0,0
mcts_distilled_final,False,10,21,1202925,0,0
mcts_distilled_final,False,14,21,1202926,1,1
mcts_distilled_final,False,12,21,1202927,1,0
mcts_distilled_final,False,12,21,1202928,1,0
mcts_distilled_final,False,8,21,1202929,0,0
mcts_distilled_final,False,12,21,1202930,1,0
mcts_distilled_final,False,12,21,1202931,1,0
mcts_distilled_final,False,16,21,1202932,1,1
mcts_distilled_final,False,14,21,1202933,1,1
mcts_distilled_final,False,6,21,1202934,0,0
mcts_distilled_final,False,14,21,1202935,1,1
mcts_distilled_final,False,10,21,1202936,0,0
mcts_distilled_final,False,14,21,1202937,1,1
mcts_distilled_final,False,12,21,1202938,1,0
mcts_distilled_final,False,8,21,1202939,0,0
mcts_distilled_final,False,10,21,1202940,0,0
mcts_distilled_final,True,0,21,1202941,0,0
mcts_distilled_final,False,14,21,1202942,1,1
mcts_distilled_final,False,10,21,1202943,0,0
mcts_distilled_final,False,10,21,1202944,0,0
mcts_distilled_final,False,12,21,1202945,1,0
mcts_distilled_final,False,12,21,1202946,1,0
mcts_distilled_final,False,10,21,1202947,0,0
mcts_distilled_final,False,16,21,1202948,1,1
mcts_distilled_final,False,8,21,1202949,0,0
mcts_distilled_final,False,12,21,1202950,1,0
mcts_distilled_final,False,8,21,1202951,0,0
mcts_distilled_final,False,16,21,1202952,1,1
mcts_distilled_final,False,8,21,1202953,0,0
mcts_distilled_final,False,12,21,1202954,1,0
mcts_distilled_final,False,12,21,1202955,1,0
mcts_distilled_final,False,10,21,1202956,0,0
mcts_distilled_final,False,16,21,1202957,1,1
mcts_distilled_final,False,10,21,1202958,0,0
mcts_distilled_final,False,14,21,1202959,1,1
mcts_distilled_final,False,14,21,1202960,1,1
mcts_distilled_final,False,14,21,1202961,1,1
mcts_distilled_final,False,8,21,1202962,0,0
mcts_distilled_final,False,12,21,1202963,1,0
mcts_distilled_final,False,12,21,1202964,1,0
mcts_distilled_final,False,8,21,1202965,0,0
mcts_distilled_final,False,10,21,1202966,0,0
mcts_distilled_final,False,12,21,1202967,1,0
mcts_distilled_final,False,14,21,1202968,1,1
mcts_distilled_final,False,14,21,1202969,1,1
mcts_distilled_final,False,12,21,1202970,1,0
mcts_distilled_final,False,8,21,1202971,0,0
mcts_distilled_final,False,16,21,1202972,1,1
mcts_distilled_final,False,12,21,1202973,1,0
mcts_distilled_final,False,16,21,1202974,1,1
mcts_distilled_final,False,14,21,1202975,1,1
mcts_distilled_final,False,10,21,1202976,0,0
mcts_distilled_final,False,12,21,1202977,1,0
mcts_distilled_final,False,10,21,1202978,0,0
mcts_distilled_final,False,12,21,1202979,1,0
mcts_distilled_final,False,12,21,1202980,1,0
mcts_distilled_final,False,12,21,1202981,1,0
mcts_distilled_final,False,14,21,1202982,1,1
mcts_distilled_final,False,14,21,1202983,1,1
mcts_distilled_final,False,12,21,1202984,1,0
mcts_distilled_final,False,14,21,1202985,1,1
mcts_distilled_final,False,8,21,1202986,0,0
mcts_distilled_final,False,14,21,1202987,1,1
mcts_distilled_final,False,12,21,1202988,1,0
mcts_distilled_final,False,10,21,1202989,0,0
mcts_distilled_final,False,10,21,1202990,0,0
mcts_distilled_final,False,10,21,1202991,0,0
mcts_distilled_final,False,16,21,1202992,1,1
mcts_distilled_final,False,12,21,1202993,1,0
mcts_distilled_final,False,8,21,1202994,0,0
mcts_distilled_final,False,16,21,1202995,1,1
mcts_distilled_final,False,10,21,1202996,0,0
mcts_distilled_final,False,8,21,1202997,0,0
mcts_distilled_final,False,12,21,1202998,1,0
mcts_distilled_final,False,10,21,1202999,0,0
mcts_distilled_final,False,12,21,1203000,1,0
mcts_distilled_final,False,10,21,1203001,0,0
mcts_distilled_final,False,18,21,1203002,1,1
mcts_distilled_final,False,10,21,1203003,0,0
mcts_distilled_final,False,8,21,1203004,0,0
mcts_distilled_final,False,12,21,1203005,1,0
mcts_distilled_final,False,8,21,1203006,0,0
mcts_distilled_final,False,6,21,1203007,0,0
mcts_distilled_final,False,12,21,1203008,1,0
mcts_distilled_final,False,10,21,1203009,0,0
mcts_distilled_final,False,12,21,1203010,1,0
mcts_distilled_final,False,16,21,1203011,1,1
mcts_distilled_final,False,12,21,1203012,1,0
mcts_distilled_final,False,12,21,1203013,1,0
mcts_distilled_final,False,8,21,1203014,0,0
mcts_distilled_final,False,10,21,1203015,0,0
mcts_distilled_final,False,8,21,1203016,0,0
mcts_distilled_final,False,10,21,1203017,0,0
mcts_distilled_final,False,14,21,1203018,1,1
mcts_distilled_final,False,10,21,1203019,0,0
mcts_distilled_final,False,10,21,1203020,0,0
mcts_distilled_final,False,12,21,1203021,1,0
mcts_distilled_final,False,14,21,1203022,1,1
mcts_distilled_final,False,10,21,1203023,0,0
mcts_distilled_final,False,10,21,1203024,0,0
mcts_distilled_final,False,14,21,1203025,1,1
mcts_distilled_final,False,14,21,1203026,1,1
mcts_distilled_final,False,12,21,1203027,1,0
mcts_distilled_final,False,10,21,1203028,0,0
mcts_distilled_final,False,8,21,1203029,0,0
mcts_distilled_final,False,12,21,1203030,1,0
mcts_distilled_final,False,12,21,1203031,1,0
mcts_distilled_final,False,8,21,1203032,0,0
mcts_distilled_final,False,10,21,1203033,0,0
mcts_distilled_final,False,12,21,1203034,1,0
mcts_distilled_final,False,10,21,1203035,0,0
mcts_distilled_final,False,12,21,1203036,1,0
mcts_distilled_final,False,12,21,1203037,1,0
mcts_distilled_final,False,12,21,1203038,1,0
mcts_distilled_final,False,12,21,1203039,1,0
mcts_distilled_final,False,12,21,1203040,1,0
mcts_distilled_final,False,12,21,1203041,1,0
mcts_distilled_final,False,8,21,1203042,0,0
mcts_distilled_final,False,10,21,1203043,0,0
mcts_distilled_final,False,12,21,1203044,1,0
mcts_distilled_final,False,14,21,1203045,1,1
mcts_distilled_final,False,6,21,1203046,0,0
mcts_distilled_final,False,10,21,1203047,0,0
mcts_distilled_final,False,10,21,1203048,0,0
mcts_distilled_final,False,8,21,1203049,0,0
mcts_distilled_final,False,10,21,1203050,0,0
mcts_distilled_final,False,8,21,1203051,0,0
mcts_distilled_final,False,12,21,1203052,1,0
mcts_distilled_final,False,12,21,1203053,1,0
mcts_distilled_final,False,10,21,1203054,0,0
mcts_distilled_final,False,10,21,1203055,0,0
mcts_distilled_final,False,14,21,1203056,1,1
mcts_distilled_final,False,12,21,1203057,1,0
mcts_distilled_final,False,12,21,1203058,1,0
mcts_distilled_final,False,8,21,1203059,0,0
mcts_distilled_final,False,12,21,1203060,1,0
mcts_distilled_final,False,10,21,1203061,0,0
mcts_distilled_final,False,6,21,1203062,0,0
mcts_distilled_final,False,10,21,1203063,0,0
mcts_distilled_final,False,10,21,1203064,0,0
mcts_distilled_final,False,10,21,1203065,0,0
mcts_distilled_final,False,10,21,1203066,0,0
mcts_distilled_final,False,14,21,1203067,1,1
mcts_distilled_final,False,16,21,1203068,1,1
mcts_distilled_final,False,14,21,1203069,1,1
mcts_distilled_final,False,10,21,1203070,0,0
mcts_distilled_final,False,16,21,1203071,1,1
mcts_distilled_final,False,14,21,1203072,1,1
mcts_distilled_final,False,10,21,1203073,0,0
mcts_distilled_final,False,14,21,1203074,1,1
mcts_distilled_final,False,14,21,1203075,1,1
mcts_distilled_final,False,12,21,1203076,1,0
mcts_distilled_final,False,10,21,1203077,0,0
mcts_distilled_final,False,14,21,1203078,1,1
mcts_distilled_final,False,12,21,1203079,1,0
mcts_distilled_final,False,8,21,1203080,0,0
mcts_distilled_final,False,6,21,1203081,0,0
mcts_distilled_final,False,12,21,1203082,1,0
mcts_distilled_final,False,10,21,1203083,0,0
mcts_distilled_final,False,12,21,1203084,1,0
mcts_distilled_final,False,8,21,1203085,0,0
mcts_distilled_final,False,14,21,1203086,1,1
mcts_distilled_final,False,16,21,1203087,1,1
mcts_distilled_final,False,14,21,1203088,1,1
mcts_distilled_final,False,8,21,1203089,0,0
mcts_distilled_final,False,12,21,1203090,1,0
mcts_distilled_final,False,12,21,1203091,1,0
mcts_distilled_final,False,10,21,1203092,0,0
mcts_distilled_final,False,14,21,1203093,1,1
mcts_distilled_final,False,14,21,1203094,1,1
mcts_distilled_final,False,14,21,1203095,1,1
mcts_distilled_final,False,12,21,1203096,1,0
mcts_distilled_final,False,10,21,1203097,0,0
mcts_distilled_final,False,10,21,1203098,0,0
mcts_distilled_final,False,16,21,1203099,1,1
mcts_distilled_final,False,10,21,1203100,0,0
mcts_distilled_final,False,10,21,1203101,0,0
mcts_distilled_final,False,10,21,1203102,0,0
mcts_distilled_final,False,12,21,1203103,1,0
mcts_distilled_final,False,14,21,1203104,1,1
mcts_distilled_final,False,10,21,1203105,0,0
mcts_distilled_final,False,10,21,1203106,0,0
mcts_distilled_final,False,10,21,1203107,0,0
mcts_distilled_final,False,12,21,1203108,1,0
mcts_distilled_final,False,12,21,1203109,1,0
mcts_distilled_final,False,12,21,1203110,1,0
mcts_distilled_final,False,8,21,1203111,0,0
mcts_distilled_final,False,14,21,1203112,1,1
mcts_distilled_final,False,10,21,1203113,0,0
mcts_distilled_final,False,10,21,1203114,0,0
mcts_distilled_final,False,12,21,1203115,1,0
mcts_distilled_final,False,8,21,1203116,0,0
mcts_distilled_final,False,6,21,1203117,0,0
mcts_distilled_final,False,14,21,1203118,1,1
mcts_distilled_final,False,16,21,1203119,1,1
mcts_distilled_final,False,12,21,1203120,1,0
mcts_distilled_final,False,10,21,1203121,0,0
mcts_distilled_final,False,14,21,1203122,1,1
mcts_distilled_final,False,10,21,1203123,0,0
mcts_distilled_final,False,14,21,1203124,1,1
mcts_distilled_final,False,8,21,1203125,0,0
mcts_distilled_final,False,14,21,1203126,1,1
mcts_distilled_final,False,16,21,1203127,1,1
mcts_distilled_final,False,16,21,1203128,1,1
mcts_distilled_final,False,12,21,1203129,1,0
mcts_distilled_final,False,10,21,1203130,0,0
mcts_distilled_final,False,8,21,1203131,0,0
mcts_distilled_final,False,14,21,1203132,1,1
mcts_distilled_final,False,12,21,1203133,1,0
mcts_distilled_final,False,14,21,1203134,1,1
mcts_distilled_final,False,14,21,1203135,1,1
mcts_distilled_final,False,6,21,1203136,0,0
mcts_distilled_final,False,10,21,1203137,0,0
mcts_distilled_final,False,12,21,1203138,1,0
mcts_distilled_final,False,10,21,1203139,0,0
mcts_distilled_final,False,14,21,1203140,1,1
mcts_distilled_final,False,10,21,1203141,0,0
mcts_distilled_final,False,12,21,1203142,1,0
mcts_distilled_final,False,6,21,1203143,0,0
mcts_distilled_final,False,14,21,1203144,1,1
mcts_distilled_final,False,8,21,1203145,0,0
mcts_distilled_final,False,10,21,1203146,0,0
mcts_distilled_final,False,12,21,1203147,1,0
mcts_distilled_final,False,12,21,1203148,1,0
mcts_distilled_final,False,8,21,1203149,0,0
mcts_distilled_final,False,10,21,1203150,0,0
mcts_distilled_final,False,12,21,1203151,1,0
mcts_distilled_final,False,12,21,1203152,1,0
mcts_distilled_final,False,14,21,1203153,1,1
mcts_distilled_final,False,12,21,1203154,1,0
mcts_distilled_final,False,14,21,1203155,1,1
mcts_distilled_final,False,12,21,1203156,1,0
mcts_distilled_final,False,12,21,1203157,1,0
mcts_distilled_final,False,10,21,1203158,0,0
mcts_distilled_final,False,10,21,1203159,0,0
mcts_distilled_final,False,14,21,1203160,1,1
mcts_distilled_final,False,12,21,1203161,1,0
mcts_distilled_final,False,18,21,1203162,1,1
mcts_distilled_final,False,6,21,1203163,0,0
mcts_distilled_final,False,14,21,1203164,1,1
mcts_distilled_final,False,14,21,1203165,1,1
mcts_distilled_final,False,14,21,1203166,1,1
mcts_distilled_final,False,14,21,1203167,1,1
mcts_distilled_final,False,8,21,1203168,0,0
mcts_distilled_final,False,12,21,1203169,1,0
mcts_distilled_final,False,12,21,1203170,1,0
mcts_distilled_final,True,0,21,1203171,0,0
mcts_distilled_final,False,10,21,1203172,0,0
mcts_distilled_final,False,12,21,1203173,1,0
mcts_distilled_final,False,12,21,1203174,1,0
mcts_distilled_final,False,12,21,1203175,1,0
mcts_distilled_final,False,10,21,1203176,0,0
mcts_distilled_final,False,12,21,1203177,1,0
mcts_distilled_final,False,10,21,1203178,0,0
mcts_distilled_final,False,8,21,1203179,0,0
mcts_distilled_final,False,14,21,1203180,1,1
mcts_distilled_final,False,8,21,1203181,0,0
mcts_distilled_final,False,12,21,1203182,1,0
mcts_distilled_final,False,12,21,1203183,1,0
mcts_distilled_final,False,8,21,1203184,0,0
mcts_distilled_final,False,12,21,1203185,1,0
mcts_distilled_final,False,12,21,1203186,1,0
mcts_distilled_final,False,12,21,1203187,1,0
mcts_distilled_final,False,10,21,1203188,0,0
mcts_distilled_final,False,14,21,1203189,1,1
mcts_distilled_final,False,12,21,1203190,1,0
mcts_distilled_final,False,10,21,1203191,0,0
mcts_distilled_final,False,14,21,1203192,1,1
mcts_distilled_final,False,12,21,1203193,1,0
mcts_distilled_final,False,16,21,1203194,1,1
mcts_distilled_final,False,12,21,1203195,1,0
mcts_distilled_final,False,14,21,1203196,1,1
mcts_distilled_final,False,12,21,1203197,1,0
mcts_distilled_final,False,10,21,1203198,0,0
mcts_distilled_final,False,8,21,1203199,0,0
mcts_distilled_final,False,12,21,1203200,1,0
mcts_distilled_final,False,14,21,1203201,1,1
mcts_distilled_final,False,12,21,1203202,1,0
mcts_distilled_final,False,10,21,1203203,0,0
mcts_distilled_final,False,16,21,1203204,1,1
mcts_distilled_final,False,6,21,1203205,0,0
mcts_distilled_final,False,16,21,1203206,1,1
mcts_distilled_final,False,10,21,1203207,0,0
mcts_distilled_final,False,8,21,1203208,0,0
mcts_distilled_final,False,10,21,1203209,0,0
mcts_distilled_final,False,6,21,1203210,0,0
mcts_distilled_final,False,14,21,1203211,1,1
mcts_distilled_final,False,8,21,1203212,0,0
mcts_distilled_final,False,14,21,1203213,1,1
mcts_distilled_final,False,12,21,1203214,1,0
mcts_distilled_final,False,10,21,1203215,0,0
mcts_distilled_final,False,12,21,1203216,1,0
mcts_distilled_final,False,10,21,1203217,0,0
mcts_distilled_final,False,12,21,1203218,1,0
mcts_distilled_final,False,10,21,1203219,0,0
mcts_distilled_final,False,14,21,1203220,1,1
mcts_distilled_final,False,14,21,1203221,1,1
mcts_distilled_final,False,14,21,1203222,1,1
mcts_distilled_final,False,12,21,1203223,1,0
mcts_distilled_final,False,14,21,1203224,1,1
mcts_distilled_final,False,6,21,1203225,0,0
mcts_distilled_final,False,12,21,1203226,1,0
mcts_distilled_final,False,14,21,1203227,1,1
mcts_distilled_final,False,12,21,1203228,1,0
mcts_distilled_final,False,8,21,1203229,0,0
mcts_distilled_final,False,12,21,1203230,1,0
mcts_distilled_final,False,8,21,1203231,0,0
mcts_distilled_final,False,14,21,1203232,1,1
mcts_distilled_final,False,10,21,1203233,0,0
mcts_distilled_final,False,10,21,1203234,0,0
mcts_distilled_final,False,10,21,1203235,0,0
mcts_distilled_final,False,10,21,1203236,0,0
mcts_distilled_final,False,12,21,1203237,1,0
mcts_distilled_final,False,12,21,1203238,1,0
mcts_distilled_final,False,14,21,1203239,1,1
mcts_distilled_final,False,14,21,1203240,1,1
mcts_distilled_final,False,10,21,1203241,0,0
mcts_distilled_final,False,12,21,1203242,1,0
mcts_distilled_final,False,10,21,1203243,0,0
mcts_distilled_final,False,8,21,1203244,0,0
mcts_distilled_final,False,12,21,1203245,1,0
mcts_distilled_final,False,10,21,1203246,0,0
mcts_distilled_final,False,12,21,1203247,1,0
mcts_distilled_final,False,12,21,1203248,1,0
mcts_distilled_final,False,12,21,1203249,1,0
mcts_distilled_final,False,12,21,1203250,1,0
mcts_distilled_final,False,12,21,1203251,1,0
mcts_distilled_final,False,14,21,1203252,1,1
mcts_distilled_final,False,14,21,1203253,1,1
mcts_distilled_final,False,16,21,1203254,1,1
mcts_distilled_final,False,8,21,1203255,0,0
mcts_distilled_final,False,6,21,1203256,0,0
mcts_distilled_final,False,10,21,1203257,0,0
mcts_distilled_final,True,0,21,1203258,0,0
mcts_distilled_final,False,10,21,1203259,0,0
mcts_distilled_final,False,14,21,1203260,1,1
mcts_distilled_final,False,10,21,1203261,0,0
mcts_distilled_final,False,14,21,1203262,1,1
mcts_distilled_final,False,6,21,1203263,0,0
mcts_distilled_final,False,14,21,1203264,1,1
mcts_distilled_final,False,12,21,1203265,1,0
mcts_distilled_final,False,10,21,1203266,0,0
mcts_distilled_final,False,12,21,1203267,1,0
mcts_distilled_final,False,10,21,1203268,0,0
mcts_distilled_final,False,12,21,1203269,1,0
mcts_distilled_final,False,12,21,1203270,1,0
mcts_distilled_final,False,14,21,1203271,1,1
mcts_distilled_final,False,14,21,1203272,1,1
mcts_distilled_final,False,14,21,1203273,1,1
mcts_distilled_final,False,12,21,1203274,1,0
mcts_distilled_final,False,12,21,1203275,1,0
mcts_distilled_final,False,12,21,1203276,1,0
mcts_distilled_final,False,12,21,1203277,1,0
mcts_distilled_final,False,12,21,1203278,1,0
mcts_distilled_final,False,12,21,1203279,1,0
mcts_distilled_final,False,10,21,1203280,0,0
mcts_distilled_final,False,6,21,1203281,0,0
mcts_distilled_final,False,10,21,1203282,0,0
mcts_distilled_final,False,14,21,1203283,1,1
mcts_distilled_final,False,10,21,1203284,0,0
mcts_distilled_final,False,10,21,1203285,0,0
mcts_distilled_final,False,12,21,1203286,1,0
mcts_distilled_final,False,10,21,1203287,0,0
mcts_distilled_final,False,10,21,1203288,0,0
mcts_distilled_final,False,12,21,1203289,1,0
mcts_distilled_final,False,16,21,1203290,1,1
mcts_distilled_final,False,12,21,1203291,1,0
mcts_distilled_final,False,12,21,1203292,1,0
mcts_distilled_final,False,8,21,1203293,0,0
mcts_distilled_final,False,12,21,1203294,1,0
mcts_distilled_final,False,12,21,1203295,1,0
mcts_distilled_final,False,8,21,1203296,0,0
mcts_distilled_final,False,14,21,1203297,1,1
mcts_distilled_final,False,8,21,1203298,0,0
mcts_distilled_final,False,8,21,1203299,0,0
mcts_distilled_final,False,8,21,1203300,0,0
mcts_distilled_final,False,14,21,1203301,1,1
mcts_distilled_final,False,8,21,1203302,0,0
mcts_distilled_final,False,14,21,1203303,1,1
mcts_distilled_final,False,12,21,1203304,1,0
mcts_distilled_final,False,12,21,1203305,1,0
mcts_distilled_final,False,10,21,1203306,0,0
mcts_distilled_final,False,14,21,1203307,1,1
mcts_distilled_final,False,12,21,1203308,1,0
mcts_distilled_final,False,10,21,1203309,0,0
mcts_distilled_final,False,10,21,1203310,0,0
mcts_distilled_final,False,14,21,1203311,1,1
mcts_distilled_final,False,10,21,1203312,0,0
mcts_distilled_final,False,14,21,1203313,1,1
mcts_distilled_final,False,14,21,1203314,1,1
mcts_distilled_final,False,12,21,1203315,1,0
mcts_distilled_final,False,14,21,1203316,1,1
mcts_distilled_final,False,10,21,1203317,0,0
mcts_distilled_final,False,16,21,1203318,1,1
mcts_distilled_final,False,12,21,1203319,1,0
mcts_distilled_final,False,10,21,1203320,0,0
mcts_distilled_final,False,12,21,1203321,1,0
mcts_distilled_final,False,16,21,1203322,1,1
mcts_distilled_final,False,12,21,1203323,1,0
mcts_distilled_final,False,12,21,1203324,1,0
mcts_distilled_final,False,12,21,1203325,1,0
mcts_distilled_final,False,12,21,1203326,1,0
mcts_distilled_final,False,14,21,1203327,1,1
mcts_distilled_final,False,14,21,1203328,1,1
mcts_distilled_final,False,14,21,1203329,1,1
mcts_distilled_final,False,12,21,1203330,1,0
mcts_distilled_final,False,10,21,1203331,0,0
mcts_distilled_final,False,10,21,1203332,0,0
mcts_distilled_final,False,12,21,1203333,1,0
mcts_distilled_final,False,12,21,1203334,1,0
mcts_distilled_final,False,14,21,1203335,1,1
mcts_distilled_final,False,12,21,1203336,1,0
mcts_distilled_final,False,14,21,1203337,1,1
mcts_distilled_final,False,8,21,1203338,0,0
mcts_distilled_final,False,10,21,1203339,0,0
mcts_distilled_final,False,12,21,1203340,1,0
mcts_distilled_final,False,10,21,1203341,0,0
mcts_distilled_final,False,10,21,1203342,0,0
mcts_distilled_final,False,10,21,1203343,0,0
mcts_distilled_final,False,10,21,1203344,0,0
mcts_distilled_final,False,12,21,1203345,1,0
mcts_distilled_final,False,14,21,1203346,1,1
mcts_distilled_final,False,12,21,1203347,1,0
mcts_distilled_final,False,14,21,1203348,1,1
mcts_distilled_final,False,14,21,1203349,1,1
mcts_distilled_final,False,10,21,1203350,0,0
mcts_distilled_final,False,14,21,1203351,1,1
mcts_distilled_final,False,16,21,1203352,1,1
mcts_distilled_final,False,10,21,1203353,0,0
mcts_distilled_final,False,10,21,1203354,0,0
mcts_distilled_final,False,14,21,1203355,1,1
mcts_distilled_final,False,10,21,1203356,0,0
mcts_distilled_final,False,18,21,1203357,1,1
mcts_distilled_final,False,16,21,1203358,1,1
mcts_distilled_final,False,8,21,1203359,0,0
mcts_distilled_final,False,12,21,1203360,1,0
mcts_distilled_final,False,12,21,1203361,1,0
mcts_distilled_final,False,12,21,1203362,1,0
mcts_distilled_final,False,8,21,1203363,0,0
mcts_distilled_final,False,10,21,1203364,0,0
mcts_distilled_final,False,10,21,1203365,0,0
mcts_distilled_final,False,14,21,1203366,1,1
mcts_distilled_final,False,12,21,1203367,1,0
mcts_distilled_final,False,8,21,1203368,0,0
mcts_distilled_final,False,12,21,1203369,1,0
mcts_distilled_final,False,10,21,1203370,0,0
mcts_distilled_final,False,14,21,1203371,1,1
mcts_distilled_final,False,10,21,1203372,0,0
mcts_distilled_final,False,12,21,1203373,1,0
mcts_distilled_final,False,16,21,1203374,1,1
mcts_distilled_final,False,12,21,1203375,1,0
mcts_distilled_final,False,10,21,1203376,0,0
mcts_distilled_final,False,16,21,1203377,1,1
mcts_distilled_final,False,12,21,1203378,1,0
mcts_distilled_final,False,10,21,1203379,0,0
mcts_distilled_final,False,10,21,1203380,0,0
mcts_distilled_final,False,10,21,1203381,0,0
mcts_distilled_final,False,14,21,1203382,1,1
mcts_distilled_final,False,10,21,1203383,0,0
mcts_distilled_final,False,10,21,1203384,0,0
mcts_distilled_final,False,10,21,1203385,0,0
mcts_distilled_final,True,0,21,1203386,0,0
mcts_distilled_final,False,6,21,1203387,0,0
mcts_distilled_final,False,10,21,1203388,0,0
mcts_distilled_final,False,12,21,1203389,1,0
mcts_distilled_final,False,12,21,1203390,1,0
mcts_distilled_final,False,10,21,1203391,0,0
mcts_distilled_final,False,10,21,1203392,0,0
mcts_distilled_final,False,10,21,1203393,0,0
mcts_distilled_final,False,14,21,1203394,1,1
mcts_distilled_final,False,14,21,1203395,1,1
mcts_distilled_final,False,8,21,1203396,0,0
mcts_distilled_final,False,8,21,1203397,0,0
mcts_distilled_final,False,14,21,1203398,1,1
mcts_distilled_final,False,14,21,1203399,1,1
mcts_distilled_final,False,10,21,1203400,0,0
mcts_distilled_final,False,14,21,1203401,1,1
mcts_distilled_final,False,6,21,1203402,0,0
mcts_distilled_final,False,8,21,1203403,0,0
mcts_distilled_final,False,8,21,1203404,0,0
mcts_distilled_final,False,12,21,1203405,1,0
mcts_distilled_final,False,10,21,1203406,0,0
mcts_distilled_final,False,12,21,1203407,1,0
mcts_distilled_final,False,10,21,1203408,0,0
mcts_distilled_final,False,16,21,1203409,1,1
mcts_distilled_final,False,6,21,1203410,0,0
mcts_distilled_final,False,10,21,1203411,0,0
mcts_distilled_final,False,16,21,1203412,1,1
mcts_distilled_final,False,12,21,1203413,1,0
mcts_distilled_final,False,12,21,1203414,1,0
mcts_distilled_final,False,10,21,1203415,0,0
mcts_distilled_final,False,14,21,1203416,1,1
mcts_distilled_final,True,0,21,1203417,0,0
mcts_distilled_final,False,6,21,1203418,0,0
mcts_distilled_final,False,14,21,1203419,1,1
mcts_distilled_final,False,10,21,1203420,0,0
mcts_distilled_final,False,12,21,1203421,1,0
mcts_distilled_final,False,14,21,1203422,1,1
mcts_distilled_final,False,16,21,1203423,1,1
mcts_distilled_final,False,12,21,1203424,1,0
mcts_distilled_final,False,8,21,1203425,0,0
mcts_distilled_final,False,12,21,1203426,1,0
mcts_distilled_final,False,10,21,1203427,0,0
mcts_distilled_final,False,8,21,1203428,0,0
mcts_distilled_final,False,14,21,1203429,1,1
mcts_distilled_final,False,12,21,1203430,1,0
mcts_distilled_final,False,8,21,1203431,0,0
mcts_distilled_final,False,14,21,1203432,1,1
mcts_distilled_final,False,14,21,1203433,1,1
mcts_distilled_final,False,10,21,1203434,0,0
mcts_distilled_final,False,10,21,1203435,0,0
mcts_distilled_final,False,10,21,1203436,0,0
mcts_distilled_final,False,14,21,1203437,1,1
mcts_distilled_final,False,12,21,1203438,1,0
mcts_distilled_final,False,10,21,1203439,0,0
mcts_distilled_final,False,12,21,1203440,1,0
mcts_distilled_final,False,14,21,1203441,1,1
mcts_distilled_final,False,10,21,1203442,0,0
mcts_distilled_final,False,12,21,1203443,1,0
mcts_distilled_final,False,4,21,1203444,0,0
mcts_distilled_final,False,8,21,1203445,0,0
mcts_distilled_final,False,10,21,1203446,0,0
mcts_distilled_final,False,12,21,1203447,1,0
mcts_distilled_final,False,14,21,1203448,1,1
mcts_distilled_final,False,14,21,1203449,1,1
mcts_distilled_final,False,14,21,1203450,1,1
mcts_distilled_final,False,10,21,1203451,0,0
mcts_distilled_final,False,12,21,1203452,1,0
mcts_distilled_final,False,16,21,1203453,1,1
mcts_distilled_final,False,10,21,1203454,0,0
mcts_distilled_final,False,10,21,1203455,0,0
mcts_distilled_final,False,8,21,1203456,0,0
mcts_distilled_final,False,10,21,1203457,0,0
mcts_distilled_final,False,8,21,1203458,0,0
mcts_distilled_final,False,16,21,1203459,1,1
mcts_distilled_final,False,16,21,1203460,1,1
mcts_distilled_final,False,14,21,1203461,1,1
mcts_distilled_final,False,14,21,1203462,1,1
mcts_distilled_final,False,12,21,1203463,1,0
mcts_distilled_final,False,14,21,1203464,1,1
mcts_distilled_final,False,12,21,1203465,1,0
mcts_distilled_final,False,12,21,1203466,1,0
mcts_distilled_final,False,14,21,1203467,1,1
mcts_distilled_final,False,6,21,1203468,0,0
mcts_distilled_final,False,12,21,1203469,1,0
mcts_distilled_final,False,14,21,1203470,1,1
mcts_distilled_final,False,12,21,1203471,1,0
mcts_distilled_final,False,14,21,1203472,1,1
mcts_distilled_final,False,14,21,1203473,1,1
mcts_distilled_final,False,12,21,1203474,1,0
mcts_distilled_final,False,16,21,1203475,1,1
mcts_distilled_final,False,12,21,1203476,1,0
mcts_distilled_final,False,14,21,1203477,1,1
mcts_distilled_final,False,6,21,1203478,0,0
mcts_distilled_final,False,14,21,1203479,1,1
mcts_distilled_final,False,4,21,1203480,0,0
mcts_distilled_final,False,8,21,1203481,0,0
mcts_distilled_final,False,10,21,1203482,0,0
mcts_distilled_final,False,14,21,1203483,1,1
mcts_distilled_final,False,4,21,1203484,0,0
mcts_distilled_final,False,14,21,1203485,1,1
mcts_distilled_final,False,14,21,1203486,1,1
mcts_distilled_final,False,14,21,1203487,1,1
mcts_distilled_final,False,6,21,1203488,0,0
mcts_distilled_final,False,14,21,1203489,1,1
mcts_distilled_final,False,12,21,1203490,1,0
mcts_distilled_final,False,14,21,1203491,1,1
mcts_distilled_final,False,12,21,1203492,1,0
mcts_distilled_final,False,12,21,1203493,1,0
mcts_distilled_final,False,14,21,1203494,1,1
mcts_distilled_final,False,14,21,1203495,1,1
mcts_distilled_final,False,14,21,1203496,1,1
mcts_distilled_final,False,14,21,1203497,1,1
mcts_distilled_final,False,8,21,1203498,0,0
mcts_distilled_final,False,12,21,1203499,1,0
mcts_distilled_final,False,12,21,1203500,1,0
mcts_distilled_final,False,10,21,1203501,0,0
mcts_distilled_final,False,14,21,1203502,1,1
mcts_distilled_final,False,10,21,1203503,0,0
mcts_distilled_final,False,10,21,1203504,0,0
mcts_distilled_final,False,12,21,1203505,1,0
mcts_distilled_final,False,10,21,1203506,0,0
mcts_distilled_final,False,8,21,1203507,0,0
mcts_distilled_final,False,14,21,1203508,1,1
mcts_distilled_final,False,10,21,1203509,0,0
mcts_distilled_final,False,8,21,1203510,0,0
mcts_distilled_final,False,16,21,1203511,1,1
mcts_distilled_final,False,10,21,1203512,0,0
mcts_distilled_final,False,10,21,1203513,0,0
mcts_distilled_final,False,10,21,1203514,0,0
mcts_distilled_final,False,10,21,1203515,0,0
mcts_distilled_final,False,10,21,1203516,0,0
mcts_distilled_final,False,12,21,1203517,1,0
mcts_distilled_final,False,16,21,1203518,1,1
mcts_distilled_final,False,12,21,1203519,1,0
mcts_distilled_final,False,14,21,1203520,1,1
mcts_distilled_final,False,12,21,1203521,1,0
mcts_distilled_final,False,8,21,1203522,0,0
mcts_distilled_final,False,14,21,1203523,1,1
mcts_distilled_final,False,12,21,1203524,1,0
mcts_distilled_final,False,16,21,1203525,1,1
mcts_distilled_final,False,10,21,1203526,0,0
mcts_distilled_final,False,10,21,1203527,0,0
mcts_distilled_final,False,4,21,1203528,0,0
mcts_distilled_final,False,10,21,1203529,0,0
mcts_distilled_final,False,12,21,1203530,1,0
mcts_distilled_final,False,10,21,1203531,0,0
mcts_distilled_final,False,10,21,1203532,0,0
mcts_distilled_final,False,12,21,1203533,1,0
mcts_distilled_final,False,6,21,1203534,0,0
mcts_distilled_final,False,14,21,1203535,1,1
mcts_distilled_final,False,12,21,1203536,1,0
mcts_distilled_final,False,8,21,1203537,0,0
mcts_distilled_final,False,10,21,1203538,0,0
mcts_distilled_final,False,12,21,1203539,1,0
mcts_distilled_final,False,6,21,1203540,0,0
mcts_distilled_final,False,12,21,1203541,1,0
mcts_distilled_final,False,10,21,1203542,0,0
mcts_distilled_final,False,6,21,1203543,0,0
mcts_distilled_final,False,10,21,1203544,0,0
mcts_distilled_final,False,12,21,1203545,1,0
mcts_distilled_final,False,6,21,1203546,0,0
mcts_distilled_final,False,10,21,1203547,0,0
mcts_distilled_final,False,12,21,1203548,1,0
mcts_distilled_final,False,12,21,1203549,1,0
mcts_distilled_final,False,14,21,1203550,1,1
mcts_distilled_final,False,12,21,1203551,1,0
mcts_distilled_final,False,16,21,1203552,1,1
mcts_distilled_final,False,10,21,1203553,0,0
mcts_distilled_final,False,16,21,1203554,1,1
mcts_distilled_final,False,10,21,1203555,0,0
mcts_distilled_final,False,6,21,1203556,0,0
mcts_distilled_final,False,12,21,1203557,1,0
mcts_distilled_final,False,12,21,1203558,1,0
mcts_distilled_final,False,14,21,1203559,1,1
mcts_distilled_final,False,16,21,1203560,1,1
mcts_distilled_final,False,10,21,1203561,0,0
mcts_distilled_final,False,12,21,1203562,1,0
mcts_distilled_final,False,10,21,1203563,0,0
mcts_distilled_final,False,10,21,1203564,0,0
mcts_distilled_final,False,14,21,1203565,1,1
mcts_distilled_final,False,12,21,1203566,1,0
mcts_distilled_final,False,10,21,1203567,0,0
mcts_distilled_final,False,14,21,1203568,1,1
mcts_distilled_final,False,4,21,1203569,0,0
mcts_distilled_final,False,12,21,1203570,1,0
mcts_distilled_final,False,10,21,1203571,0,0
mcts_distilled_final,False,16,21,1203572,1,1
mcts_distilled_final,False,12,21,1203573,1,0
mcts_distilled_final,False,12,21,1203574,1,0
mcts_distilled_final,False,8,21,1203575,0,0
mcts_distilled_final,False,12,21,1203576,1,0
mcts_distilled_final,False,16,21,1203577,1,1
mcts_distilled_final,False,10,21,1203578,0,0
mcts_distilled_final,False,14,21,1203579,1,1
mcts_distilled_final,False,14,21,1203580,1,1
mcts_distilled_final,False,14,21,1203581,1,1
mcts_distilled_final,False,12,21,1203582,1,0
mcts_distilled_final,False,12,21,1203583,1,0
mcts_distilled_final,False,14,21,1203584,1,1
mcts_distilled_final,False,14,21,1203585,1,1
mcts_distilled_final,False,6,21,1203586,0,0
mcts_distilled_final,False,12,21,1203587,1,0
mcts_distilled_final,False,14,21,1203588,1,1
mcts_distilled_final,False,12,21,1203589,1,0
mcts_distilled_final,False,12,21,1203590,1,0
mcts_distilled_final,False,12,21,1203591,1,0
mcts_distilled_final,False,12,21,1203592,1,0
mcts_distilled_final,False,8,21,1203593,0,0
mcts_distilled_final,False,14,21,1203594,1,1
mcts_distilled_final,False,14,21,1203595,1,1
mcts_distilled_final,False,12,21,1203596,1,0
mcts_distilled_final,False,8,21,1203597,0,0
mcts_distilled_final,False,12,21,1203598,1,0
mcts_distilled_final,False,8,21,1203599,0,0
mcts_distilled_final,False,16,21,1203600,1,1
mcts_distilled_final,False,16,21,1203601,1,1
mcts_distilled_final,False,12,21,1203602,1,0
mcts_distilled_final,False,6,21,1203603,0,0
mcts_distilled_final,False,10,21,1203604,0,0
mcts_distilled_final,False,10,21,1203605,0,0
mcts_distilled_final,False,12,21,1203606,1,0
mcts_distilled_final,False,14,21,1203607,1,1
mcts_distilled_final,False,14,21,1203608,1,1
mcts_distilled_final,False,10,21,1203609,0,0
mcts_distilled_final,False,14,21,1203610,1,1
mcts_distilled_final,False,12,21,1203611,1,0
mcts_distilled_final,False,16,21,1203612,1,1
mcts_distilled_final,False,8,21,1203613,0,0
mcts_distilled_final,False,10,21,1203614,0,0
mcts_distilled_final,False,10,21,1203615,0,0
mcts_distilled_final,False,14,21,1203616,1,1
mcts_distilled_final,False,12,21,1203617,1,0
mcts_distilled_final,False,8,21,1203618,0,0
mcts_distilled_final,False,10,21,1203619,0,0
mcts_distilled_final,False,14,21,1203620,1,1
mcts_distilled_final,False,14,21,1203621,1,1
mcts_distilled_final,False,14,21,1203622,1,1
mcts_distilled_final,False,12,21,1203623,1,0
mcts_distilled_final,False,14,21,1203624,1,1
mcts_distilled_final,False,14,21,1203625,1,1
mcts_distilled_final,False,12,21,1203626,1,0
mcts_distilled_final,False,6,21,1203627,0,0
mcts_distilled_final,False,14,21,1203628,1,1
mcts_distilled_final,False,12,21,1203629,1,0
mcts_distilled_final,False,14,21,1203630,1,1
mcts_distilled_final,False,10,21,1203631,0,0
mcts_distilled_final,False,14,21,1203632,1,1
mcts_distilled_final,False,12,21,1203633,1,0
mcts_distilled_final,False,14,21,1203634,1,1
mcts_distilled_final,False,16,21,1203635,1,1
mcts_distilled_final,False,10,21,1203636,0,0
mcts_distilled_final,False,10,21,1203637,0,0
mcts_distilled_final,False,12,21,1203638,1,0
mcts_distilled_final,False,12,21,1203639,1,0
mcts_distilled_final,False,12,21,1203640,1,0
mcts_distilled_final,False,10,21,1203641,0,0
mcts_distilled_final,False,8,21,1203642,0,0
mcts_distilled_final,False,14,21,1203643,1,1
mcts_distilled_final,False,8,21,1203644,0,0
mcts_distilled_final,False,16,21,1203645,1,1
mcts_distilled_final,False,10,21,1203646,0,0
mcts_distilled_final,False,6,21,1203647,0,0
mcts_distilled_final,False,14,21,1203648,1,1
mcts_distilled_final,False,12,21,1203649,1,0
mcts_distilled_final,False,12,21,1203650,1,0
mcts_distilled_final,False,14,21,1203651,1,1
mcts_distilled_final,False,14,21,1203652,1,1
mcts_distilled_final,False,8,21,1203653,0,0
mcts_distilled_final,False,14,21,1203654,1,1
mcts_distilled_final,False,14,21,1203655,1,1
mcts_distilled_final,False,18,21,1203656,1,1
mcts_distilled_final,False,6,21,1203657,0,0
mcts_distilled_final,False,10,21,1203658,0,0
mcts_distilled_final,False,12,21,1203659,1,0
mcts_distilled_final,False,12,21,1203660,1,0
mcts_distilled_final,False,12,21,1203661,1,0
mcts_distilled_final,False,10,21,1203662,0,0
mcts_distilled_final,False,14,21,1203663,1,1
mcts_distilled_final,False,14,21,1203664,1,1
mcts_distilled_final,False,14,21,1203665,1,1
mcts_distilled_final,False,8,21,1203666,0,0
mcts_distilled_final,False,12,21,1203667,1,0
mcts_distilled_final,False,14,21,1203668,1,1
mcts_distilled_final,False,14,21,1203669,1,1
mcts_distilled_final,False,12,21,1203670,1,0
mcts_distilled_final,False,12,21,1203671,1,0
mcts_distilled_final,False,10,21,1203672,0,0
mcts_distilled_final,False,10,21,1203673,0,0
mcts_distilled_final,False,12,21,1203674,1,0
mcts_distilled_final,False,12,21,1203675,1,0
mcts_distilled_final,False,10,21,1203676,0,0
mcts_distilled_final,False,8,21,1203677,0,0
mcts_distilled_final,False,14,21,1203678,1,1
mcts_distilled_final,False,6,21,1203679,0,0
mcts_distilled_final,False,12,21,1203680,1,0
mcts_distilled_final,False,14,21,1203681,1,1
mcts_distilled_final,False,10,21,1203682,0,0
mcts_distilled_final,False,14,21,1203683,1,1
mcts_distilled_final,False,12,21,1203684,1,0
mcts_distilled_final,False,12,21,1203685,1,0
mcts_distilled_final,False,14,21,1203686,1,1
mcts_distilled_final,False,14,21,1203687,1,1
mcts_distilled_final,False,14,21,1203688,1,1
mcts_distilled_final,False,8,21,1203689,0,0
mcts_distilled_final,False,14,21,1203690,1,1
mcts_distilled_final,False,14,21,1203691,1,1
mcts_distilled_final,False,16,21,1203692,1,1
mcts_distilled_final,False,10,21,1203693,0,0
mcts_distilled_final,False,8,21,1203694,0,0
mcts_distilled_final,False,16,21,1203695,1,1
mcts_distilled_final,False,6,21,1203696,0,0
mcts_distilled_final,False,8,21,1203697,0,0
mcts_distilled_final,False,10,21,1203698,0,0
mcts_distilled_final,False,6,21,1203699,0,0
mcts_distilled_final,False,14,21,1203700,1,1
mcts_distilled_final,False,12,21,1203701,1,0
mcts_distilled_final,False,8,21,1203702,0,0
mcts_distilled_final,False,14,21,1203703,1,1
mcts_distilled_final,False,14,21,1203704,1,1
mcts_distilled_final,False,12,21,1203705,1,0
mcts_distilled_final,False,14,21,1203706,1,1
mcts_distilled_final,False,10,21,1203707,0,0
mcts_distilled_final,False,12,21,1203708,1,0
mcts_distilled_final,False,16,21,1203709,1,1
mcts_distilled_final,False,8,21,1203710,0,0
mcts_distilled_final,False,12,21,1203711,1,0
mcts_distilled_final,False,12,21,1203712,1,0
mcts_distilled_final,False,12,21,1203713,1,0
mcts_distilled_final,False,8,21,1203714,0,0
mcts_distilled_final,False,12,21,1203715,1,0
mcts_distilled_final,False,12,21,1203716,1,0
mcts_distilled_final,False,14,21,1203717,1,1
mcts_distilled_final,False,12,21,1203718,1,0
mcts_distilled_final,False,12,21,1203719,1,0
mcts_distilled_final,False,12,21,1203720,1,0
mcts_distilled_final,False,14,21,1203721,1,1
mcts_distilled_final,False,12,21,1203722,1,0
mcts_distilled_final,False,12,21,1203723,1,0
mcts_distilled_final,False,12,21,1203724,1,0
mcts_distilled_final,False,12,21,1203725,1,0
mcts_distilled_final,False,14,21,1203726,1,1
mcts_distilled_final,False,12,21,1203727,1,0
mcts_distilled_final,False,14,21,1203728,1,1
mcts_distilled_final,False,14,21,1203729,1,1
mcts_distilled_final,False,12,21,1203730,1,0
mcts_distilled_final,False,10,21,1203731,0,0
mcts_distilled_final,False,10,21,1203732,0,0
mcts_distilled_final,False,12,21,1203733,1,0
mcts_distilled_final,False,10,21,1203734,0,0
mcts_distilled_final,False,14,21,1203735,1,1
mcts_distilled_final,False,14,21,1203736,1,1
mcts_distilled_final,False,12,21,1203737,1,0
mcts_distilled_final,False,12,21,1203738,1,0
mcts_distilled_final,False,14,21,1203739,1,1
mcts_distilled_final,False,10,21,1203740,0,0
mcts_distilled_final,False,12,21,1203741,1,0
mcts_distilled_final,False,10,21,1203742,0,0
mcts_distilled_final,False,10,21,1203743,0,0
mcts_distilled_final,False,12,21,1203744,1,0
mcts_distilled_final,False,10,21,1203745,0,0
mcts_distilled_final,False,14,21,1203746,1,1
mcts_distilled_final,False,16,21,1203747,1,1
mcts_distilled_final,False,12,21,1203748,1,0
mcts_distilled_final,False,8,21,1203749,0,0
mcts_distilled_final,False,10,21,1203750,0,0
mcts_distilled_final,False,10,21,1203751,0,0
mcts_distilled_final,False,12,21,1203752,1,0
mcts_distilled_final,False,12,21,1203753,1,0
mcts_distilled_final,False,16,21,1203754,1,1
mcts_distilled_final,False,8,21,1203755,0,0
mcts_distilled_final,False,12,21,1203756,1,0
mcts_distilled_final,False,10,21,1203757,0,0
mcts_distilled_final,False,8,21,1203758,0,0
mcts_distilled_final,False,14,21,1203759,1,1
mcts_distilled_final,False,14,21,1203760,1,1
mcts_distilled_final,False,14,21,1203761,1,1
mcts_distilled_final,False,10,21,1203762,0,0
mcts_distilled_final,False,12,21,1203763,1,0
mcts_distilled_final,False,10,21,1203764,0,0
mcts_distilled_final,False,6,21,1203765,0,0
mcts_distilled_final,False,10,21,1203766,0,0
mcts_distilled_final,False,16,21,1203767,1,1
mcts_distilled_final,False,10,21,1203768,0,0
mcts_distilled_final,False,14,21,1203769,1,1
mcts_distilled_final,False,8,21,1203770,0,0
mcts_distilled_final,False,8,21,1203771,0,0
mcts_distilled_final,False,8,21,1203772,0,0
mcts_distilled_final,False,12,21,1203773,1,0
mcts_distilled_final,False,12,21,1203774,1,0
mcts_distilled_final,False,14,21,1203775,1,1
mcts_distilled_final,False,10,21,1203776,0,0
mcts_distilled_final,False,8,21,1203777,0,0
mcts_distilled_final,False,12,21,1203778,1,0
mcts_distilled_final,False,10,21,1203779,0,0
mcts_distilled_final,False,14,21,1203780,1,1
mcts_distilled_final,False,14,21,1203781,1,1
mcts_distilled_final,False,14,21,1203782,1,1
mcts_distilled_final,False,12,21,1203783,1,0
mcts_distilled_final,False,12,21,1203784,1,0
mcts_distilled_final,False,8,21,1203785,0,0
mcts_distilled_final,False,12,21,1203786,1,0
mcts_distilled_final,False,14,21,1203787,1,1
mcts_distilled_final,False,8,21,1203788,0,0
mcts_distilled_final,False,10,21,1203789,0,0
mcts_distilled_final,False,12,21,1203790,1,0
mcts_distilled_final,False,16,21,1203791,1,1
mcts_distilled_final,False,8,21,1203792,0,0
mcts_distilled_final,False,10,21,1203793,0,0
mcts_distilled_final,False,14,21,1203794,1,1
mcts_distilled_final,False,12,21,1203795,1,0
mcts_distilled_final,False,12,21,1203796,1,0
mcts_distilled_final,False,10,21,1203797,0,0
mcts_distilled_final,False,10,21,1203798,0,0
mcts_distilled_final,False,12,21,1203799,1,0
mcts_distilled_final,False,16,21,1203800,1,1
mcts_distilled_final,False,16,21,1203801,1,1
mcts_distilled_final,False,14,21,1203802,1,1
mcts_distilled_final,False,12,21,1203803,1,0
mcts_distilled_final,False,8,21,1203804,0,0
mcts_distilled_final,False,14,21,1203805,1,1
mcts_distilled_final,False,16,21,1203806,1,1
mcts_distilled_final,False,14,21,1203807,1,1
mcts_distilled_final,False,12,21,1203808,1,0
mcts_distilled_final,False,10,21,1203809,0,0
mcts_distilled_final,False,12,21,1203810,1,0
mcts_distilled_final,False,12,21,1203811,1,0
mcts_distilled_final,False,12,21,1203812,1,0
mcts_distilled_final,False,8,21,1203813,0,0
mcts_distilled_final,False,10,21,1203814,0,0
mcts_distilled_final,False,10,21,1203815,0,0
mcts_distilled_final,False,12,21,1203816,1,0
mcts_distilled_final,False,10,21,1203817,0,0
mcts_distilled_final,False,14,21,1203818,1,1
mcts_distilled_final,False,14,21,1203819,1,1
mcts_distilled_final,False,10,21,1203820,0,0
mcts_distilled_final,False,12,21,1203821,1,0
mcts_distilled_final,False,6,21,1203822,0,0
mcts_distilled_final,False,14,21,1203823,1,1
mcts_distilled_final,False,12,21,1203824,1,0
mcts_distilled_final,False,12,21,1203825,1,0
mcts_distilled_final,False,14,21,1203826,1,1
mcts_distilled_final,False,10,21,1203827,0,0
mcts_distilled_final,False,12,21,1203828,1,0
mcts_distilled_final,False,6,21,1203829,0,0
mcts_distilled_final,False,8,21,1203830,0,0
mcts_distilled_final,False,10,21,1203831,0,0
mcts_distilled_final,False,10,21,1203832,0,0
mcts_distilled_final,False,6,21,1203833,0,0
mcts_distilled_final,False,10,21,1203834,0,0
mcts_distilled_final,False,12,21,1203835,1,0
mcts_distilled_final,False,14,21,1203836,1,1
mcts_distilled_final,False,4,21,1203837,0,0
mcts_distilled_final,False,12,21,1203838,1,0
mcts_distilled_final,False,8,21,1203839,0,0
mcts_distilled_final,False,14,21,1203840,1,1
mcts_distilled_final,False,10,21,1203841,0,0
mcts_distilled_final,False,6,21,1203842,0,0
mcts_distilled_final,False,14,21,1203843,1,1
mcts_distilled_final,False,12,21,1203844,1,0
mcts_distilled_final,False,12,21,1203845,1,0
mcts_distilled_final,False,14,21,1203846,1,1
mcts_distilled_final,False,10,21,1203847,0,0
mcts_distilled_final,False,12,21,1203848,1,0
mcts_distilled_final,False,12,21,1203849,1,0
mcts_distilled_final,False,10,21,1203850,0,0
mcts_distilled_final,False,12,21,1203851,1,0
mcts_distilled_final,False,10,21,1203852,0,0
mcts_distilled_final,False,10,21,1203853,0,0
mcts_distilled_final,False,12,21,1203854,1,0
mcts_distilled_final,False,16,21,1203855,1,1
mcts_distilled_final,False,14,21,1203856,1,1
mcts_distilled_final,False,8,21,1203857,0,0
mcts_distilled_final,False,12,21,1203858,1,0
mcts_distilled_final,False,10,21,1203859,0,0
mcts_distilled_final,False,8,21,1203860,0,0
mcts_distilled_final,False,10,21,1203861,0,0
mcts_distilled_final,False,12,21,1203862,1,0
mcts_distilled_final,False,10,21,1203863,0,0
mcts_distilled_final,False,8,21,1203864,0,0
mcts_distilled_final,False,14,21,1203865,1,1
mcts_distilled_final,False,14,21,1203866,1,1
mcts_distilled_final,False,8,21,1203867,0,0
mcts_distilled_final,False,8,21,1203868,0,0
mcts_distilled_final,False,10,21,1203869,0,0
mcts_distilled_final,False,16,21,1203870,1,1
mcts_distilled_final,False,14,21,1203871,1,1
mcts_distilled_final,False,16,21,1203872,1,1
mcts_distilled_final,False,12,21,1203873,1,0
mcts_distilled_final,False,8,21,1203874,0,0
mcts_distilled_final,False,10,21,1203875,0,0
mcts_distilled_final,False,14,21,1203876,1,1
mcts_distilled_final,False,16,21,1203877,1,1
mcts_distilled_final,False,12,21,1203878,1,0
mcts_distilled_final,False,14,21,1203879,1,1
mcts_distilled_final,False,12,21,1203880,1,0
mcts_distilled_final,False,14,21,1203881,1,1
mcts_distilled_final,False,10,21,1203882,0,0
mcts_distilled_final,False,10,21,1203883,0,0
mcts_distilled_final,False,12,21,1203884,1,0
mcts_distilled_final,False,10,21,1203885,0,0
mcts_distilled_final,False,10,21,1203886,0,0
mcts_distilled_final,False,8,21,1203887,0,0
mcts_distilled_final,False,10,21,1203888,0,0
mcts_distilled_final,False,6,21,1203889,0,0
mcts_distilled_final,False,16,21,1203890,1,1
mcts_distilled_final,False,14,21,1203891,1,1
mcts_distilled_final,False,14,21,1203892,1,1
mcts_distilled_final,False,14,21,1203893,1,1
mcts_distilled_final,False,8,21,1203894,0,0
mcts_distilled_final,False,14,21,1203895,1,1
mcts_distilled_final,False,10,21,1203896,0,0
mcts_distilled_final,False,10,21,1203897,0,0
mcts_distilled_final,False,14,21,1203898,1,1
mcts_distilled_final,False,10,21,1203899,0,0
mcts_distilled_final,False,10,21,1203900,0,0
mcts_distilled_final,False,12,21,1203901,1,0
mcts_distilled_final,False,10,21,1203902,0,0
mcts_distilled_final,False,14,21,1203903,1,1
mcts_distilled_final,False,14,21,1203904,1,1
mcts_distilled_final,False,12,21,1203905,1,0
mcts_distilled_final,False,12,21,1203906,1,0
mcts_distilled_final,True,0,21,1203907,0,0
mcts_distilled_final,False,12,21,1203908,1,0
mcts_distilled_final,False,10,21,1203909,0,0
mcts_distilled_final,False,8,21,1203910,0,0
mcts_distilled_final,False,12,21,1203911,1,0
mcts_distilled_final,False,14,21,1203912,1,1
mcts_distilled_final,False,16,21,1203913,1,1
mcts_distilled_final,False,16,21,1203914,1,1
mcts_distilled_final,False,14,21,1203915,1,1
mcts_distilled_final,False,14,21,1203916,1,1
mcts_distilled_final,False,12,21,1203917,1,0
mcts_distilled_final,False,12,21,1203918,1,0
mcts_distilled_final,False,14,21,1203919,1,1
mcts_distilled_final,False,14,21,1203920,1,1
mcts_distilled_final,False,14,21,1203921,1,1
mcts_distilled_final,False,10,21,1203922,0,0
mcts_distilled_final,False,16,21,1203923,1,1
mcts_distilled_final,False,10,21,1203924,0,0
mcts_distilled_final,False,10,21,1203925,0,0
mcts_distilled_final,False,10,21,1203926,0,0
mcts_distilled_final,False,10,21,1203927,0,0
mcts_distilled_final,False,8,21,1203928,0,0
mcts_distilled_final,False,13,21,1203929,1,0
mcts_distilled_final,False,12,21,1203930,1,0
mcts_distilled_final,False,16,21,1203931,1,1
mcts_distilled_final,False,12,21,1203932,1,0
mcts_distilled_final,False,16,21,1203933,1,1
mcts_distilled_final,False,14,21,1203934,1,1
mcts_distilled_final,False,10,21,1203935,0,0
mcts_distilled_final,False,12,21,1203936,1,0
mcts_distilled_final,False,8,21,1203937,0,0
mcts_distilled_final,False,14,21,1203938,1,1
mcts_distilled_final,False,16,21,1203939,1,1
mcts_distilled_final,False,12,21,1203940,1,0
mcts_distilled_final,False,4,21,1203941,0,0
mcts_distilled_final,False,14,21,1203942,1,1
mcts_distilled_final,False,12,21,1203943,1,0
mcts_distilled_final,False,10,21,1203944,0,0
mcts_distilled_final,False,12,21,1203945,1,0
mcts_distilled_final,False,12,21,1203946,1,0
mcts_distilled_final,False,10,21,1203947,0,0
mcts_distilled_final,False,12,21,1203948,1,0
mcts_distilled_final,False,14,21,1203949,1,1
mcts_distilled_final,False,12,21,1203950,1,0
mcts_distilled_final,False,12,21,1203951,1,0
mcts_distilled_final,False,14,21,1203952,1,1
mcts_distilled_final,False,10,21,1203953,0,0
mcts_distilled_final,False,12,21,1203954,1,0
mcts_distilled_final,False,8,21,1203955,0,0
mcts_distilled_final,False,12,21,1203956,1,0
mcts_distilled_final,False,10,21,1203957,0,0
mcts_distilled_final,False,10,21,1203958,0,0
mcts_distilled_final,False,12,21,1203959,1,0
mcts_distilled_final,False,12,21,1203960,1,0
mcts_distilled_final,False,8,21,1203961,0,0
mcts_distilled_final,False,8,21,1203962,0,0
mcts_distilled_final,False,6,21,1203963,0,0
mcts_distilled_final,False,12,21,1203964,1,0
mcts_distilled_final,False,8,21,1203965,0,0
mcts_distilled_final,False,10,21,1203966,0,0
mcts_distilled_final,False,8,21,1203967,0,0
mcts_distilled_final,False,12,21,1203968,1,0
mcts_distilled_final,False,14,21,1203969,1,1
mcts_distilled_final,False,12,21,1203970,1,0
mcts_distilled_final,False,14,21,1203971,1,1
mcts_distilled_final,False,14,21,1203972,1,1
mcts_distilled_final,False,12,21,1203973,1,0
mcts_distilled_final,False,12,21,1203974,1,0
mcts_distilled_final,False,10,21,1203975,0,0
mcts_distilled_final,False,10,21,1203976,0,0
mcts_distilled_final,False,16,21,1203977,1,1
mcts_distilled_final,False,14,21,1203978,1,1
mcts_distilled_final,False,10,21,1203979,0,0
mcts_distilled_final,False,8,21,1203980,0,0
mcts_distilled_final,False,12,21,1203981,1,0
mcts_distilled_final,False,12,21,1203982,1,0
mcts_distilled_final,False,12,21,1203983,1,0
mcts_distilled_final,False,14,21,1203984,1,1
mcts_distilled_final,False,8,21,1203985,0,0
mcts_distilled_final,False,18,21,1203986,1,1
mcts_distilled_final,False,14,21,1203987,1,1
mcts_distilled_final,False,8,21,1203988,0,0
mcts_distilled_final,False,10,21,1203989,0,0
mcts_distilled_final,False,16,21,1203990,1,1
mcts_distilled_final,False,12,21,1203991,1,0
mcts_distilled_final,False,12,21,1203992,1,0
mcts_distilled_final,False,14,21,1203993,1,1
mcts_distilled_final,False,12,21,1203994,1,0
mcts_distilled_final,False,16,21,1203995,1,1
mcts_distilled_final,False,16,21,1203996,1,1
mcts_distilled_final,False,14,21,1203997,1,1
mcts_distilled_final,False,16,21,1203998,1,1
mcts_distilled_final,False,14,21,1203999,1,1
mcts_distilled_final,False,16,21,1204000,1,1
mcts_distilled_final,False,14,21,1204001,1,1
mcts_distilled_final,False,10,21,1204002,0,0
mcts_distilled_final,False,10,21,1204003,0,0
mcts_distilled_final,False,8,21,1204004,0,0
mcts_distilled_final,False,10,21,1204005,0,0
mcts_distilled_final,False,10,21,1204006,0,0
mcts_distilled_final,False,12,21,1204007,1,0
mcts_distilled_final,False,14,21,1204008,1,1
mcts_distilled_final,False,12,21,1204009,1,0
mcts_distilled_final,False,14,21,1204010,1,1
mcts_distilled_final,False,10,21,1204011,0,0
mcts_distilled_final,False,8,21,1204012,0,0
mcts_distilled_final,False,16,21,1204013,1,1
mcts_distilled_final,False,12,21,1204014,1,0
mcts_distilled_final,False,10,21,1204015,0,0
mcts_distilled_final,True,0,21,1204016,0,0
mcts_distilled_final,False,10,21,1204017,0,0
mcts_distilled_final,False,14,21,1204018,1,1
mcts_distilled_final,False,12,21,1204019,1,0
mcts_distilled_final,False,10,21,1204020,0,0
mcts_distilled_final,False,10,21,1204021,0,0
mcts_distilled_final,False,16,21,1204022,1,1
mcts_distilled_final,False,8,21,1204023,0,0
mcts_distilled_final,False,10,21,1204024,0,0
mcts_distilled_final,False,8,21,1204025,0,0
mcts_distilled_final,False,12,21,1204026,1,0
mcts_distilled_final,False,12,21,1204027,1,0
mcts_distilled_final,False,16,21,1204028,1,1
mcts_distilled_final,False,14,21,1204029,1,1
mcts_distilled_final,False,10,21,1204030,0,0
mcts_distilled_final,False,10,21,1204031,0,0
mcts_distilled_final,False,10,21,1204032,0,0
mcts_distilled_final,False,14,21,1204033,1,1
mcts_distilled_final,False,14,21,1204034,1,1
mcts_distilled_final,False,12,21,1204035,1,0
mcts_distilled_final,False,12,21,1204036,1,0
mcts_distilled_final,False,12,21,1204037,1,0
mcts_distilled_final,False,10,21,1204038,0,0
mcts_distilled_final,False,14,21,1204039,1,1
mcts_distilled_final,False,12,21,1204040,1,0
mcts_distilled_final,False,12,21,1204041,1,0
mcts_distilled_final,False,10,21,1204042,0,0
mcts_distilled_final,False,12,21,1204043,1,0
mcts_distilled_final,False,14,21,1204044,1,1
mcts_distilled_final,False,10,21,1204045,0,0
mcts_distilled_final,False,6,21,1204046,0,0
mcts_distilled_final,False,10,21,1204047,0,0
mcts_distilled_final,False,4,21,1204048,0,0
mcts_distilled_final,False,12,21,1204049,1,0
mcts_distilled_final,False,10,21,1204050,0,0
mcts_distilled_final,False,6,21,1204051,0,0
mcts_distilled_final,False,6,21,1204052,0,0
mcts_distilled_final,False,12,21,1204053,1,0
mcts_distilled_final,False,14,21,1204054,1,1
mcts_distilled_final,False,10,21,1204055,0,0
mcts_distilled_final,False,14,21,1204056,1,1
mcts_distilled_final,False,16,21,1204057,1,1
mcts_distilled_final,False,12,21,1204058,1,0
mcts_distilled_final,False,12,21,1204059,1,0
mcts_distilled_final,False,8,21,1204060,0,0
mcts_distilled_final,False,14,21,1204061,1,1
mcts_distilled_final,False,12,21,1204062,1,0
mcts_distilled_final,False,14,21,1204063,1,1
mcts_distilled_final,False,10,21,1204064,0,0
mcts_distilled_final,False,16,21,1204065,1,1
mcts_distilled_final,False,10,21,1204066,0,0
mcts_distilled_final,False,10,21,1204067,0,0
mcts_distilled_final,False,16,21,1204068,1,1
mcts_distilled_final,False,10,21,1204069,0,0
mcts_distilled_final,False,12,21,1204070,1,0
mcts_distilled_final,False,10,21,1204071,0,0
mcts_distilled_final,False,14,21,1204072,1,1
mcts_distilled_final,False,6,21,1204073,0,0
mcts_distilled_final,False,18,21,1204074,1,1
mcts_distilled_final,False,12,21,1204075,1,0
mcts_distilled_final,False,12,21,1204076,1,0
mcts_distilled_final,False,8,21,1204077,0,0
mcts_distilled_final,False,14,21,1204078,1,1
mcts_distilled_final,False,12,21,1204079,1,0
mcts_distilled_final,False,12,21,1204080,1,0
mcts_distilled_final,False,10,21,1204081,0,0
mcts_distilled_final,False,12,21,1204082,1,0
mcts_distilled_final,False,10,21,1204083,0,0
mcts_distilled_final,False,12,21,1204084,1,0
mcts_distilled_final,False,12,21,1204085,1,0
mcts_distilled_final,False,16,21,1204086,1,1
mcts_distilled_final,False,14,21,1204087,1,1
mcts_distilled_final,False,10,21,1204088,0,0
mcts_distilled_final,False,10,21,1204089,0,0
mcts_distilled_final,False,12,21,1204090,1,0
mcts_distilled_final,False,14,21,1204091,1,1
mcts_distilled_final,False,12,21,1204092,1,0
mcts_distilled_final,False,8,21,1204093,0,0
mcts_distilled_final,False,10,21,1204094,0,0
mcts_distilled_final,False,10,21,1204095,0,0
mcts_distilled_final,False,12,21,1204096,1,0
mcts_distilled_final,False,10,21,1204097,0,0
mcts_distilled_final,False,10,21,1204098,0,0
mcts_distilled_final,False,14,21,1204099,1,1
mcts_distilled_final,False,10,21,1204100,0,0
mcts_distilled_final,False,16,21,1204101,1,1
mcts_distilled_final,False,12,21,1204102,1,0
mcts_distilled_final,False,12,21,1204103,1,0
mcts_distilled_final,False,12,21,1204104,1,0
mcts_distilled_final,False,14,21,1204105,1,1
mcts_distilled_final,False,12,21,1204106,1,0
mcts_distilled_final,False,12,21,1204107,1,0
mcts_distilled_final,False,14,21,1204108,1,1
mcts_distilled_final,False,10,21,1204109,0,0
mcts_distilled_final,False,6,21,1204110,0,0
mcts_distilled_final,False,10,21,1204111,0,0
mcts_distilled_final,False,6,21,1204112,0,0
mcts_distilled_final,False,14,21,1204113,1,1
mcts_distilled_final,False,12,21,1204114,1,0
mcts_distilled_final,False,12,21,1204115,1,0
mcts_distilled_final,False,10,21,1204116,0,0
mcts_distilled_final,False,14,21,1204117,1,1
mcts_distilled_final,False,14,21,1204118,1,1
mcts_distilled_final,False,16,21,1204119,1,1
mcts_distilled_final,False,14,21,1204120,1,1
mcts_distilled_final,False,12,21,1204121,1,0
mcts_distilled_final,False,12,21,1204122,1,0
mcts_distilled_final,False,10,21,1204123,0,0
mcts_distilled_final,False,12,21,1204124,1,0
mcts_distilled_final,False,12,21,1204125,1,0
mcts_distilled_final,False,8,21,1204126,0,0
mcts_distilled_final,False,10,21,1204127,0,0
mcts_distilled_final,False,10,21,1204128,0,0
mcts_distilled_final,False,14,21,1204129,1,1
mcts_distilled_final,False,12,21,1204130,1,0
mcts_distilled_final,False,10,21,1204131,0,0
mcts_distilled_final,False,14,21,1204132,1,1
mcts_distilled_final,False,10,21,1204133,0,0
mcts_distilled_final,False,14,21,1204134,1,1
mcts_distilled_final,False,12,21,1204135,1,0
mcts_distilled_final,False,12,21,1204136,1,0
mcts_distilled_final,False,10,21,1204137,0,0
mcts_distilled_final,False,10,21,1204138,0,0
mcts_distilled_final,False,14,21,1204139,1,1
mcts_distilled_final,False,12,21,1204140,1,0
mcts_distilled_final,False,12,21,1204141,1,0
mcts_distilled_final,False,12,21,1204142,1,0
mcts_distilled_final,False,8,21,1204143,0,0
mcts_distilled_final,False,12,21,1204144,1,0
mcts_distilled_final,False,14,21,1204145,1,1
mcts_distilled_final,False,10,21,1204146,0,0
mcts_distilled_final,False,8,21,1204147,0,0
mcts_distilled_final,False,12,21,1204148,1,0
mcts_distilled_final,False,12,21,1204149,1,0
mcts_distilled_final,False,14,21,1204150,1,1
mcts_distilled_final,False,12,21,1204151,1,0
mcts_distilled_final,False,14,21,1204152,1,1
mcts_distilled_final,False,10,21,1204153,0,0
mcts_distilled_final,False,12,21,1204154,1,0
mcts_distilled_final,False,8,21,1204155,0,0
mcts_distilled_final,False,14,21,1204156,1,1
mcts_distilled_final,False,16,21,1204157,1,1
mcts_distilled_final,False,12,21,1204158,1,0
mcts_distilled_final,False,10,21,1204159,0,0
mcts_distilled_final,False,8,21,1204160,0,0
mcts_distilled_final,False,10,21,1204161,0,0
mcts_distilled_final,False,12,21,1204162,1,0
mcts_distilled_final,False,14,21,1204163,1,1
mcts_distilled_final,False,12,21,1204164,1,0
mcts_distilled_final,False,4,21,1204165,0,0
mcts_distilled_final,False,12,21,1204166,1,0
mcts_distilled_final,False,8,21,1204167,0,0
mcts_distilled_final,False,14,21,1204168,1,1
mcts_distilled_final,False,14,21,1204169,1,1
mcts_distilled_final,False,14,21,1204170,1,1
mcts_distilled_final,False,8,21,1204171,0,0
mcts_distilled_final,False,14,21,1204172,1,1
mcts_distilled_final,False,10,21,1204173,0,0
mcts_distilled_final,False,12,21,1204174,1,0
mcts_distilled_final,False,10,21,1204175,0,0
mcts_distilled_final,False,12,21,1204176,1,0
mcts_distilled_final,False,10,21,1204177,0,0
mcts_distilled_final,False,10,21,1204178,0,0
mcts_distilled_final,False,16,21,1204179,1,1
mcts_distilled_final,False,8,21,1204180,0,0
mcts_distilled_final,False,12,21,1204181,1,0
mcts_distilled_final,False,14,21,1204182,1,1
mcts_distilled_final,False,10,21,1204183,0,0
mcts_distilled_final,False,14,21,1204184,1,1
mcts_distilled_final,False,10,21,1204185,0,0
mcts_distilled_final,False,10,21,1204186,0,0
mcts_distilled_final,False,12,21,1204187,1,0
mcts_distilled_final,False,14,21,1204188,1,1
mcts_distilled_final,False,8,21,1204189,0,0
mcts_distilled_final,False,10,21,1204190,0,0
mcts_distilled_final,False,14,21,1204191,1,1
mcts_distilled_final,False,14,21,1204192,1,1
mcts_distilled_final,False,8,21,1204193,0,0
mcts_distilled_final,False,14,21,1204194,1,1
mcts_distilled_final,False,10,21,1204195,0,0
mcts_distilled_final,False,10,21,1204196,0,0
mcts_distilled_final,False,14,21,1204197,1,1
mcts_distilled_final,False,16,21,1204198,1,1
mcts_distilled_final,False,8,21,1204199,0,0
mcts_distilled_final,False,10,21,1204200,0,0
mcts_distilled_final,False,10,21,1204201,0,0
mcts_distilled_final,False,14,21,1204202,1,1
mcts_distilled_final,False,8,21,1204203,0,0
mcts_distilled_final,False,12,21,1204204,1,0
mcts_distilled_final,False,10,21,1204205,0,0
mcts_distilled_final,False,10,21,1204206,0,0
mcts_distilled_final,False,14,21,1204207,1,1
mcts_distilled_final,True,0,21,1204208,0,0
mcts_distilled_final,False,14,21,1204209,1,1
mcts_distilled_final,False,14,21,1204210,1,1
mcts_distilled_final,False,12,21,1204211,1,0
mcts_distilled_final,False,8,21,1204212,0,0
mcts_distilled_final,False,10,21,1204213,0,0
mcts_distilled_final,False,12,21,1204214,1,0
mcts_distilled_final,False,10,21,1204215,0,0
mcts_distilled_final,False,12,21,1204216,1,0
mcts_distilled_final,False,12,21,1204217,1,0
mcts_distilled_final,True,0,21,1204218,0,0
mcts_distilled_final,False,10,21,1204219,0,0
mcts_distilled_final,False,16,21,1204220,1,1
mcts_distilled_final,False,10,21,1204221,0,0
mcts_distilled_final,False,12,21,1204222,1,0
mcts_distilled_final,False,8,21,1204223,0,0
mcts_distilled_final,False,16,21,1204224,1,1
mcts_distilled_final,False,12,21,1204225,1,0
mcts_distilled_final,False,12,21,1204226,1,0
mcts_distilled_final,False,14,21,1204227,1,1
mcts_distilled_final,False,10,21,1204228,0,0
mcts_distilled_final,False,12,21,1204229,1,0
mcts_distilled_final,False,12,21,1204230,1,0
mcts_distilled_final,False,14,21,1204231,1,1
mcts_distilled_final,False,14,21,1204232,1,1
mcts_distilled_final,False,10,21,1204233,0,0
mcts_distilled_final,False,10,21,1204234,0,0
mcts_distilled_final,False,12,21,1204235,1,0
mcts_distilled_final,False,12,21,1204236,1,0
mcts_distilled_final,False,16,21,1204237,1,1
mcts_distilled_final,False,14,21,1204238,1,1
mcts_distilled_final,False,12,21,1204239,1,0
mcts_distilled_final,False,10,21,1204240,0,0
mcts_distilled_final,False,16,21,1204241,1,1
mcts_distilled_final,False,16,21,1204242,1,1
mcts_distilled_final,False,10,21,1204243,0,0
mcts_distilled_final,False,14,21,1204244,1,1
mcts_distilled_final,False,8,21,1204245,0,0
mcts_distilled_final,False,14,21,1204246,1,1
mcts_distilled_final,False,10,21,1204247,0,0
mcts_distilled_final,False,12,21,1204248,1,0
mcts_distilled_final,False,16,21,1204249,1,1
mcts_distilled_final,False,14,21,1204250,1,1
mcts_distilled_final,False,14,21,1204251,1,1
mcts_distilled_final,False,8,21,1204252,0,0
mcts_distilled_final,False,14,21,1204253,1,1
mcts_distilled_final,False,6,21,1204254,0,0
mcts_distilled_final,False,10,21,1204255,0,0
mcts_distilled_final,False,16,21,1204256,1,1
mcts_distilled_final,False,12,21,1204257,1,0
mcts_distilled_final,False,8,21,1204258,0,0
mcts_distilled_final,False,12,21,1204259,1,0
mcts_distilled_final,False,12,21,1204260,1,0
mcts_distilled_final,False,14,21,1204261,1,1
mcts_distilled_final,False,12,21,1204262,1,0
mcts_distilled_final,False,10,21,1204263,0,0
mcts_distilled_final,False,10,21,1204264,0,0
mcts_distilled_final,False,12,21,1204265,1,0
mcts_distilled_final,False,14,21,1204266,1,1
mcts_distilled_final,False,12,21,1204267,1,0
mcts_distilled_final,False,12,21,1204268,1,0
mcts_distilled_final,False,16,21,1204269,1,1
mcts_distilled_final,False,12,21,1204270,1,0
mcts_distilled_final,False,12,21,1204271,1,0
mcts_distilled_final,False,12,21,1204272,1,0
mcts_distilled_final,False,14,21,1204273,1,1
mcts_distilled_final,False,18,21,1204274,1,1
mcts_distilled_final,False,12,21,1204275,1,0
mcts_distilled_final,False,10,21,1204276,0,0
mcts_distilled_final,False,14,21,1204277,1,1
mcts_distilled_final,False,6,21,1204278,0,0
mcts_distilled_final,False,10,21,1204279,0,0
mcts_distilled_final,False,16,21,1204280,1,1
mcts_distilled_final,False,10,21,1204281,0,0
mcts_distilled_final,False,12,21,1204282,1,0
mcts_distilled_final,False,10,21,1204283,0,0
mcts_distilled_final,False,8,21,1204284,0,0
mcts_distilled_final,False,12,21,1204285,1,0
mcts_distilled_final,False,12,21,1204286,1,0
mcts_distilled_final,False,12,21,1204287,1,0
mcts_distilled_final,False,12,21,1204288,1,0
mcts_distilled_final,False,6,21,1204289,0,0
mcts_distilled_final,False,14,21,1204290,1,1
mcts_distilled_final,False,14,21,1204291,1,1
mcts_distilled_final,False,14,21,1204292,1,1
mcts_distilled_final,False,12,21,1204293,1,0
mcts_distilled_final,False,10,21,1204294,0,0
mcts_distilled_final,False,10,21,1204295,0,0
mcts_distilled_final,False,8,21,1204296,0,0
mcts_distilled_final,False,14,21,1204297,1,1
mcts_distilled_final,False,10,21,1204298,0,0
mcts_distilled_final,False,10,21,1204299,0,0
mcts_distilled_final,False,14,21,1204300,1,1
mcts_distilled_final,False,10,21,1204301,0,0
mcts_distilled_final,False,6,21,1204302,0,0
mcts_distilled_final,False,12,21,1204303,1,0
mcts_distilled_final,False,10,21,1204304,0,0
mcts_distilled_final,False,10,21,1204305,0,0
mcts_distilled_final,False,12,21,1204306,1,0
mcts_distilled_final,False,12,21,1204307,1,0
mcts_distilled_final,False,16,21,1204308,1,1
mcts_distilled_final,False,10,21,1204309,0,0
mcts_distilled_final,False,14,21,1204310,1,1
mcts_distilled_final,False,8,21,1204311,0,0
mcts_distilled_final,False,16,21,1204312,1,1
mcts_distilled_final,False,16,21,1204313,1,1
mcts_distilled_final,False,12,21,1204314,1,0
mcts_distilled_final,False,10,21,1204315,0,0
mcts_distilled_final,False,12,21,1204316,1,0
mcts_distilled_final,False,14,21,1204317,1,1
mcts_distilled_final,False,12,21,1204318,1,0
mcts_distilled_final,False,16,21,1204319,1,1
mcts_distilled_final,False,8,21,1204320,0,0
mcts_distilled_final,False,14,21,1204321,1,1
mcts_distilled_final,False,10,21,1204322,0,0
mcts_distilled_final,False,10,21,1204323,0,0
mcts_distilled_final,False,14,21,1204324,1,1
mcts_distilled_final,False,14,21,1204325,1,1
mcts_distilled_final,False,12,21,1204326,1,0
mcts_distilled_final,False,10,21,1204327,0,0
mcts_distilled_final,False,12,21,1204328,1,0
mcts_distilled_final,False,14,21,1204329,1,1
mcts_distilled_final,False,8,21,1204330,0,0
mcts_distilled_final,False,14,21,1204331,1,1
mcts_distilled_final,False,8,21,1204332,0,0
mcts_distilled_final,False,8,21,1204333,0,0
mcts_distilled_final,False,14,21,1204334,1,1
mcts_distilled_final,False,14,21,1204335,1,1
mcts_distilled_final,False,10,21,1204336,0,0
mcts_distilled_final,False,12,21,1204337,1,0
mcts_distilled_final,False,8,21,1204338,0,0
mcts_distilled_final,False,12,21,1204339,1,0
mcts_distilled_final,False,8,21,1204340,0,0
mcts_distilled_final,False,10,21,1204341,0,0
mcts_distilled_final,False,16,21,1204342,1,1
mcts_distilled_final,False,12,21,1204343,1,0
mcts_distilled_final,False,14,21,1204344,1,1
mcts_distilled_final,False,6,21,1204345,0,0
mcts_distilled_final,False,12,21,1204346,1,0
mcts_distilled_final,False,10,21,1204347,0,0
mcts_distilled_final,False,10,21,1204348,0,0
mcts_distilled_final,False,10,21,1204349,0,0
mcts_distilled_final,False,10,21,1204350,0,0
mcts_distilled_final,False,10,21,1204351,0,0
mcts_distilled_final,False,12,21,1204352,1,0
mcts_distilled_final,False,14,21,1204353,1,1
mcts_distilled_final,False,8,21,1204354,0,0
mcts_distilled_final,False,6,21,1204355,0,0
mcts_distilled_final,False,12,21,1204356,1,0
mcts_distilled_final,False,6,21,1204357,0,0
mcts_distilled_final,False,12,21,1204358,1,0
mcts_distilled_final,False,10,21,1204359,0,0
mcts_distilled_final,False,6,21,1204360,0,0
mcts_distilled_final,False,16,21,1204361,1,1
mcts_distilled_final,False,10,21,1204362,0,0
mcts_distilled_final,False,16,21,1204363,1,1
mcts_distilled_final,False,14,21,1204364,1,1
mcts_distilled_final,False,10,21,1204365,0,0
mcts_distilled_final,False,12,21,1204366,1,0
mcts_distilled_final,False,10,21,1204367,0,0
mcts_distilled_final,False,14,21,1204368,1,1
mcts_distilled_final,False,14,21,1204369,1,1
mcts_distilled_final,False,16,21,1204370,1,1
mcts_distilled_final,False,8,21,1204371,0,0
mcts_distilled_final,False,16,21,1204372,1,1
mcts_distilled_final,True,0,21,1204373,0,0
mcts_distilled_final,False,14,21,1204374,1,1
mcts_distilled_final,False,14,21,1204375,1,1
mcts_distilled_final,False,14,21,1204376,1,1
mcts_distilled_final,False,14,21,1204377,1,1
mcts_distilled_final,False,14,21,1204378,1,1
mcts_distilled_final,False,12,21,1204379,1,0
mcts_distilled_final,False,12,21,1204380,1,0
mcts_distilled_final,False,12,21,1204381,1,0
mcts_distilled_final,False,8,21,1204382,0,0
mcts_distilled_final,False,12,21,1204383,1,0
mcts_distilled_final,False,6,21,1204384,0,0
mcts_distilled_final,False,12,21,1204385,1,0
mcts_distilled_final,False,14,21,1204386,1,1
mcts_distilled_final,False,14,21,1204387,1,1
mcts_distilled_final,False,8,21,1204388,0,0
mcts_distilled_final,False,8,21,1204389,0,0
mcts_distilled_final,False,12,21,1204390,1,0
mcts_distilled_final,False,14,21,1204391,1,1
mcts_distilled_final,False,8,21,1204392,0,0
mcts_distilled_final,False,10,21,1204393,0,0
mcts_distilled_final,False,14,21,1204394,1,1
mcts_distilled_final,False,12,21,1204395,1,0
mcts_distilled_final,False,14,21,1204396,1,1
mcts_distilled_final,False,8,21,1204397,0,0
mcts_distilled_final,False,16,21,1204398,1,1
mcts_distilled_final,False,8,21,1204399,0,0
mcts_distilled_final,True,0,21,1204400,0,0
mcts_distilled_final,False,16,21,1204401,1,1
mcts_distilled_final,False,8,21,1204402,0,0
mcts_distilled_final,False,10,21,1204403,0,0
mcts_distilled_final,False,10,21,1204404,0,0
mcts_distilled_final,False,12,21,1204405,1,0
mcts_distilled_final,False,12,21,1204406,1,0
mcts_distilled_final,False,10,21,1204407,0,0
mcts_distilled_final,False,12,21,1204408,1,0
mcts_distilled_final,False,12,21,1204409,1,0
mcts_distilled_final,False,12,21,1204410,1,0
mcts_distilled_final,False,14,21,1204411,1,1
mcts_distilled_final,False,8,21,1204412,0,0
mcts_distilled_final,False,12,21,1204413,1,0
mcts_distilled_final,False,8,21,1204414,0,0
mcts_distilled_final,False,10,21,1204415,0,0
mcts_distilled_final,False,14,21,1204416,1,1
mcts_distilled_final,False,14,21,1204417,1,1
mcts_distilled_final,False,10,21,1204418,0,0
mcts_distilled_final,False,10,21,1204419,0,0
mcts_distilled_final,False,12,21,1204420,1,0
mcts_distilled_final,False,12,21,1204421,1,0
mcts_distilled_final,False,12,21,1204422,1,0
mcts_distilled_final,False,16,21,1204423,1,1
mcts_distilled_final,False,10,21,1204424,0,0
mcts_distilled_final,False,8,21,1204425,0,0
mcts_distilled_final,False,10,21,1204426,0,0
mcts_distilled_final,False,12,21,1204427,1,0
mcts_distilled_final,False,10,21,1204428,0,0
mcts_distilled_final,False,10,21,1204429,0,0
mcts_distilled_final,False,10,21,1204430,0,0
mcts_distilled_final,False,12,21,1204431,1,0
mcts_distilled_final,False,16,21,1204432,1,1
mcts_distilled_final,False,8,21,1204433,0,0
mcts_distilled_final,False,10,21,1204434,0,0
mcts_distilled_final,False,12,21,1204435,1,0
mcts_distilled_final,False,10,21,1204436,0,0
mcts_distilled_final,False,14,21,1204437,1,1
mcts_distilled_final,False,10,21,1204438,0,0
mcts_distilled_final,False,10,21,1204439,0,0
mcts_distilled_final,False,10,21,1204440,0,0
mcts_distilled_final,False,6,21,1204441,0,0
mcts_distilled_final,False,10,21,1204442,0,0
mcts_distilled_final,False,16,21,1204443,1,1
mcts_distilled_final,False,10,21,1204444,0,0
mcts_distilled_final,False,16,21,1204445,1,1
mcts_distilled_final,False,14,21,1204446,1,1
mcts_distilled_final,False,12,21,1204447,1,0
mcts_distilled_final,False,11,21,1204448,0,0
mcts_distilled_final,False,12,21,1204449,1,0
mcts_distilled_final,False,12,21,1204450,1,0
mcts_distilled_final,False,12,21,1204451,1,0
mcts_distilled_final,False,14,21,1204452,1,1
mcts_distilled_final,False,12,21,1204453,1,0
mcts_distilled_final,False,10,21,1204454,0,0
mcts_distilled_final,False,12,21,1204455,1,0
mcts_distilled_final,False,14,21,1204456,1,1
mcts_distilled_final,False,10,21,1204457,0,0
mcts_distilled_final,False,10,21,1204458,0,0
mcts_distilled_final,False,10,21,1204459,0,0
mcts_distilled_final,False,10,21,1204460,0,0
mcts_distilled_final,False,16,21,1204461,1,1
mcts_distilled_final,False,14,21,1204462,1,1
mcts_distilled_final,False,14,21,1204463,1,1
mcts_distilled_final,False,12,21,1204464,1,0
mcts_distilled_final,False,12,21,1204465,1,0
mcts_distilled_final,False,10,21,1204466,0,0
mcts_distilled_final,False,12,21,1204467,1,0
mcts_distilled_final,False,12,21,1204468,1,0
mcts_distilled_final,False,8,21,1204469,0,0
mcts_distilled_final,False,14,21,1204470,1,1
mcts_distilled_final,False,12,21,1204471,1,0
mcts_distilled_final,False,10,21,1204472,0,0
mcts_distilled_final,False,14,21,1204473,1,1
mcts_distilled_final,False,10,21,1204474,0,0
mcts_distilled_final,False,8,21,1204475,0,0
mcts_distilled_final,False,8,21,1204476,0,0
mcts_distilled_final,False,14,21,1204477,1,1
mcts_distilled_final,False,10,21,1204478,0,0
mcts_distilled_final,False,14,21,1204479,1,1
mcts_distilled_final,False,12,21,1204480,1,0
mcts_distilled_final,False,14,21,1204481,1,1
mcts_distilled_final,False,12,21,1204482,1,0
mcts_distilled_final,False,10,21,1204483,0,0
mcts_distilled_final,False,14,21,1204484,1,1
mcts_distilled_final,False,12,21,1204485,1,0
mcts_distilled_final,False,12,21,1204486,1,0
mcts_distilled_final,False,12,21,1204487,1,0
mcts_distilled_final,False,8,21,1204488,0,0
mcts_distilled_final,False,12,21,1204489,1,0
mcts_distilled_final,False,14,21,1204490,1,1
mcts_distilled_final,False,12,21,1204491,1,0
mcts_distilled_final,False,10,21,1204492,0,0
mcts_distilled_final,False,6,21,1204493,0,0
mcts_distilled_final,False,8,21,1204494,0,0
mcts_distilled_final,False,12,21,1204495,1,0
mcts_distilled_final,False,10,21,1204496,0,0
mcts_distilled_final,False,12,21,1204497,1,0
mcts_distilled_final,False,16,21,1204498,1,1
mcts_distilled_final,False,16,21,1204499,1,1
mcts_distilled_final,False,14,21,1204500,1,1
mcts_distilled_final,False,12,21,1204501,1,0
mcts_distilled_final,False,10,21,1204502,0,0
mcts_distilled_final,False,10,21,1204503,0,0
mcts_distilled_final,False,14,21,1204504,1,1
mcts_distilled_final,False,12,21,1204505,1,0
mcts_distilled_final,False,10,21,1204506,0,0
mcts_distilled_final,False,12,21,1204507,1,0
mcts_distilled_final,False,10,21,1204508,0,0
mcts_distilled_final,False,10,21,1204509,0,0
mcts_distilled_final,False,10,21,1204510,0,0
mcts_distilled_final,False,8,21,1204511,0,0
mcts_distilled_final,False,12,21,1204512,1,0
mcts_distilled_final,False,12,21,1204513,1,0
mcts_distilled_final,False,10,21,1204514,0,0
mcts_distilled_final,False,18,21,1204515,1,1
mcts_distilled_final,False,10,21,1204516,0,0
mcts_distilled_final,False,10,21,1204517,0,0
mcts_distilled_final,False,16,21,1204518,1,1
mcts_distilled_final,False,14,21,1204519,1,1
mcts_distilled_final,False,8,21,1204520,0,0
mcts_distilled_final,False,8,21,1204521,0,0
mcts_distilled_final,False,16,21,1204522,1,1
mcts_distilled_final,False,8,21,1204523,0,0
mcts_distilled_final,False,12,21,1204524,1,0
mcts_distilled_final,False,14,21,1204525,1,1
mcts_distilled_final,False,12,21,1204526,1,0
mcts_distilled_final,False,16,21,1204527,1,1
mcts_distilled_final,False,18,21,1204528,1,1
mcts_distilled_final,False,12,21,1204529,1,0
mcts_distilled_final,False,14,21,1204530,1,1
mcts_distilled_final,False,12,21,1204531,1,0
mcts_distilled_final,False,10,21,1204532,0,0
mcts_distilled_final,False,10,21,1204533,0,0
mcts_distilled_final,False,12,21,1204534,1,0
mcts_distilled_final,False,14,21,1204535,1,1
mcts_distilled_final,False,14,21,1204536,1,1
mcts_distilled_final,False,8,21,1204537,0,0
mcts_distilled_final,False,12,21,1204538,1,0
mcts_distilled_final,False,12,21,1204539,1,0
mcts_distilled_final,False,14,21,1204540,1,1
mcts_distilled_final,False,14,21,1204541,1,1
mcts_distilled_final,False,12,21,1204542,1,0
mcts_distilled_final,False,10,21,1204543,0,0
mcts_distilled_final,False,12,21,1204544,1,0
mcts_distilled_final,False,6,21,1204545,0,0
mcts_distilled_final,False,8,21,1204546,0,0
mcts_distilled_final,False,10,21,1204547,0,0
mcts_distilled_final,False,12,21,1204548,1,0
mcts_distilled_final,False,8,21,1204549,0,0
mcts_distilled_final,False,10,21,1204550,0,0
mcts_distilled_final,False,14,21,1204551,1,1
mcts_distilled_final,False,8,21,1204552,0,0
mcts_distilled_final,False,10,21,1204553,0,0
mcts_distilled_final,False,12,21,1204554,1,0
mcts_distilled_final,False,12,21,1204555,1,0
mcts_distilled_final,False,10,21,1204556,0,0
mcts_distilled_final,False,14,21,1204557,1,1
mcts_distilled_final,False,10,21,1204558,0,0
mcts_distilled_final,False,14,21,1204559,1,1
mcts_distilled_final,False,4,21,1204560,0,0
mcts_distilled_final,False,18,21,1204561,1,1
mcts_distilled_final,False,14,21,1204562,1,1
mcts_distilled_final,False,12,21,1204563,1,0
mcts_distilled_final,False,12,21,1204564,1,0
mcts_distilled_final,False,14,21,1204565,1,1
mcts_distilled_final,False,14,21,1204566,1,1
mcts_distilled_final,False,14,21,1204567,1,1
mcts_distilled_final,False,10,21,1204568,0,0
mcts_distilled_final,False,12,21,1204569,1,0
mcts_distilled_final,False,8,21,1204570,0,0
mcts_distilled_final,False,10,21,1204571,0,0
mcts_distilled_final,False,12,21,1204572,1,0
mcts_distilled_final,False,12,21,1204573,1,0
mcts_distilled_final,False,14,21,1204574,1,1
mcts_distilled_final,False,4,21,1204575,0,0
mcts_distilled_final,True,0,21,1204576,0,0
mcts_distilled_final,False,12,21,1204577,1,0
mcts_distilled_final,False,8,21,1204578,0,0
mcts_distilled_final,False,12,21,1204579,1,0
mcts_distilled_final,False,10,21,1204580,0,0
mcts_distilled_final,False,12,21,1204581,1,0
mcts_distilled_final,False,16,21,1204582,1,1
mcts_distilled_final,False,12,21,1204583,1,0
mcts_distilled_final,False,6,21,1204584,0,0
mcts_distilled_final,False,14,21,1204585,1,1
mcts_distilled_final,False,10,21,1204586,0,0
mcts_distilled_final,False,12,21,1204587,1,0
mcts_distilled_final,False,18,21,1204588,1,1
mcts_distilled_final,False,12,21,1204589,1,0
mcts_distilled_final,False,14,21,1204590,1,1
mcts_distilled_final,False,10,21,1204591,0,0
mcts_distilled_final,False,12,21,1204592,1,0
mcts_distilled_final,False,10,21,1204593,0,0
mcts_distilled_final,False,10,21,1204594,0,0
mcts_distilled_final,False,14,21,1204595,1,1
mcts_distilled_final,False,10,21,1204596,0,0
mcts_distilled_final,False,10,21,1204597,0,0
mcts_distilled_final,False,10,21,1204598,0,0
mcts_distilled_final,False,10,21,1204599,0,0
mcts_distilled_final,False,12,21,1204600,1,0
mcts_distilled_final,False,12,21,1204601,1,0
mcts_distilled_final,False,12,21,1204602,1,0
mcts_distilled_final,False,16,21,1204603,1,1
mcts_distilled_final,False,10,21,1204604,0,0
mcts_distilled_final,False,14,21,1204605,1,1
mcts_distilled_final,False,10,21,1204606,0,0
mcts_distilled_final,False,14,21,1204607,1,1
mcts_distilled_final,False,6,21,1204608,0,0
mcts_distilled_final,False,14,21,1204609,1,1
mcts_distilled_final,False,14,21,1204610,1,1
mcts_distilled_final,False,12,21,1204611,1,0
mcts_distilled_final,False,8,21,1204612,0,0
mcts_distilled_final,False,14,21,1204613,1,1
mcts_distilled_final,False,10,21,1204614,0,0
mcts_distilled_final,False,8,21,1204615,0,0
mcts_distilled_final,False,14,21,1204616,1,1
mcts_distilled_final,False,12,21,1204617,1,0
mcts_distilled_final,False,12,21,1204618,1,0
mcts_distilled_final,False,12,21,1204619,1,0
mcts_distilled_final,False,10,21,1204620,0,0
mcts_distilled_final,False,12,21,1204621,1,0
mcts_distilled_final,False,14,21,1204622,1,1
mcts_distilled_final,False,14,21,1204623,1,1
mcts_distilled_final,False,12,21,1204624,1,0
mcts_distilled_final,False,12,21,1204625,1,0
mcts_distilled_final,False,14,21,1204626,1,1
mcts_distilled_final,False,14,21,1204627,1,1
mcts_distilled_final,False,8,21,1204628,0,0
mcts_distilled_final,False,12,21,1204629,1,0
mcts_distilled_final,False,10,21,1204630,0,0
mcts_distilled_final,False,12,21,1204631,1,0
mcts_distilled_final,False,4,21,1204632,0,0
mcts_distilled_final,False,10,21,1204633,0,0
mcts_distilled_final,False,12,21,1204634,1,0
mcts_distilled_final,False,12,21,1204635,1,0
mcts_distilled_final,False,16,21,1204636,1,1
mcts_distilled_final,False,12,21,1204637,1,0
mcts_distilled_final,False,10,21,1204638,0,0
mcts_distilled_final,False,14,21,1204639,1,1
mcts_distilled_final,False,12,21,1204640,1,0
mcts_distilled_final,False,10,21,1204641,0,0
mcts_distilled_final,False,14,21,1204642,1,1
mcts_distilled_final,False,16,21,1204643,1,1
mcts_distilled_final,False,10,21,1204644,0,0
mcts_distilled_final,False,14,21,1204645,1,1
mcts_distilled_final,False,8,21,1204646,0,0
mcts_distilled_final,False,14,21,1204647,1,1
mcts_distilled_final,False,8,21,1204648,0,0
mcts_distilled_final,False,10,21,1204649,0,0
mcts_distilled_final,False,10,21,1204650,0,0
mcts_distilled_final,False,10,21,1204651,0,0
mcts_distilled_final,False,12,21,1204652,1,0
mcts_distilled_final,False,10,21,1204653,0,0
mcts_distilled_final,False,10,21,1204654,0,0
mcts_distilled_final,False,14,21,1204655,1,1
mcts_distilled_final,False,8,21,1204656,0,0
mcts_distilled_final,False,10,21,1204657,0,0
mcts_distilled_final,False,14,21,1204658,1,1
mcts_distilled_final,False,18,21,1204659,1,1
mcts_distilled_final,False,14,21,1204660,1,1
mcts_distilled_final,False,14,21,1204661,1,1
mcts_distilled_final,False,10,21,1204662,0,0
mcts_distilled_final,False,14,21,1204663,1,1
mcts_distilled_final,False,12,21,1204664,1,0
mcts_distilled_final,False,12,21,1204665,1,0
mcts_distilled_final,False,8,21,1204666,0,0
mcts_distilled_final,False,14,21,1204667,1,1
mcts_distilled_final,False,6,21,1204668,0,0
mcts_distilled_final,False,16,21,1204669,1,1
mcts_distilled_final,False,14,21,1204670,1,1
mcts_distilled_final,False,14,21,1204671,1,1
mcts_distilled_final,False,10,21,1204672,0,0
mcts_distilled_final,False,14,21,1204673,1,1
mcts_distilled_final,False,14,21,1204674,1,1
mcts_distilled_final,False,16,21,1204675,1,1
mcts_distilled_final,False,8,21,1204676,0,0
mcts_distilled_final,False,14,21,1204677,1,1
mcts_distilled_final,False,9,21,1204678,0,0
mcts_distilled_final,False,8,21,1204679,0,0
mcts_distilled_final,False,12,21,1204680,1,0
mcts_distilled_final,False,12,21,1204681,1,0
mcts_distilled_final,False,12,21,1204682,1,0
mcts_distilled_final,False,8,21,1204683,0,0
mcts_distilled_final,False,14,21,1204684,1,1
mcts_distilled_final,False,10,21,1204685,0,0
mcts_distilled_final,False,10,21,1204686,0,0
mcts_distilled_final,False,12,21,1204687,1,0
mcts_distilled_final,False,10,21,1204688,0,0
mcts_distilled_final,False,12,21,1204689,1,0
mcts_distilled_final,False,12,21,1204690,1,0
mcts_distilled_final,False,8,21,1204691,0,0
mcts_distilled_final,False,10,21,1204692,0,0
mcts_distilled_final,False,8,21,1204693,0,0
mcts_distilled_final,False,12,21,1204694,1,0
mcts_distilled_final,False,10,21,1204695,0,0
mcts_distilled_final,False,12,21,1204696,1,0
mcts_distilled_final,False,18,21,1204697,1,1
mcts_distilled_final,False,10,21,1204698,0,0
mcts_distilled_final,False,10,21,1204699,0,0
mcts_distilled_final,False,8,21,1204700,0,0
mcts_distilled_final,False,10,21,1204701,0,0
mcts_distilled_final,False,12,21,1204702,1,0
mcts_distilled_final,False,6,21,1204703,0,0
mcts_distilled_final,False,12,21,1204704,1,0
mcts_distilled_final,False,12,21,1204705,1,0
mcts_distilled_final,False,10,21,1204706,0,0
mcts_distilled_final,False,14,21,1204707,1,1
mcts_distilled_final,False,12,21,1204708,1,0
mcts_distilled_final,False,14,21,1204709,1,1
mcts_distilled_final,False,12,21,1204710,1,0
mcts_distilled_final,False,12,21,1204711,1,0
mcts_distilled_final,False,12,21,1204712,1,0
mcts_distilled_final,False,8,21,1204713,0,0
mcts_distilled_final,False,14,21,1204714,1,1
mcts_distilled_final,False,8,21,1204715,0,0
mcts_distilled_final,False,14,21,1204716,1,1
mcts_distilled_final,False,12,21,1204717,1,0
mcts_distilled_final,False,14,21,1204718,1,1
mcts_distilled_final,False,12,21,1204719,1,0
mcts_distilled_final,False,12,21,1204720,1,0
mcts_distilled_final,False,6,21,1204721,0,0
mcts_distilled_final,False,12,21,1204722,1,0
mcts_distilled_final,False,10,21,1204723,0,0
mcts_distilled_final,False,14,21,1204724,1,1
mcts_distilled_final,False,14,21,1204725,1,1
mcts_distilled_final,False,16,21,1204726,1,1
mcts_distilled_final,False,12,21,1204727,1,0
mcts_distilled_final,False,12,21,1204728,1,0
mcts_distilled_final,False,6,21,1204729,0,0
mcts_distilled_final,True,0,21,1204730,0,0
mcts_distilled_final,False,10,21,1204731,0,0
mcts_distilled_final,False,12,21,1204732,1,0
mcts_distilled_final,False,12,21,1204733,1,0
mcts_distilled_final,False,16,21,1204734,1,1
mcts_distilled_final,False,10,21,1204735,0,0
mcts_distilled_final,False,14,21,1204736,1,1
mcts_distilled_final,False,16,21,1204737,1,1
mcts_distilled_final,False,10,21,1204738,0,0
mcts_distilled_final,False,14,21,1204739,1,1
mcts_distilled_final,False,12,21,1204740,1,0
mcts_distilled_final,False,12,21,1204741,1,0
mcts_distilled_final,False,6,21,1204742,0,0
mcts_distilled_final,False,10,21,1204743,0,0
mcts_distilled_final,False,16,21,1204744,1,1
mcts_distilled_final,False,10,21,1204745,0,0
mcts_distilled_final,False,6,21,1204746,0,0
mcts_distilled_final,False,16,21,1204747,1,1
mcts_distilled_final,False,12,21,1204748,1,0
mcts_distilled_final,False,12,21,1204749,1,0
mcts_distilled_final,False,8,21,1204750,0,0
mcts_distilled_final,False,14,21,1204751,1,1
mcts_distilled_final,False,8,21,1204752,0,0
mcts_distilled_final,False,10,21,1204753,0,0
mcts_distilled_final,False,6,21,1204754,0,0
mcts_distilled_final,False,16,21,1204755,1,1
mcts_distilled_final,False,14,21,1204756,1,1
mcts_distilled_final,False,10,21,1204757,0,0
mcts_distilled_final,False,14,21,1204758,1,1
mcts_distilled_final,False,8,21,1204759,0,0
mcts_distilled_final,False,12,21,1204760,1,0
mcts_distilled_final,False,12,21,1204761,1,0
mcts_distilled_final,False,8,21,1204762,0,0
mcts_distilled_final,False,14,21,1204763,1,1
mcts_distilled_final,False,14,21,1204764,1,1
mcts_distilled_final,False,12,21,1204765,1,0
mcts_distilled_final,False,12,21,1204766,1,0
mcts_distilled_final,False,16,21,1204767,1,1
mcts_distilled_final,False,12,21,1204768,1,0
mcts_distilled_final,False,12,21,1204769,1,0
mcts_distilled_final,False,16,21,1204770,1,1
mcts_distilled_final,False,14,21,1204771,1,1
mcts_distilled_final,False,8,21,1204772,0,0
mcts_distilled_final,False,10,21,1204773,0,0
mcts_distilled_final,False,16,21,1204774,1,1
mcts_distilled_final,False,12,21,1204775,1,0
mcts_distilled_final,False,14,21,1204776,1,1
mcts_distilled_final,False,8,21,1204777,0,0
mcts_distilled_final,False,12,21,1204778,1,0
mcts_distilled_final,False,12,21,1204779,1,0
mcts_distilled_final,False,12,21,1204780,1,0
mcts_distilled_final,False,14,21,1204781,1,1
mcts_distilled_final,False,8,21,1204782,0,0
mcts_distilled_final,False,10,21,1204783,0,0
mcts_distilled_final,False,16,21,1204784,1,1
mcts_distilled_final,False,10,21,1204785,0,0
mcts_distilled_final,False,14,21,1204786,1,1
mcts_distilled_final,False,10,21,1204787,0,0
mcts_distilled_final,False,12,21,1204788,1,0
mcts_distilled_final,False,10,21,1204789,0,0
mcts_distilled_final,False,12,21,1204790,1,0
mcts_distilled_final,False,12,21,1204791,1,0
mcts_distilled_final,False,6,21,1204792,0,0
mcts_distilled_final,False,8,21,1204793,0,0
mcts_distilled_final,False,16,21,1204794,1,1
mcts_distilled_final,False,14,21,1204795,1,1
mcts_distilled_final,False,14,21,1204796,1,1
mcts_distilled_final,False,16,21,1204797,1,1
mcts_distilled_final,False,12,21,1204798,1,0
mcts_distilled_final,False,12,21,1204799,1,0
mcts_distilled_final,False,10,21,1204800,0,0
mcts_distilled_final,False,12,21,1204801,1,0
mcts_distilled_final,False,10,21,1204802,0,0
mcts_distilled_final,False,14,21,1204803,1,1
mcts_distilled_final,False,10,21,1204804,0,0
mcts_distilled_final,False,12,21,1204805,1,0
mcts_distilled_final,False,8,21,1204806,0,0
mcts_distilled_final,False,12,21,1204807,1,0
mcts_distilled_final,False,12,21,1204808,1,0
mcts_distilled_final,False,12,21,1204809,1,0
mcts_distilled_final,False,12,21,1204810,1,0
mcts_distilled_final,False,6,21,1204811,0,0
mcts_distilled_final,False,12,21,1204812,1,0
mcts_distilled_final,False,14,21,1204813,1,1
mcts_distilled_final,False,8,21,1204814,0,0
mcts_distilled_final,False,14,21,1204815,1,1
mcts_distilled_final,False,12,21,1204816,1,0
mcts_distilled_final,False,16,21,1204817,1,1
mcts_distilled_final,False,12,21,1204818,1,0
mcts_distilled_final,False,8,21,1204819,0,0
mcts_distilled_final,False,12,21,1204820,1,0
mcts_distilled_final,False,10,21,1204821,0,0
mcts_distilled_final,False,14,21,1204822,1,1
mcts_distilled_final,False,8,21,1204823,0,0
mcts_distilled_final,False,8,21,1204824,0,0
mcts_distilled_final,False,12,21,1204825,1,0
mcts_distilled_final,False,8,21,1204826,0,0
mcts_distilled_final,False,12,21,1204827,1,0
mcts_distilled_final,False,10,21,1204828,0,0
mcts_distilled_final,False,12,21,1204829,1,0
mcts_distilled_final,False,10,21,1204830,0,0
mcts_distilled_final,False,14,21,1204831,1,1
mcts_distilled_final,False,16,21,1204832,1,1
mcts_distilled_final,False,14,21,1204833,1,1
mcts_distilled_final,False,12,21,1204834,1,0
mcts_distilled_final,False,10,21,1204835,0,0
mcts_distilled_final,False,12,21,1204836,1,0
mcts_distilled_final,False,6,21,1204837,0,0
mcts_distilled_final,False,14,21,1204838,1,1
mcts_distilled_final,False,14,21,1204839,1,1
mcts_distilled_final,False,14,21,1204840,1,1
mcts_distilled_final,False,10,21,1204841,0,0
mcts_distilled_final,False,14,21,1204842,1,1
mcts_distilled_final,False,14,21,1204843,1,1
mcts_distilled_final,False,12,21,1204844,1,0
mcts_distilled_final,False,10,21,1204845,0,0
mcts_distilled_final,False,16,21,1204846,1,1
mcts_distilled_final,False,16,21,1204847,1,1
mcts_distilled_final,False,6,21,1204848,0,0
mcts_distilled_final,False,12,21,1204849,1,0
mcts_distilled_final,False,16,21,1204850,1,1
mcts_distilled_final,False,8,21,1204851,0,0
mcts_distilled_final,False,16,21,1204852,1,1
mcts_distilled_final,False,12,21,1204853,1,0
mcts_distilled_final,False,12,21,1204854,1,0
mcts_distilled_final,False,12,21,1204855,1,0
mcts_distilled_final,False,10,21,1204856,0,0
mcts_distilled_final,False,10,21,1204857,0,0
mcts_distilled_final,False,14,21,1204858,1,1
mcts_distilled_final,False,6,21,1204859,0,0
mcts_distilled_final,False,12,21,1204860,1,0
mcts_distilled_final,False,12,21,1204861,1,0
mcts_distilled_final,False,12,21,1204862,1,0
mcts_distilled_final,False,12,21,1204863,1,0
mcts_distilled_final,False,12,21,1204864,1,0
mcts_distilled_final,False,14,21,1204865,1,1
mcts_distilled_final,False,10,21,1204866,0,0
mcts_distilled_final,False,10,21,1204867,0,0
mcts_distilled_final,False,8,21,1204868,0,0
mcts_distilled_final,False,18,21,1204869,1,1
mcts_distilled_final,False,10,21,1204870,0,0
mcts_distilled_final,False,8,21,1204871,0,0
mcts_distilled_final,False,10,21,1204872,0,0
mcts_distilled_final,False,14,21,1204873,1,1
mcts_distilled_final,False,12,21,1204874,1,0
mcts_distilled_final,False,12,21,1204875,1,0
mcts_distilled_final,False,10,21,1204876,0,0
mcts_distilled_final,False,10,21,1204877,0,0
mcts_distilled_final,False,10,21,1204878,0,0
mcts_distilled_final,False,12,21,1204879,1,0
mcts_distilled_final,False,6,21,1204880,0,0
mcts_distilled_final,False,12,21,1204881,1,0
mcts_distilled_final,False,12,21,1204882,1,0
mcts_distilled_final,False,12,21,1204883,1,0
mcts_distilled_final,False,12,21,1204884,1,0
mcts_distilled_final,False,8,21,1204885,0,0
mcts_distilled_final,False,10,21,1204886,0,0
mcts_distilled_final,False,16,21,1204887,1,1
mcts_distilled_final,False,14,21,1204888,1,1
mcts_distilled_final,False,8,21,1204889,0,0
mcts_distilled_final,False,12,21,1204890,1,0
mcts_distilled_final,False,14,21,1204891,1,1
mcts_distilled_final,False,6,21,1204892,0,0
mcts_distilled_final,False,12,21,1204893,1,0
mcts_distilled_final,False,10,21,1204894,0,0
mcts_distilled_final,False,12,21,1204895,1,0
mcts_distilled_final,False,14,21,1204896,1,1
mcts_distilled_final,False,12,21,1204897,1,0
mcts_distilled_final,False,14,21,1204898,1,1
mcts_distilled_final,False,14,21,1204899,1,1
mcts_distilled_final,False,10,21,1204900,0,0
mcts_distilled_final,False,14,21,1204901,1,1
mcts_distilled_final,False,10,21,1204902,0,0
mcts_distilled_final,False,8,21,1204903,0,0
mcts_distilled_final,False,10,21,1204904,0,0
mcts_distilled_final,False,12,21,1204905,1,0
mcts_distilled_final,False,12,21,1204906,1,0
mcts_distilled_final,False,10,21,1204907,0,0
mcts_distilled_final,False,8,21,1204908,0,0
mcts_distilled_final,False,14,21,1204909,1,1
mcts_distilled_final,False,8,21,1204910,0,0
mcts_distilled_final,False,12,21,1204911,1,0
mcts_distilled_final,False,6,21,1204912,0,0
mcts_distilled_final,False,16,21,1204913,1,1
mcts_distilled_final,False,12,21,1204914,1,0
mcts_distilled_final,False,8,21,1204915,0,0
mcts_distilled_final,False,14,21,1204916,1,1
mcts_distilled_final,False,14,21,1204917,1,1
mcts_distilled_final,False,12,21,1204918,1,0
mcts_distilled_final,False,16,21,1204919,1,1
mcts_distilled_final,False,8,21,1204920,0,0
mcts_distilled_final,False,10,21,1204921,0,0
mcts_distilled_final,False,14,21,1204922,1,1
mcts_distilled_final,False,12,21,1204923,1,0
mcts_distilled_final,False,6,21,1204924,0,0
mcts_distilled_final,False,16,21,1204925,1,1
mcts_distilled_final,False,10,21,1204926,0,0
mcts_distilled_final,False,10,21,1204927,0,0
mcts_distilled_final,False,14,21,1204928,1,1
mcts_distilled_final,False,14,21,1204929,1,1
mcts_distilled_final,False,8,21,1204930,0,0
mcts_distilled_final,False,14,21,1204931,1,1
mcts_distilled_final,False,14,21,1204932,1,1
mcts_distilled_final,False,14,21,1204933,1,1
mcts_distilled_final,False,12,21,1204934,1,0
mcts_distilled_final,False,12,21,1204935,1,0
mcts_distilled_final,False,10,21,1204936,0,0
mcts_distilled_final,False,10,21,1204937,0,0
mcts_distilled_final,False,12,21,1204938,1,0
mcts_distilled_final,False,12,21,1204939,1,0
mcts_distilled_final,False,14,21,1204940,1,1
mcts_distilled_final,False,14,21,1204941,1,1
mcts_distilled_final,False,10,21,1204942,0,0
mcts_distilled_final,False,14,21,1204943,1,1
mcts_distilled_final,False,8,21,1204944,0,0
mcts_distilled_final,False,12,21,1204945,1,0
mcts_distilled_final,False,14,21,1204946,1,1
mcts_distilled_final,False,10,21,1204947,0,0
mcts_distilled_final,False,14,21,1204948,1,1
mcts_distilled_final,False,10,21,1204949,0,0
mcts_distilled_final,False,12,21,1204950,1,0
mcts_distilled_final,False,14,21,1204951,1,1
mcts_distilled_final,False,12,21,1204952,1,0
mcts_distilled_final,False,14,21,1204953,1,1
mcts_distilled_final,False,12,21,1204954,1,0
mcts_distilled_final,False,8,21,1204955,0,0
mcts_distilled_final,False,8,21,1204956,0,0
mcts_distilled_final,False,10,21,1204957,0,0
mcts_distilled_final,False,10,21,1204958,0,0
mcts_distilled_final,False,10,21,1204959,0,0
mcts_distilled_final,False,12,21,1204960,1,0
mcts_distilled_final,False,14,21,1204961,1,1
mcts_distilled_final,False,10,21,1204962,0,0
mcts_distilled_final,False,12,21,1204963,1,0
mcts_distilled_final,False,16,21,1204964,1,1
mcts_distilled_final,False,14,21,1204965,1,1
mcts_distilled_final,False,16,21,1204966,1,1
mcts_distilled_final,False,12,21,1204967,1,0
mcts_distilled_final,False,12,21,1204968,1,0
mcts_distilled_final,False,14,21,1204969,1,1
mcts_distilled_final,False,12,21,1204970,1,0
mcts_distilled_final,False,10,21,1204971,0,0
mcts_distilled_final,False,12,21,1204972,1,0
mcts_distilled_final,False,14,21,1204973,1,1
mcts_distilled_final,False,10,21,1204974,0,0
mcts_distilled_final,False,16,21,1204975,1,1
mcts_distilled_final,False,12,21,1204976,1,0
mcts_distilled_final,False,12,21,1204977,1,0
mcts_distilled_final,False,10,21,1204978,0,0
mcts_distilled_final,False,14,21,1204979,1,1
mcts_distilled_final,False,12,21,1204980,1,0
mcts_distilled_final,False,12,21,1204981,1,0
mcts_distilled_final,False,14,21,1204982,1,1
mcts_distilled_final,False,12,21,1204983,1,0
mcts_distilled_final,False,6,21,1204984,0,0
mcts_distilled_final,False,12,21,1204985,1,0
mcts_distilled_final,False,12,21,1204986,1,0
mcts_distilled_final,False,14,21,1204987,1,1
mcts_distilled_final,False,14,21,1204988,1,1
mcts_distilled_final,False,14,21,1204989,1,1
mcts_distilled_final,False,8,21,1204990,0,0
mcts_distilled_final,False,12,21,1204991,1,0
mcts_distilled_final,True,0,21,1204992,0,0
mcts_distilled_final,False,12,21,1204993,1,0
mcts_distilled_final,False,12,21,1204994,1,0
mcts_distilled_final,False,10,21,1204995,0,0
mcts_distilled_final,False,12,21,1204996,1,0
mcts_distilled_final,False,12,21,1204997,1,0
mcts_distilled_final,False,10,21,1204998,0,0
mcts_distilled_final,False,10,21,1204999,0,0
